-- MySQL dump 10.13  Distrib 5.5.33, for Linux (x86_64)
--
-- Host: localhost    Database: iluisana
-- ------------------------------------------------------
-- Server version	5.5.33

/*!40101 SET @OLD_CHARACTER_SET_CLIENT=@@CHARACTER_SET_CLIENT */;
/*!40101 SET @OLD_CHARACTER_SET_RESULTS=@@CHARACTER_SET_RESULTS */;
/*!40101 SET @OLD_COLLATION_CONNECTION=@@COLLATION_CONNECTION */;
/*!40101 SET NAMES utf8 */;
/*!40103 SET @OLD_TIME_ZONE=@@TIME_ZONE */;
/*!40103 SET TIME_ZONE='+00:00' */;
/*!40014 SET @OLD_UNIQUE_CHECKS=@@UNIQUE_CHECKS, UNIQUE_CHECKS=0 */;
/*!40014 SET @OLD_FOREIGN_KEY_CHECKS=@@FOREIGN_KEY_CHECKS, FOREIGN_KEY_CHECKS=0 */;
/*!40101 SET @OLD_SQL_MODE=@@SQL_MODE, SQL_MODE='NO_AUTO_VALUE_ON_ZERO' */;
/*!40111 SET @OLD_SQL_NOTES=@@SQL_NOTES, SQL_NOTES=0 */;

--
-- Table structure for table `aplicaciones`
--

DROP TABLE IF EXISTS `aplicaciones`;
/*!40101 SET @saved_cs_client     = @@character_set_client */;
/*!40101 SET character_set_client = utf8 */;
CREATE TABLE `aplicaciones` (
  `id` int(10) unsigned NOT NULL AUTO_INCREMENT,
  `codigo` char(2) COLLATE utf8_unicode_ci DEFAULT NULL,
  `nombre` varchar(40) COLLATE utf8_unicode_ci NOT NULL,
  `serial` char(48) COLLATE utf8_unicode_ci NOT NULL,
  `tipo` char(1) COLLATE utf8_unicode_ci DEFAULT 'F',
  `instalada` char(1) COLLATE utf8_unicode_ci NOT NULL,
  PRIMARY KEY (`id`)
) ENGINE=InnoDB AUTO_INCREMENT=9 DEFAULT CHARSET=utf8 COLLATE=utf8_unicode_ci;
/*!40101 SET character_set_client = @saved_cs_client */;

--
-- Dumping data for table `aplicaciones`
--

LOCK TABLES `aplicaciones` WRITE;
/*!40000 ALTER TABLE `aplicaciones` DISABLE KEYS */;
INSERT INTO `aplicaciones` VALUES (1,'CO','Contabilidad','','B','S'),(2,'IN','Inventarios','','B','S'),(3,'NO','Nomina','','B','N'),(4,'FO','Front-Office','','F','N'),(5,'PV','Punto de Venta','','F','N'),(6,'IM','Administracion','','B','S'),(7,'FC','Facturador','','B','N'),(8,'TC','Tiempo Compartido','','B','S');
/*!40000 ALTER TABLE `aplicaciones` ENABLE KEYS */;
UNLOCK TABLES;

--
-- Table structure for table `aplicativos`
--

DROP TABLE IF EXISTS `aplicativos`;
/*!40101 SET @saved_cs_client     = @@character_set_client */;
/*!40101 SET character_set_client = utf8 */;
CREATE TABLE `aplicativos` (
  `id` int(10) unsigned NOT NULL AUTO_INCREMENT,
  `nombre` varchar(40) COLLATE utf8_unicode_ci NOT NULL,
  `serial` char(48) COLLATE utf8_unicode_ci NOT NULL,
  PRIMARY KEY (`id`)
) ENGINE=InnoDB AUTO_INCREMENT=6 DEFAULT CHARSET=utf8 COLLATE=utf8_unicode_ci;
/*!40101 SET character_set_client = @saved_cs_client */;

--
-- Dumping data for table `aplicativos`
--

LOCK TABLES `aplicativos` WRITE;
/*!40000 ALTER TABLE `aplicativos` DISABLE KEYS */;
INSERT INTO `aplicativos` VALUES (1,'Contabilidad',''),(2,'Inventarios',''),(3,'Nomina',''),(4,'Front-Office',''),(5,'Punto de Venta','');
/*!40000 ALTER TABLE `aplicativos` ENABLE KEYS */;
UNLOCK TABLES;

--
-- Table structure for table `perfiles`
--

DROP TABLE IF EXISTS `perfiles`;
/*!40101 SET @saved_cs_client     = @@character_set_client */;
/*!40101 SET character_set_client = utf8 */;
CREATE TABLE `perfiles` (
  `id` int(10) unsigned NOT NULL AUTO_INCREMENT,
  `nombre` varchar(70) COLLATE utf8_unicode_ci NOT NULL,
  `aplicaciones_id` int(11) NOT NULL,
  PRIMARY KEY (`id`)
) ENGINE=InnoDB AUTO_INCREMENT=11 DEFAULT CHARSET=utf8 COLLATE=utf8_unicode_ci;
/*!40101 SET character_set_client = @saved_cs_client */;

--
-- Dumping data for table `perfiles`
--

LOCK TABLES `perfiles` WRITE;
/*!40000 ALTER TABLE `perfiles` DISABLE KEYS */;
INSERT INTO `perfiles` VALUES (1,'Administrador Contable',1),(2,'Administrador Inventarios',2),(3,'Administrador del Sistema',6),(4,'Administrador Nomina',3),(5,'Auxiliar Contable',1),(6,'Administrador Front',4),(7,'Administrador del Facturador',7),(8,'Administrador Tiempo Compartido',8),(9,'Requisiciones',2),(10,'reembolsos',1);
/*!40000 ALTER TABLE `perfiles` ENABLE KEYS */;
UNLOCK TABLES;

--
-- Table structure for table `perfiles_permisos`
--

DROP TABLE IF EXISTS `perfiles_permisos`;
/*!40101 SET @saved_cs_client     = @@character_set_client */;
/*!40101 SET character_set_client = utf8 */;
CREATE TABLE `perfiles_permisos` (
  `id` int(10) unsigned NOT NULL AUTO_INCREMENT,
  `perfiles_id` int(10) unsigned NOT NULL,
  `permisos_id` int(10) unsigned DEFAULT NULL,
  `aplicaciones_id` int(10) unsigned NOT NULL,
  `controller` varchar(100) COLLATE utf8_unicode_ci NOT NULL,
  `action` varchar(100) COLLATE utf8_unicode_ci NOT NULL,
  PRIMARY KEY (`id`),
  UNIQUE KEY `perfiles_id` (`perfiles_id`,`permisos_id`),
  KEY `aplicaciones_id` (`aplicaciones_id`),
  CONSTRAINT `perfiles_permisos_ibfk_1` FOREIGN KEY (`aplicaciones_id`) REFERENCES `aplicaciones` (`id`)
) ENGINE=InnoDB AUTO_INCREMENT=8681 DEFAULT CHARSET=utf8 COLLATE=utf8_unicode_ci;
/*!40101 SET character_set_client = @saved_cs_client */;

--
-- Dumping data for table `perfiles_permisos`
--

LOCK TABLES `perfiles_permisos` WRITE;
/*!40000 ALTER TABLE `perfiles_permisos` DISABLE KEYS */;
INSERT INTO `perfiles_permisos` VALUES (369,1,NULL,2,'ordenes','new'),(370,1,NULL,2,'ordenes','edit'),(371,1,NULL,2,'ordenes','search'),(5487,6,NULL,4,'departamentos','index'),(5488,6,NULL,4,'departamentos','save'),(5489,6,NULL,4,'departamentos','delete'),(5490,6,NULL,4,'departamentos','search'),(5491,6,NULL,4,'departamentos','rcs'),(5894,4,NULL,3,'liquidacion','index'),(5895,4,NULL,3,'empleados','index'),(5896,4,NULL,3,'empleados','save'),(5897,4,NULL,3,'empleados','delete'),(5898,4,NULL,3,'empleados','search'),(5899,4,NULL,3,'empleados','rcs'),(5900,4,NULL,3,'contratos','index'),(5901,4,NULL,3,'contratos','save'),(5902,4,NULL,3,'contratos','delete'),(5903,4,NULL,3,'contratos','search'),(5904,4,NULL,3,'contratos','rcs'),(5905,4,NULL,3,'cargos','index'),(5906,4,NULL,3,'cargos','save'),(5907,4,NULL,3,'cargos','delete'),(5908,4,NULL,3,'cargos','search'),(5909,4,NULL,3,'cargos','rcs'),(5910,4,NULL,3,'ubicacion','index'),(5911,4,NULL,3,'ubicacion','save'),(5912,4,NULL,3,'ubicacion','delete'),(5913,4,NULL,3,'ubicacion','search'),(5914,4,NULL,3,'ubicacion','rcs'),(5915,4,NULL,3,'fondos','index'),(5916,4,NULL,3,'fondos','save'),(5917,4,NULL,3,'fondos','delete'),(5918,4,NULL,3,'fondos','search'),(5919,4,NULL,3,'fondos','rcs'),(5920,4,NULL,3,'conceptos_basicos','index'),(5921,4,NULL,3,'conceptos_basicos','save'),(5922,4,NULL,3,'conceptos_basicos','delete'),(5923,4,NULL,3,'conceptos_basicos','search'),(5924,4,NULL,3,'conceptos_basicos','rcs'),(5925,4,NULL,3,'conceptos_devengos','index'),(5926,4,NULL,3,'conceptos_devengos','save'),(5927,4,NULL,3,'conceptos_devengos','delete'),(5928,4,NULL,3,'conceptos_devengos','search'),(5929,4,NULL,3,'conceptos_devengos','rcs'),(5930,4,NULL,3,'conceptos_descuentos','index'),(5931,4,NULL,3,'conceptos_descuentos','save'),(5932,4,NULL,3,'conceptos_descuentos','delete'),(5933,4,NULL,3,'conceptos_descuentos','search'),(5934,4,NULL,3,'conceptos_descuentos','rcs'),(5935,4,NULL,3,'conceptos_licencias','index'),(5936,4,NULL,3,'conceptos_licencias','save'),(5937,4,NULL,3,'conceptos_licencias','delete'),(5938,4,NULL,3,'conceptos_licencias','search'),(5939,4,NULL,3,'conceptos_licencias','rcs'),(5940,4,NULL,3,'retencion','index'),(5941,4,NULL,3,'retencion','save'),(5942,4,NULL,3,'retencion','delete'),(5943,4,NULL,3,'retencion','search'),(5944,4,NULL,3,'retencion','rcs'),(5945,4,NULL,3,'concentro','index'),(5946,4,NULL,3,'concentro','save'),(5947,4,NULL,3,'concentro','delete'),(5948,4,NULL,3,'concentro','search'),(5949,4,NULL,3,'concentro','rcs'),(5950,4,NULL,3,'settings','index'),(5951,4,NULL,3,'settings','save'),(5952,7,NULL,7,'facturas','index'),(5953,7,NULL,7,'consecutivos','index'),(5954,7,NULL,7,'consecutivos','save'),(5955,7,NULL,7,'consecutivos','delete'),(5956,7,NULL,7,'consecutivos','search'),(5957,7,NULL,7,'consecutivos','rcs'),(5958,7,NULL,7,'settings','index'),(5959,7,NULL,7,'settings','save'),(6311,8,NULL,8,'reservas','index'),(6312,8,NULL,8,'reservas','save'),(6313,8,NULL,8,'reservas','delete'),(6314,8,NULL,8,'reservas','search'),(6315,8,NULL,8,'reservas','rcs'),(6316,8,NULL,8,'empresa','index'),(6317,8,NULL,8,'empresa','save'),(6318,8,NULL,8,'empresa','delete'),(6319,8,NULL,8,'empresa','search'),(6320,8,NULL,8,'empresa','rcs'),(6321,8,NULL,8,'cuentas','index'),(6322,8,NULL,8,'cuentas','save'),(6323,8,NULL,8,'cuentas','delete'),(6324,8,NULL,8,'cuentas','search'),(6325,8,NULL,8,'cuentas','rcs'),(6326,8,NULL,8,'tipo_contrato','index'),(6327,8,NULL,8,'tipo_contrato','save'),(6328,8,NULL,8,'tipo_contrato','delete'),(6329,8,NULL,8,'tipo_contrato','search'),(6330,8,NULL,8,'tipo_contrato','rcs'),(6331,8,NULL,8,'interes_usura','index'),(6332,8,NULL,8,'interes_usura','save'),(6333,8,NULL,8,'interes_usura','delete'),(6334,8,NULL,8,'interes_usura','search'),(6335,8,NULL,8,'interes_usura','rcs'),(6336,8,NULL,8,'estado_civil','index'),(6337,8,NULL,8,'estado_civil','save'),(6338,8,NULL,8,'estado_civil','delete'),(6339,8,NULL,8,'estado_civil','search'),(6340,8,NULL,8,'estado_civil','rcs'),(6341,8,NULL,8,'tipo_documento','index'),(6342,8,NULL,8,'tipo_documento','save'),(6343,8,NULL,8,'tipo_documento','delete'),(6344,8,NULL,8,'tipo_documento','search'),(6345,8,NULL,8,'tipo_documento','rcs'),(6346,8,NULL,8,'profesion','index'),(6347,8,NULL,8,'profesion','save'),(6348,8,NULL,8,'profesion','delete'),(6349,8,NULL,8,'profesion','search'),(6350,8,NULL,8,'profesion','rcs'),(6351,8,NULL,8,'membresia','index'),(6352,8,NULL,8,'membresia','save'),(6353,8,NULL,8,'membresia','delete'),(6354,8,NULL,8,'membresia','search'),(6355,8,NULL,8,'membresia','rcs'),(6356,8,NULL,8,'tipo_socios','index'),(6357,8,NULL,8,'tipo_socios','save'),(6358,8,NULL,8,'tipo_socios','delete'),(6359,8,NULL,8,'tipo_socios','search'),(6360,8,NULL,8,'tipo_socios','rcs'),(6361,8,NULL,8,'temporada','index'),(6362,8,NULL,8,'temporada','save'),(6363,8,NULL,8,'temporada','delete'),(6364,8,NULL,8,'temporada','search'),(6365,8,NULL,8,'temporada','rcs'),(6366,8,NULL,8,'premio','index'),(6367,8,NULL,8,'premio','save'),(6368,8,NULL,8,'premio','delete'),(6369,8,NULL,8,'premio','search'),(6370,8,NULL,8,'premio','rcs'),(6718,3,NULL,6,'usuarios','index'),(6719,3,NULL,6,'usuarios','save'),(6720,3,NULL,6,'usuarios','delete'),(6721,3,NULL,6,'usuarios','search'),(6722,3,NULL,6,'usuarios','rcs'),(6723,3,NULL,6,'usuarios','config'),(6724,3,NULL,6,'sucursal','index'),(6725,3,NULL,6,'sucursal','save'),(6726,3,NULL,6,'sucursal','delete'),(6727,3,NULL,6,'sucursal','search'),(6728,3,NULL,6,'sucursal','rcs'),(6729,3,NULL,6,'perfiles','index'),(6730,3,NULL,6,'perfiles','save'),(6731,3,NULL,6,'perfiles','delete'),(6732,3,NULL,6,'perfiles','search'),(6733,3,NULL,6,'perfiles','rcs'),(6734,3,NULL,6,'perfiles_usuarios','index'),(6735,3,NULL,6,'perfiles_usuarios','save'),(6736,3,NULL,6,'perfiles_usuarios','delete'),(6737,3,NULL,6,'perfiles_usuarios','search'),(6738,3,NULL,6,'perfiles_usuarios','rcs'),(6739,3,NULL,6,'permisos_perfiles','index'),(6740,3,NULL,6,'permisos_perfiles','save'),(6741,3,NULL,6,'permisos_perfiles','delete'),(6742,3,NULL,6,'permisos_perfiles','search'),(6743,3,NULL,6,'permisos_perfiles','rcs'),(6744,3,NULL,6,'permisos_comprob','index'),(6745,3,NULL,6,'permisos_centros','index'),(6746,3,NULL,6,'magenta','index'),(6747,3,NULL,6,'console','index'),(7167,9,NULL,2,'pedidos','index'),(7168,9,NULL,2,'pedidos','new'),(7169,9,NULL,2,'pedidos','edit'),(7170,9,NULL,2,'pedidos','delete'),(7171,9,NULL,2,'pedidos','search'),(7172,9,NULL,2,'pedidos','report'),(7173,9,NULL,2,'referencias','index'),(7174,9,NULL,2,'referencias','search'),(7175,9,NULL,2,'referencias','report'),(7176,9,NULL,2,'almacenes','index'),(7177,9,NULL,2,'almacenes','search'),(7178,9,NULL,2,'almacenes','report'),(7179,9,NULL,2,'terceros','index'),(7180,9,NULL,2,'terceros','search'),(7181,9,NULL,2,'terceros','report'),(7235,10,NULL,1,'movimiento','index'),(7236,10,NULL,1,'movimiento','buscar'),(7237,10,NULL,1,'movimiento','guardar'),(7238,10,NULL,1,'cuentas','index'),(7239,10,NULL,1,'cuentas','queryCuenta'),(7240,10,NULL,1,'terceros','index'),(7241,10,NULL,1,'terceros','save'),(7242,10,NULL,1,'comprobantes','index'),(7243,10,NULL,1,'comprobantes','save'),(7455,2,NULL,2,'ordenes','index'),(7456,2,NULL,2,'ordenes','new'),(7457,2,NULL,2,'ordenes','edit'),(7458,2,NULL,2,'ordenes','delete'),(7459,2,NULL,2,'ordenes','search'),(7460,2,NULL,2,'ordenes','report'),(7461,2,NULL,2,'ordenes','puedeReAbrir'),(7462,2,NULL,2,'entradas','index'),(7463,2,NULL,2,'entradas','new'),(7464,2,NULL,2,'entradas','edit'),(7465,2,NULL,2,'entradas','delete'),(7466,2,NULL,2,'entradas','search'),(7467,2,NULL,2,'entradas','report'),(7468,2,NULL,2,'salidas','index'),(7469,2,NULL,2,'salidas','new'),(7470,2,NULL,2,'salidas','edit'),(7471,2,NULL,2,'salidas','delete'),(7472,2,NULL,2,'salidas','search'),(7473,2,NULL,2,'salidas','report'),(7474,2,NULL,2,'ajustes','index'),(7475,2,NULL,2,'ajustes','new'),(7476,2,NULL,2,'ajustes','edit'),(7477,2,NULL,2,'ajustes','delete'),(7478,2,NULL,2,'ajustes','search'),(7479,2,NULL,2,'ajustes','report'),(7480,2,NULL,2,'traslados','index'),(7481,2,NULL,2,'traslados','new'),(7482,2,NULL,2,'traslados','edit'),(7483,2,NULL,2,'traslados','delete'),(7484,2,NULL,2,'traslados','search'),(7485,2,NULL,2,'traslados','report'),(7486,2,NULL,2,'fisico','index'),(7487,2,NULL,2,'fisico','consultar'),(7488,2,NULL,2,'salidas','index'),(7489,2,NULL,2,'salidas','new'),(7490,2,NULL,2,'salidas','edit'),(7491,2,NULL,2,'salidas','delete'),(7492,2,NULL,2,'salidas','search'),(7493,2,NULL,2,'salidas','report'),(7494,2,NULL,2,'salidas_buffet','index'),(7495,2,NULL,2,'salidas_buffet','new'),(7496,2,NULL,2,'salidas_buffet','edit'),(7497,2,NULL,2,'salidas_buffet','delete'),(7498,2,NULL,2,'salidas_buffet','search'),(7499,2,NULL,2,'salidas_buffet','report'),(7500,2,NULL,2,'pedidos','index'),(7501,2,NULL,2,'pedidos','new'),(7502,2,NULL,2,'pedidos','edit'),(7503,2,NULL,2,'pedidos','delete'),(7504,2,NULL,2,'pedidos','search'),(7505,2,NULL,2,'pedidos','report'),(7506,2,NULL,2,'transformaciones','index'),(7507,2,NULL,2,'transformaciones','new'),(7508,2,NULL,2,'transformaciones','edit'),(7509,2,NULL,2,'transformaciones','delete'),(7510,2,NULL,2,'transformaciones','search'),(7511,2,NULL,2,'transformaciones','report'),(7512,2,NULL,2,'kardex','index'),(7513,2,NULL,2,'saldos_almacen','index'),(7514,2,NULL,2,'saldos_almacen_consolidado','index'),(7515,2,NULL,2,'stocks','index'),(7516,2,NULL,2,'comportamiento','index'),(7517,2,NULL,2,'movimientos','index'),(7518,2,NULL,2,'consecutivos','index'),(7519,2,NULL,2,'trasunto','index'),(7520,2,NULL,2,'consumos','index'),(7521,2,NULL,2,'listado_referencias','index'),(7522,2,NULL,2,'listado_proveedores','index'),(7523,2,NULL,2,'horti','index'),(7524,2,NULL,2,'impresion','index'),(7525,2,NULL,2,'cerrar','index'),(7526,2,NULL,2,'reabrir','index'),(7527,2,NULL,2,'referencias','index'),(7528,2,NULL,2,'referencias','queryByItemAction'),(7529,2,NULL,2,'referencias','queryByNameAction'),(7530,2,NULL,2,'referencias','new'),(7531,2,NULL,2,'referencias','edit'),(7532,2,NULL,2,'referencias','delete'),(7533,2,NULL,2,'referencias','search'),(7534,2,NULL,2,'referencias','report'),(7535,2,NULL,2,'lineas','index'),(7536,2,NULL,2,'lineas','new'),(7537,2,NULL,2,'lineas','edit'),(7538,2,NULL,2,'lineas','delete'),(7539,2,NULL,2,'lineas','search'),(7540,2,NULL,2,'lineas','report'),(7541,2,NULL,2,'producto','index'),(7542,2,NULL,2,'producto','new'),(7543,2,NULL,2,'producto','edit'),(7544,2,NULL,2,'producto','delete'),(7545,2,NULL,2,'producto','search'),(7546,2,NULL,2,'producto','report'),(7547,2,NULL,2,'almacenes','index'),(7548,2,NULL,2,'almacenes','new'),(7549,2,NULL,2,'almacenes','edit'),(7550,2,NULL,2,'almacenes','delete'),(7551,2,NULL,2,'almacenes','search'),(7552,2,NULL,2,'almacenes','report'),(7553,2,NULL,2,'almacenes','import'),(7554,2,NULL,2,'centros','index'),(7555,2,NULL,2,'centros','new'),(7556,2,NULL,2,'centros','edit'),(7557,2,NULL,2,'centros','delete'),(7558,2,NULL,2,'centros','search'),(7559,2,NULL,2,'centros','report'),(7560,2,NULL,2,'centros','import'),(7561,2,NULL,2,'formapago','index'),(7562,2,NULL,2,'formapago','new'),(7563,2,NULL,2,'formapago','edit'),(7564,2,NULL,2,'formapago','delete'),(7565,2,NULL,2,'formapago','search'),(7566,2,NULL,2,'formapago','report'),(7567,2,NULL,2,'formapago','import'),(7568,2,NULL,2,'terceros','index'),(7569,2,NULL,2,'terceros','new'),(7570,2,NULL,2,'terceros','edit'),(7571,2,NULL,2,'terceros','delete'),(7572,2,NULL,2,'terceros','search'),(7573,2,NULL,2,'terceros','report'),(7574,2,NULL,2,'terceros','import'),(7575,2,NULL,2,'matriz_proveedores','index'),(7576,2,NULL,2,'criterios','index'),(7577,2,NULL,2,'criterios','new'),(7578,2,NULL,2,'criterios','edit'),(7579,2,NULL,2,'criterios','delete'),(7580,2,NULL,2,'criterios','search'),(7581,2,NULL,2,'criterios','report'),(7582,2,NULL,2,'criterios','import'),(7583,2,NULL,2,'unidades','index'),(7584,2,NULL,2,'unidades','new'),(7585,2,NULL,2,'unidades','edit'),(7586,2,NULL,2,'unidades','delete'),(7587,2,NULL,2,'unidades','search'),(7588,2,NULL,2,'unidades','report'),(7589,2,NULL,2,'unidades','import'),(7590,2,NULL,2,'magnitudes','index'),(7591,2,NULL,2,'magnitudes','new'),(7592,2,NULL,2,'magnitudes','edit'),(7593,2,NULL,2,'magnitudes','delete'),(7594,2,NULL,2,'magnitudes','search'),(7595,2,NULL,2,'magnitudes','report'),(7596,2,NULL,2,'magnitudes','import'),(7597,2,NULL,2,'conversion','index'),(7598,2,NULL,2,'conversion','new'),(7599,2,NULL,2,'conversion','edit'),(7600,2,NULL,2,'conversion','delete'),(7601,2,NULL,2,'conversion','search'),(7602,2,NULL,2,'conversion','report'),(7603,2,NULL,2,'conversion','import'),(7604,2,NULL,2,'cuentas','index'),(7605,2,NULL,2,'cuentas','queryCuenta'),(7606,2,NULL,2,'regimen_cuentas','index'),(7607,2,NULL,2,'regimen_cuentas','new'),(7608,2,NULL,2,'regimen_cuentas','edit'),(7609,2,NULL,2,'regimen_cuentas','delete'),(7610,2,NULL,2,'regimen_cuentas','search'),(7611,2,NULL,2,'regimen_cuentas','report'),(7612,2,NULL,2,'regimen_cuentas','import'),(7613,2,NULL,2,'consumos_internos','index'),(7614,2,NULL,2,'consumos_internos','new'),(7615,2,NULL,2,'consumos_internos','edit'),(7616,2,NULL,2,'consumos_internos','delete'),(7617,2,NULL,2,'consumos_internos','search'),(7618,2,NULL,2,'consumos_internos','report'),(7619,2,NULL,2,'retecompras','index'),(7620,2,NULL,2,'retecompras','save'),(7621,2,NULL,2,'retecompras','delete'),(7622,2,NULL,2,'retecompras','search'),(7623,2,NULL,2,'retecompras','rcs'),(7624,2,NULL,2,'settings','index'),(7625,2,NULL,2,'settings','save'),(7626,1,NULL,1,'movimiento','index'),(7627,1,NULL,1,'movimiento','buscar'),(7628,1,NULL,1,'movimiento','guardar'),(7629,1,NULL,1,'movimiento','eliminar'),(7630,1,NULL,1,'movimiento','cambiarFecha'),(7631,1,NULL,1,'movimiento','copiar'),(7632,1,NULL,1,'movimiento_niif','index'),(7633,1,NULL,1,'movimiento_niif','buscar'),(7634,1,NULL,1,'movimiento_niif','guardar'),(7635,1,NULL,1,'movimiento_niif','eliminar'),(7636,1,NULL,1,'movimiento_niif','cambiarFecha'),(7637,1,NULL,1,'movimiento_niif','copiar'),(7638,1,NULL,1,'consultas','index'),(7639,1,NULL,1,'cambio_nit','index'),(7640,1,NULL,1,'incluir','index'),(7641,1,NULL,1,'excluir','index'),(7642,1,NULL,1,'aura','index'),(7643,1,NULL,1,'aura','save'),(7644,1,NULL,1,'aura','getComprobByDate'),(7645,1,NULL,1,'balance','index'),(7646,1,NULL,1,'informe_balance_consolidado','index'),(7647,1,NULL,1,'libro_auxiliar','index'),(7648,1,NULL,1,'consecutivos','index'),(7649,1,NULL,1,'movimiento_terceros','index'),(7650,1,NULL,1,'movimiento_centros','index'),(7651,1,NULL,1,'balance_centros','index'),(7652,1,NULL,1,'comprobante_diario','index'),(7653,1,NULL,1,'listado_movimiento','index'),(7654,1,NULL,1,'listado_retencion','index'),(7655,1,NULL,1,'listado_comprob','index'),(7656,1,NULL,1,'retencion','index'),(7657,1,NULL,1,'balance_general','index'),(7658,1,NULL,1,'libro_diario','index'),(7659,1,NULL,1,'libro_mayor','index'),(7660,1,NULL,1,'libro_terceros','index'),(7661,1,NULL,1,'numeracion','index'),(7662,1,NULL,1,'certificado_retencion','index'),(7663,1,NULL,1,'certificado_ica','index'),(7664,1,NULL,1,'pyg','index'),(7665,1,NULL,1,'caratulas','index'),(7666,1,NULL,1,'movimiento_documentos','index'),(7667,1,NULL,1,'cartera_edades','index'),(7668,1,NULL,1,'corregir_cartera','index'),(7669,1,NULL,1,'activos','index'),(7670,1,NULL,1,'activos','save'),(7671,1,NULL,1,'activos','delete'),(7672,1,NULL,1,'activos','search'),(7673,1,NULL,1,'activos','rcs'),(7674,1,NULL,1,'grupos','index'),(7675,1,NULL,1,'grupos','save'),(7676,1,NULL,1,'grupos','delete'),(7677,1,NULL,1,'grupos','search'),(7678,1,NULL,1,'grupos','rcs'),(7679,1,NULL,1,'tipos_activos','index'),(7680,1,NULL,1,'tipos_activos','save'),(7681,1,NULL,1,'tipos_activos','delete'),(7682,1,NULL,1,'tipos_activos','search'),(7683,1,NULL,1,'tipos_activos','rcs'),(7684,1,NULL,1,'ubicacion','index'),(7685,1,NULL,1,'ubicacion','save'),(7686,1,NULL,1,'ubicacion','delete'),(7687,1,NULL,1,'ubicacion','search'),(7688,1,NULL,1,'ubicacion','rcs'),(7689,1,NULL,1,'depreciacion','index'),(7690,1,NULL,1,'anular_depreciacion','index'),(7691,1,NULL,1,'traslado_activos','index'),(7692,1,NULL,1,'novedad_activos','index'),(7693,1,NULL,1,'consulta_depreciacion','index'),(7694,1,NULL,1,'ordenes','index'),(7695,1,NULL,1,'refe','index'),(7696,1,NULL,1,'refe','save'),(7697,1,NULL,1,'refe','delete'),(7698,1,NULL,1,'refe','search'),(7699,1,NULL,1,'refe','rcs'),(7700,1,NULL,1,'lineaser','index'),(7701,1,NULL,1,'lineaser','save'),(7702,1,NULL,1,'lineaser','delete'),(7703,1,NULL,1,'lineaser','search'),(7704,1,NULL,1,'lineaser','rcs'),(7705,1,NULL,1,'presupuesto','index'),(7706,1,NULL,1,'ejecucion_pres','index'),(7707,1,NULL,1,'recibo_caja','index'),(7708,1,NULL,1,'recibo_caja','buscar'),(7709,1,NULL,1,'recibo_caja','ver'),(7710,1,NULL,1,'recibo_caja','nuevo'),(7711,1,NULL,1,'recibo_caja','generar'),(7712,1,NULL,1,'recibo_caja','anular'),(7713,1,NULL,1,'recibo_caja','imprimir'),(7714,1,NULL,1,'cheque','index'),(7715,1,NULL,1,'chequeras','index'),(7716,1,NULL,1,'chequeras','save'),(7717,1,NULL,1,'chequeras','delete'),(7718,1,NULL,1,'chequeras','search'),(7719,1,NULL,1,'chequeras','rcs'),(7720,1,NULL,1,'cuentas_bancos','index'),(7721,1,NULL,1,'cuentas_bancos','save'),(7722,1,NULL,1,'cuentas_bancos','delete'),(7723,1,NULL,1,'cuentas_bancos','search'),(7724,1,NULL,1,'cuentas_bancos','rcs'),(7725,1,NULL,1,'banco','index'),(7726,1,NULL,1,'banco','save'),(7727,1,NULL,1,'banco','delete'),(7728,1,NULL,1,'banco','search'),(7729,1,NULL,1,'banco','rcs'),(7730,1,NULL,1,'formato_cheque','index'),(7731,1,NULL,1,'medios','index'),(7732,1,NULL,1,'campos_medios','index'),(7733,1,NULL,1,'codigos_medios','index'),(7734,1,NULL,1,'codigos_medios','save'),(7735,1,NULL,1,'codigos_medios','delete'),(7736,1,NULL,1,'codigos_medios','search'),(7737,1,NULL,1,'codigos_medios','rcs'),(7738,1,NULL,1,'formatos_medios','index'),(7739,1,NULL,1,'formatos_medios','save'),(7740,1,NULL,1,'formatos_medios','delete'),(7741,1,NULL,1,'formatos_medios','search'),(7742,1,NULL,1,'formatos_medios','rcs'),(7743,1,NULL,1,'diferidos','index'),(7744,1,NULL,1,'diferidos','save'),(7745,1,NULL,1,'diferidos','delete'),(7746,1,NULL,1,'diferidos','search'),(7747,1,NULL,1,'diferidos','rcs'),(7748,1,NULL,1,'grupos_diferidos','index'),(7749,1,NULL,1,'grupos_diferidos','save'),(7750,1,NULL,1,'grupos_diferidos','delete'),(7751,1,NULL,1,'grupos_diferidos','search'),(7752,1,NULL,1,'grupos_diferidos','rcs'),(7753,1,NULL,1,'amortizacion','index'),(7754,1,NULL,1,'consulta_causacion','index'),(7755,1,NULL,1,'interface_siigo','index'),(7756,1,NULL,1,'cierre_contable','index'),(7757,1,NULL,1,'reabrir_mes','index'),(7758,1,NULL,1,'cierre_cuentas','index'),(7759,1,NULL,1,'reabrir_cuentas','index'),(7760,1,NULL,1,'comprobante_cierre','index'),(7761,1,NULL,1,'cierre_anual','index'),(7762,1,NULL,1,'reabrir_ano','index'),(7763,1,NULL,1,'niif','index'),(7764,1,NULL,1,'niif','save'),(7765,1,NULL,1,'niif','delete'),(7766,1,NULL,1,'niif','search'),(7767,1,NULL,1,'niif','rcs'),(7768,1,NULL,1,'nic','index'),(7769,1,NULL,1,'nic','save'),(7770,1,NULL,1,'nic','delete'),(7771,1,NULL,1,'nic','search'),(7772,1,NULL,1,'nic','rcs'),(7773,1,NULL,1,'cuentas','index'),(7774,1,NULL,1,'cuentas','queryCuenta'),(7775,1,NULL,1,'terceros','index'),(7776,1,NULL,1,'terceros','save'),(7777,1,NULL,1,'terceros','delete'),(7778,1,NULL,1,'terceros','search'),(7779,1,NULL,1,'terceros','rcs'),(7780,1,NULL,1,'tipodoc','index'),(7781,1,NULL,1,'tipodoc','save'),(7782,1,NULL,1,'tipodoc','delete'),(7783,1,NULL,1,'tipodoc','search'),(7784,1,NULL,1,'tipodoc','rcs'),(7785,1,NULL,1,'comprobantes','index'),(7786,1,NULL,1,'comprobantes','save'),(7787,1,NULL,1,'comprobantes','delete'),(7788,1,NULL,1,'comprobantes','search'),(7789,1,NULL,1,'comprobantes','rcs'),(7790,1,NULL,1,'diarios','index'),(7791,1,NULL,1,'diarios','save'),(7792,1,NULL,1,'diarios','delete'),(7793,1,NULL,1,'diarios','search'),(7794,1,NULL,1,'diarios','rcs'),(7795,1,NULL,1,'documentos','index'),(7796,1,NULL,1,'documentos','save'),(7797,1,NULL,1,'documentos','delete'),(7798,1,NULL,1,'documentos','search'),(7799,1,NULL,1,'documentos','rcs'),(7800,1,NULL,1,'formapago','index'),(7801,1,NULL,1,'formapago','save'),(7802,1,NULL,1,'formapago','delete'),(7803,1,NULL,1,'formapago','search'),(7804,1,NULL,1,'formapago','rcs'),(7805,1,NULL,1,'regimen_cuentas','index'),(7806,1,NULL,1,'regimen_cuentas','save'),(7807,1,NULL,1,'regimen_cuentas','delete'),(7808,1,NULL,1,'regimen_cuentas','search'),(7809,1,NULL,1,'regimen_cuentas','rcs'),(7810,1,NULL,1,'ica','index'),(7811,1,NULL,1,'ica','save'),(7812,1,NULL,1,'ica','delete'),(7813,1,NULL,1,'ica','search'),(7814,1,NULL,1,'ica','rcs'),(7815,1,NULL,1,'comcier','index'),(7816,1,NULL,1,'comcier','save'),(7817,1,NULL,1,'comcier','delete'),(7818,1,NULL,1,'comcier','search'),(7819,1,NULL,1,'comcier','rcs'),(7820,1,NULL,1,'cuentas_cree','index'),(7821,1,NULL,1,'cuentas_cree','save'),(7822,1,NULL,1,'cuentas_cree','delete'),(7823,1,NULL,1,'cuentas_cree','search'),(7824,1,NULL,1,'cuentas_cree','rcs'),(7825,1,NULL,1,'centros','index'),(7826,1,NULL,1,'centros','save'),(7827,1,NULL,1,'centros','delete'),(7828,1,NULL,1,'centros','search'),(7829,1,NULL,1,'centros','rcs'),(7830,1,NULL,1,'consolidados','index'),(7831,1,NULL,1,'consolidados','save'),(7832,1,NULL,1,'consolidados','delete'),(7833,1,NULL,1,'consolidados','search'),(7834,1,NULL,1,'consolidados','rcs'),(7835,1,NULL,1,'settings','index'),(7836,1,NULL,1,'settings','save'),(8470,5,NULL,1,'movimiento','index'),(8471,5,NULL,1,'movimiento','buscar'),(8472,5,NULL,1,'movimiento','guardar'),(8473,5,NULL,1,'movimiento','eliminar'),(8474,5,NULL,1,'movimiento','cambiarFecha'),(8475,5,NULL,1,'movimiento','copiar'),(8476,5,NULL,1,'movimiento_niif','index'),(8477,5,NULL,1,'movimiento_niif','buscar'),(8478,5,NULL,1,'movimiento_niif','guardar'),(8479,5,NULL,1,'movimiento_niif','eliminar'),(8480,5,NULL,1,'movimiento_niif','cambiarFecha'),(8481,5,NULL,1,'movimiento_niif','copiar'),(8482,5,NULL,1,'consultas','index'),(8483,5,NULL,1,'cambio_nit','index'),(8484,5,NULL,1,'incluir','index'),(8485,5,NULL,1,'excluir','index'),(8486,5,NULL,1,'aura','index'),(8487,5,NULL,1,'aura','save'),(8488,5,NULL,1,'aura','getComprobByDate'),(8489,5,NULL,1,'balance','index'),(8490,5,NULL,1,'informe_balance_consolidado','index'),(8491,5,NULL,1,'libro_auxiliar','index'),(8492,5,NULL,1,'consecutivos','index'),(8493,5,NULL,1,'movimiento_terceros','index'),(8494,5,NULL,1,'movimiento_centros','index'),(8495,5,NULL,1,'balance_centros','index'),(8496,5,NULL,1,'comprobante_diario','index'),(8497,5,NULL,1,'listado_movimiento','index'),(8498,5,NULL,1,'listado_retencion','index'),(8499,5,NULL,1,'listado_comprob','index'),(8500,5,NULL,1,'retencion','index'),(8501,5,NULL,1,'balance_general','index'),(8502,5,NULL,1,'libro_diario','index'),(8503,5,NULL,1,'libro_mayor','index'),(8504,5,NULL,1,'libro_terceros','index'),(8505,5,NULL,1,'numeracion','index'),(8506,5,NULL,1,'certificado_retencion','index'),(8507,5,NULL,1,'certificado_ica','index'),(8508,5,NULL,1,'pyg','index'),(8509,5,NULL,1,'caratulas','index'),(8510,5,NULL,1,'movimiento_documentos','index'),(8511,5,NULL,1,'cartera_edades','index'),(8512,5,NULL,1,'corregir_cartera','index'),(8513,5,NULL,1,'activos','index'),(8514,5,NULL,1,'activos','save'),(8515,5,NULL,1,'activos','delete'),(8516,5,NULL,1,'activos','search'),(8517,5,NULL,1,'activos','rcs'),(8518,5,NULL,1,'grupos','index'),(8519,5,NULL,1,'grupos','save'),(8520,5,NULL,1,'grupos','delete'),(8521,5,NULL,1,'grupos','search'),(8522,5,NULL,1,'grupos','rcs'),(8523,5,NULL,1,'tipos_activos','index'),(8524,5,NULL,1,'tipos_activos','save'),(8525,5,NULL,1,'tipos_activos','delete'),(8526,5,NULL,1,'tipos_activos','search'),(8527,5,NULL,1,'tipos_activos','rcs'),(8528,5,NULL,1,'ubicacion','index'),(8529,5,NULL,1,'ubicacion','save'),(8530,5,NULL,1,'ubicacion','delete'),(8531,5,NULL,1,'ubicacion','search'),(8532,5,NULL,1,'ubicacion','rcs'),(8533,5,NULL,1,'depreciacion','index'),(8534,5,NULL,1,'anular_depreciacion','index'),(8535,5,NULL,1,'traslado_activos','index'),(8536,5,NULL,1,'novedad_activos','index'),(8537,5,NULL,1,'consulta_depreciacion','index'),(8538,5,NULL,1,'ordenes','index'),(8539,5,NULL,1,'refe','index'),(8540,5,NULL,1,'refe','save'),(8541,5,NULL,1,'refe','delete'),(8542,5,NULL,1,'refe','search'),(8543,5,NULL,1,'refe','rcs'),(8544,5,NULL,1,'lineaser','index'),(8545,5,NULL,1,'lineaser','save'),(8546,5,NULL,1,'lineaser','delete'),(8547,5,NULL,1,'lineaser','search'),(8548,5,NULL,1,'lineaser','rcs'),(8549,5,NULL,1,'presupuesto','index'),(8550,5,NULL,1,'ejecucion_pres','index'),(8551,5,NULL,1,'recibo_caja','index'),(8552,5,NULL,1,'recibo_caja','buscar'),(8553,5,NULL,1,'recibo_caja','ver'),(8554,5,NULL,1,'recibo_caja','nuevo'),(8555,5,NULL,1,'recibo_caja','generar'),(8556,5,NULL,1,'recibo_caja','anular'),(8557,5,NULL,1,'recibo_caja','imprimir'),(8558,5,NULL,1,'cheque','index'),(8559,5,NULL,1,'chequeras','index'),(8560,5,NULL,1,'chequeras','save'),(8561,5,NULL,1,'chequeras','delete'),(8562,5,NULL,1,'chequeras','search'),(8563,5,NULL,1,'chequeras','rcs'),(8564,5,NULL,1,'cuentas_bancos','index'),(8565,5,NULL,1,'cuentas_bancos','save'),(8566,5,NULL,1,'cuentas_bancos','delete'),(8567,5,NULL,1,'cuentas_bancos','search'),(8568,5,NULL,1,'cuentas_bancos','rcs'),(8569,5,NULL,1,'banco','index'),(8570,5,NULL,1,'banco','save'),(8571,5,NULL,1,'banco','delete'),(8572,5,NULL,1,'banco','search'),(8573,5,NULL,1,'banco','rcs'),(8574,5,NULL,1,'formato_cheque','index'),(8575,5,NULL,1,'medios','index'),(8576,5,NULL,1,'campos_medios','index'),(8577,5,NULL,1,'codigos_medios','index'),(8578,5,NULL,1,'codigos_medios','save'),(8579,5,NULL,1,'codigos_medios','delete'),(8580,5,NULL,1,'codigos_medios','search'),(8581,5,NULL,1,'codigos_medios','rcs'),(8582,5,NULL,1,'formatos_medios','index'),(8583,5,NULL,1,'formatos_medios','save'),(8584,5,NULL,1,'formatos_medios','delete'),(8585,5,NULL,1,'formatos_medios','search'),(8586,5,NULL,1,'formatos_medios','rcs'),(8587,5,NULL,1,'diferidos','index'),(8588,5,NULL,1,'diferidos','save'),(8589,5,NULL,1,'diferidos','delete'),(8590,5,NULL,1,'diferidos','search'),(8591,5,NULL,1,'diferidos','rcs'),(8592,5,NULL,1,'grupos_diferidos','index'),(8593,5,NULL,1,'grupos_diferidos','save'),(8594,5,NULL,1,'grupos_diferidos','delete'),(8595,5,NULL,1,'grupos_diferidos','search'),(8596,5,NULL,1,'grupos_diferidos','rcs'),(8597,5,NULL,1,'amortizacion','index'),(8598,5,NULL,1,'consulta_causacion','index'),(8599,5,NULL,1,'interface_siigo','index'),(8600,5,NULL,1,'cierre_contable','index'),(8601,5,NULL,1,'reabrir_mes','index'),(8602,5,NULL,1,'cierre_cuentas','index'),(8603,5,NULL,1,'reabrir_cuentas','index'),(8604,5,NULL,1,'comprobante_cierre','index'),(8605,5,NULL,1,'cierre_anual','index'),(8606,5,NULL,1,'reabrir_ano','index'),(8607,5,NULL,1,'niif','index'),(8608,5,NULL,1,'niif','save'),(8609,5,NULL,1,'niif','delete'),(8610,5,NULL,1,'niif','search'),(8611,5,NULL,1,'niif','rcs'),(8612,5,NULL,1,'nic','index'),(8613,5,NULL,1,'nic','save'),(8614,5,NULL,1,'nic','delete'),(8615,5,NULL,1,'nic','search'),(8616,5,NULL,1,'nic','rcs'),(8617,5,NULL,1,'cuentas','index'),(8618,5,NULL,1,'cuentas','queryCuenta'),(8619,5,NULL,1,'terceros','index'),(8620,5,NULL,1,'terceros','save'),(8621,5,NULL,1,'terceros','delete'),(8622,5,NULL,1,'terceros','search'),(8623,5,NULL,1,'terceros','rcs'),(8624,5,NULL,1,'tipodoc','index'),(8625,5,NULL,1,'tipodoc','save'),(8626,5,NULL,1,'tipodoc','delete'),(8627,5,NULL,1,'tipodoc','search'),(8628,5,NULL,1,'tipodoc','rcs'),(8629,5,NULL,1,'comprobantes','index'),(8630,5,NULL,1,'comprobantes','save'),(8631,5,NULL,1,'comprobantes','delete'),(8632,5,NULL,1,'comprobantes','search'),(8633,5,NULL,1,'comprobantes','rcs'),(8634,5,NULL,1,'diarios','index'),(8635,5,NULL,1,'diarios','save'),(8636,5,NULL,1,'diarios','delete'),(8637,5,NULL,1,'diarios','search'),(8638,5,NULL,1,'diarios','rcs'),(8639,5,NULL,1,'documentos','index'),(8640,5,NULL,1,'documentos','save'),(8641,5,NULL,1,'documentos','delete'),(8642,5,NULL,1,'documentos','search'),(8643,5,NULL,1,'documentos','rcs'),(8644,5,NULL,1,'formapago','index'),(8645,5,NULL,1,'formapago','save'),(8646,5,NULL,1,'formapago','delete'),(8647,5,NULL,1,'formapago','search'),(8648,5,NULL,1,'formapago','rcs'),(8649,5,NULL,1,'regimen_cuentas','index'),(8650,5,NULL,1,'regimen_cuentas','save'),(8651,5,NULL,1,'regimen_cuentas','delete'),(8652,5,NULL,1,'regimen_cuentas','search'),(8653,5,NULL,1,'regimen_cuentas','rcs'),(8654,5,NULL,1,'ica','index'),(8655,5,NULL,1,'ica','save'),(8656,5,NULL,1,'ica','delete'),(8657,5,NULL,1,'ica','search'),(8658,5,NULL,1,'ica','rcs'),(8659,5,NULL,1,'comcier','index'),(8660,5,NULL,1,'comcier','save'),(8661,5,NULL,1,'comcier','delete'),(8662,5,NULL,1,'comcier','search'),(8663,5,NULL,1,'comcier','rcs'),(8664,5,NULL,1,'cuentas_cree','index'),(8665,5,NULL,1,'cuentas_cree','save'),(8666,5,NULL,1,'cuentas_cree','delete'),(8667,5,NULL,1,'cuentas_cree','search'),(8668,5,NULL,1,'cuentas_cree','rcs'),(8669,5,NULL,1,'centros','index'),(8670,5,NULL,1,'centros','save'),(8671,5,NULL,1,'centros','delete'),(8672,5,NULL,1,'centros','search'),(8673,5,NULL,1,'centros','rcs'),(8674,5,NULL,1,'consolidados','index'),(8675,5,NULL,1,'consolidados','save'),(8676,5,NULL,1,'consolidados','delete'),(8677,5,NULL,1,'consolidados','search'),(8678,5,NULL,1,'consolidados','rcs'),(8679,5,NULL,1,'settings','index'),(8680,5,NULL,1,'settings','save');
/*!40000 ALTER TABLE `perfiles_permisos` ENABLE KEYS */;
UNLOCK TABLES;

--
-- Table structure for table `perfiles_usuarios`
--

DROP TABLE IF EXISTS `perfiles_usuarios`;
/*!40101 SET @saved_cs_client     = @@character_set_client */;
/*!40101 SET character_set_client = utf8 */;
CREATE TABLE `perfiles_usuarios` (
  `id` int(10) unsigned NOT NULL AUTO_INCREMENT,
  `usuarios_id` int(10) unsigned NOT NULL,
  `perfiles_id` int(10) unsigned NOT NULL,
  PRIMARY KEY (`id`),
  UNIQUE KEY `perfiles_id` (`perfiles_id`,`usuarios_id`),
  KEY `usuarios_id` (`usuarios_id`),
  CONSTRAINT `perfiles_usuarios_ibfk_1` FOREIGN KEY (`usuarios_id`) REFERENCES `usuarios` (`id`)
) ENGINE=InnoDB AUTO_INCREMENT=126 DEFAULT CHARSET=utf8 COLLATE=utf8_unicode_ci;
/*!40101 SET character_set_client = @saved_cs_client */;

--
-- Dumping data for table `perfiles_usuarios`
--

LOCK TABLES `perfiles_usuarios` WRITE;
/*!40000 ALTER TABLE `perfiles_usuarios` DISABLE KEYS */;
INSERT INTO `perfiles_usuarios` VALUES (76,1,1),(120,2,1),(94,6,1),(112,9,1),(117,10,1),(77,1,2),(121,2,2),(95,6,2),(113,9,2),(118,10,2),(80,1,3),(123,2,3),(96,6,3),(114,9,3),(119,10,3),(78,1,4),(122,2,4),(79,1,6),(81,1,7),(124,2,7),(82,1,8),(125,2,8),(92,3,9),(93,4,9),(91,5,9),(98,7,9),(108,8,10);
/*!40000 ALTER TABLE `perfiles_usuarios` ENABLE KEYS */;
UNLOCK TABLES;

--
-- Table structure for table `permisos`
--

DROP TABLE IF EXISTS `permisos`;
/*!40101 SET @saved_cs_client     = @@character_set_client */;
/*!40101 SET character_set_client = utf8 */;
CREATE TABLE `permisos` (
  `id` int(10) unsigned NOT NULL AUTO_INCREMENT,
  `codigo` char(5) COLLATE utf8_unicode_ci NOT NULL,
  `aplicativos_id` int(10) unsigned NOT NULL,
  `nombre` varchar(120) COLLATE utf8_unicode_ci NOT NULL,
  `tipo` char(1) COLLATE utf8_unicode_ci NOT NULL,
  `permisos_id` int(10) unsigned NOT NULL,
  PRIMARY KEY (`id`)
) ENGINE=InnoDB DEFAULT CHARSET=utf8 COLLATE=utf8_unicode_ci;
/*!40101 SET character_set_client = @saved_cs_client */;

--
-- Dumping data for table `permisos`
--

LOCK TABLES `permisos` WRITE;
/*!40000 ALTER TABLE `permisos` DISABLE KEYS */;
/*!40000 ALTER TABLE `permisos` ENABLE KEYS */;
UNLOCK TABLES;

--
-- Table structure for table `sesiones`
--

DROP TABLE IF EXISTS `sesiones`;
/*!40101 SET @saved_cs_client     = @@character_set_client */;
/*!40101 SET character_set_client = utf8 */;
CREATE TABLE `sesiones` (
  `id` int(10) unsigned NOT NULL AUTO_INCREMENT,
  `sid` char(35) COLLATE utf8_unicode_ci NOT NULL,
  `usuarios_id` int(10) unsigned NOT NULL,
  `ipaddress` char(15) COLLATE utf8_unicode_ci NOT NULL,
  `creado` int(10) unsigned NOT NULL,
  `modificado` int(10) unsigned NOT NULL,
  PRIMARY KEY (`id`),
  KEY `sid` (`sid`),
  KEY `usuarios_id` (`usuarios_id`),
  CONSTRAINT `sesiones_ibfk_1` FOREIGN KEY (`usuarios_id`) REFERENCES `usuarios` (`id`)
) ENGINE=InnoDB AUTO_INCREMENT=806 DEFAULT CHARSET=utf8 COLLATE=utf8_unicode_ci;
/*!40101 SET character_set_client = @saved_cs_client */;

--
-- Dumping data for table `sesiones`
--

LOCK TABLES `sesiones` WRITE;
/*!40000 ALTER TABLE `sesiones` DISABLE KEYS */;
INSERT INTO `sesiones` VALUES (13,'88b7e5808160d3628b5b37a86e86f33e',1,'::1',1303447656,1303447656),(19,'591b2e6ca64cd5211c809139b296a43f',1,'::1',1303501529,1304048274),(23,'b6b6fb7d0ccce8e05c7416ee50a69866',1,'::1',1304063262,1304063262),(27,'ee47c73670f38035e69484b97a50a453',1,'::1',1304558751,1305634764),(28,'236d40b31a18c45e383a62085a1bdc6c',1,'::1',1304731350,1304912404),(29,'184b2ed04c87504a9a5afbe29ce4c395',1,'::1',1305183995,1305183995),(30,'dd0d6b454bef8676becb9802fa58fd6f',1,'::1',1305818575,1305818575),(31,'5344abdf7e509c8f5923ff320f2da28b',1,'::1',1305824110,1305824110),(34,'7e838d61971e84dcd7239a8164b82fd7',1,'::1',1308599170,1309978527),(40,'ae65ae7cb51ba8cec71ad9142fb3c289',1,'::1',1310675699,1311012248),(41,'6714939571cfd0a562b7495af1892a6c',1,'127.0.0.1',1376762862,1376762862),(45,'cf50c29b26128f3da24c4dc83a80f803',2,'127.0.0.1',1377012829,1377012829),(46,'ae35005e81e0b1ecd217981cf0272649',1,'127.0.0.1',1377013153,1377013153),(47,'e7bd7b289ee1fb072ac1da58ce9a332e',1,'127.0.0.1',1377030496,1377030496),(48,'c9e0638b09e391bd479e2dff9268b737',1,'127.0.0.1',1377030808,1501158350),(51,'c58b3421e3f933f78a62252bb8bf68b3',1,'127.0.0.1',1377094361,1377094361),(52,'c4258537a7280c0e5f1881d57c206ec7',1,'127.0.0.1',1377202006,1377202006),(54,'c4baad97d21d712bdca2ba61b2fd914f',1,'127.0.0.1',1377268114,1377268114),(55,'112ed9efc77e0d25c636fcdc629e5b1e',1,'127.0.0.1',1377375020,1377375020),(56,'3508e590bf0b1bb613f068984e3b1f0a',2,'127.0.0.1',1377633224,1500915824),(57,'3af8ad040a140bd2ec793ec5667ff26f',1,'127.0.0.1',1377638257,1377638257),(59,'40308da953db23760761ff857db1b36f',1,'127.0.0.1',1377724773,1377724773),(60,'399912d018a26ff9e4dd52b6b47a9f39',1,'127.0.0.1',1378259996,1378259996),(61,'688b6e3a74f42333a1179bfc562262c7',1,'127.0.0.1',1378302752,1378302752),(62,'6463f802802b409476eb40956ac54b37',1,'127.0.0.1',1378312272,1378312272),(65,'c0b4d54cfc5ea712b7c1a823cdaf82a1',1,'127.0.0.1',1378743720,1378743720),(68,'39a34a3e3fc3c896b214c2f1728f72c8',1,'127.0.0.1',1378933036,1378933036),(72,'a54aa71eb82be639cfe4dc1eb6447dfb',2,'127.0.0.1',1379345936,1379514055),(77,'c5ab8975599e1475cb2fab152dacd79c',2,'127.0.0.1',1380044497,1380393118),(80,'0eb970b025de9e2a7b260c47ed0ed649',2,'127.0.0.1',1381324764,1381347191),(81,'827387e4b2ba63bf39cb304feb70dbe8',2,'127.0.0.1',1381414210,1381522907),(82,'5946ad2a457e54b510ca6a57d51d88c8',1,'127.0.0.1',1381507120,1381507120),(92,'84dc37d30083c5c9dd817d8fe7bc9e19',1,'127.0.0.1',1383076571,1383076571),(96,'b7ad67b8a8fb73271480c2ae54709fad',2,'127.0.0.1',1383932075,1384263522),(98,'81fa024ba9324572e68901e3dec871e7',2,'127.0.0.1',1384443889,1384444487),(99,'2e36f5a91e62f180632dc32d5b6f506b',2,'127.0.0.1',1384444820,1384444820),(100,'01098cc88a0ab3075fc1fdc694648787',2,'127.0.0.1',1384444925,1384444925),(111,'d91a064cfc9733a3770250eb8a211ca7',2,'127.0.0.1',1385129211,1385129211),(112,'6b3d8a166cccc34ef11e3718a7ccb160',2,'127.0.0.1',1385131673,1385131673),(121,'8503fe5cdd7d71246874c23b9d718247',2,'127.0.0.1',1388160474,1390249130),(131,'3b07c4f406f668939a8a3ab284c01363',2,'127.0.0.1',1391714545,1410285901),(134,'b9c3079e41655a250585df3125da1956',1,'127.0.0.1',1391798826,1391798826),(149,'7f77816444946b2a7aa4a237e81bd796',2,'127.0.0.1',1393349674,1393349674),(150,'ecf53684b58fb782f8f15d7b12eb4378',6,'127.0.0.1',1393423061,1393423061),(152,'fb6ac82b6e23b98af52596e22685fa53',1,'127.0.0.1',1393445225,1393445225),(160,'8186fd6daf349590eaaeabf21ab8a31b',2,'127.0.0.1',1394575381,1394575381),(169,'bea9a500162b9d3b946d42ce8577843b',2,'127.0.0.1',1395933560,1396277457),(171,'d1c9e7c7479d66851465d19c1b9b30bd',4,'127.0.0.1',1396361549,1397235362),(185,'915f19eec463bafc668733c25bf43462',8,'127.0.0.1',1398436203,1398444438),(186,'0662e2935bf27e0c17d8be090a1c5b8e',8,'127.0.0.1',1398436404,1398782357),(192,'183da33a331953557a2095cbc67e3a9b',6,'127.0.0.1',1398889166,1398889166),(196,'4f647193c8e73b8f5a4a2dd8ce52aed0',2,'127.0.0.1',1399557221,1399732241),(197,'ad694a17974c394ba606bec4abc035e9',2,'127.0.0.1',1399570692,1399570692),(205,'05e7a06c841ba4c5fba86535536df324',1,'127.0.0.1',1400104199,1400106443),(208,'560d455fa2528ece04481734027f5739',8,'127.0.0.1',1400790541,1400790541),(218,'e7822066ae80b7087146b3a5d1fdc3a7',4,'127.0.0.1',1401982618,1402063820),(234,'3cd9bb1e6e85eeb68e4fbcd7479eeae5',1,'127.0.0.1',1404133416,1404133416),(237,'bcfd5a5f591c686741ebb6c136bc02c8',2,'127.0.0.1',1404405964,1404405964),(240,'5986d3bee67f0f92039221f41618e0f3',6,'127.0.0.1',1404746662,1404746662),(243,'9a409ebef5b40be1f41ac7eee140197f',2,'127.0.0.1',1405609710,1405694988),(245,'4580c1a2ac400b63066e7f2976e39c62',2,'127.0.0.1',1405961291,1405961291),(247,'69b1149e773e5162ab9814c7c980c95e',2,'127.0.0.1',1406121777,1406130600),(268,'f774c4bd39ca0d7a2c37f4ac32dcc60b',2,'127.0.0.1',1410358066,1410358066),(271,'03c9432a7e612f84beb22e5355749c19',2,'127.0.0.1',1410881775,1410881775),(316,'c4c186c612ff451964499b4df4baad81',2,'127.0.0.1',1415218345,1415642005),(320,'f0e1be4a98c8a06609f6a81259e0ccf1',2,'127.0.0.1',1417009429,1417029825),(345,'5f4e0e27b0b98b6ea23f7a814eba6df8',2,'127.0.0.1',1421443405,1421701246),(348,'75ad0305a3ef10425b8957a53a5d96b8',3,'127.0.0.1',1422372741,1422372741),(350,'3b88b2b497151d0abb8192b6c33b7df5',3,'127.0.0.1',1422811661,1422811661),(351,'1a319421611535c3e8b2d78fe11e370a',2,'127.0.0.1',1422993931,1422993931),(360,'b21b5c8dc5f4228838e08a1fffc09a50',1,'127.0.0.1',1424295641,1424445476),(363,'c954ec1609bf896587595cc0decb589c',4,'127.0.0.1',1424705504,1424961675),(364,'f4569c0cb1d01160aac22215beec29a1',1,'127.0.0.1',1424720094,1425940581),(365,'6a38a9c7dcfb22e9e42f3c311d90bb33',2,'127.0.0.1',1424727340,1425046885),(366,'0424aab66f1db2bc81d0c96952619182',8,'127.0.0.1',1424833882,1425588291),(370,'8665db1d94ad57c9eb37e8345717949c',3,'127.0.0.1',1425301847,1425301847),(372,'9431585d145915ce11921b7aa2a622fd',2,'127.0.0.1',1425648518,1425742724),(374,'1c42fc76ef160ec5eecc5d45c1a3aff3',2,'127.0.0.1',1426020730,1426020730),(375,'245c46dbf1d7e310e9aff5b58014d39c',1,'127.0.0.1',1426192476,1426369020),(377,'e7110a96b77725e82c5655968115282d',1,'127.0.0.1',1426808203,1426808203),(378,'eea6b97f9001108feceb994e7822fc3e',2,'127.0.0.1',1426857803,1428328010),(383,'433d601133dfdf520fa2a6b17643b5f9',1,'127.0.0.1',1428338591,1428338591),(384,'3a3f13e6b07f62c16aef8869c05738d1',2,'127.0.0.1',1428416535,1428678254),(386,'29ff49240b896e99498f3ad7a375831a',4,'127.0.0.1',1428612595,1431615141),(389,'3f46e987cb0269ebba7d056d6a456051',3,'127.0.0.1',1428683714,1428683714),(390,'1b531041ebb1d4070151e59c38c39135',3,'127.0.0.1',1428692927,1431440409),(397,'dab24403054c130b7022e4b5c8ea4434',1,'127.0.0.1',1429206875,1429206875),(398,'5623627a66e2ce43ab4ba3f1bb8d29d3',1,'127.0.0.1',1429206897,1429206897),(399,'d5de2913aa643370d4a3eb8a11e49db3',1,'127.0.0.1',1429220000,1429220000),(400,'3491fc018fe3ad526ea1e5a9aa18a3c8',2,'127.0.0.1',1429304531,1429304531),(401,'8ffc1a2274ced931c13edd4d88d78a27',2,'127.0.0.1',1429554820,1432240429),(407,'7e22f06935220c00984fedace6c2a4b7',2,'127.0.0.1',1429976318,1429976318),(410,'e8f1dec22a402a1052ff016fb159a7ff',2,'127.0.0.1',1430322244,1430749712),(412,'ae215be6020fa7b1b694fe95a4c685be',8,'127.0.0.1',1430425671,1430425671),(416,'39d9ee28e550482948ee0442a79b5702',3,'127.0.0.1',1430759123,1430759123),(422,'b9343a6459da0dd008081751b3f591ea',2,'127.0.0.1',1431698156,1432048863),(425,'2f3c1f7bfde466fee8d57408771b6218',8,'127.0.0.1',1432205114,1432205114),(430,'12fc6d15f4f571180cc08192f6ec67ce',3,'127.0.0.1',1433263771,1435931830),(431,'e8198bc01db63b6b6a967a2c3e891bbd',1,'127.0.0.1',1433338998,1433338998),(435,'8397c21941420b5e920010eb4909679c',4,'127.0.0.1',1434467574,1435679972),(438,'eddc99de50dcc9f83b7a3451fe60ada3',8,'127.0.0.1',1435053372,1435053372),(444,'3d452ebe7cbefbb4b795f43d61095698',2,'127.0.0.1',1435344448,1435701564),(446,'be54f481341ce778f6b87b360bc9616f',2,'127.0.0.1',1436022853,1436022853),(447,'19886a173201008d53e0e486f86affc4',2,'127.0.0.1',1436190205,1436202308),(448,'edd22079fb7466e66fce83bcb8d790e5',2,'127.0.0.1',1436274792,1436806431),(449,'35e4509468660129f3de741ce370ace2',2,'127.0.0.1',1436800967,1436816952),(454,'46bf13f7a67043aceccbaa540815291c',4,'127.0.0.1',1437496294,1439237283),(455,'e392d6baf232b58cb746977240c247bb',2,'127.0.0.1',1437772617,1440088912),(456,'a8959156e2172557dc718ffbd342c85c',3,'127.0.0.1',1438447642,1438447642),(457,'50fb6e65d5ea713a2f3823a4801516de',2,'127.0.0.1',1438611857,1438722510),(458,'97cb9603d8cce703c9fbd9078d62e984',2,'127.0.0.1',1438792969,1439400352),(460,'24709d6e591026e2a847254a9a7a7c04',2,'127.0.0.1',1439238073,1439238073),(462,'1ad8fa3d092247181014f9ff2bc62c77',1,'127.0.0.1',1439288120,1439288120),(469,'a8ae5c8deed0bfb3f89c256faa14e53a',3,'127.0.0.1',1441129322,1442334647),(470,'3fa35397f54943f786b885621d12358f',2,'127.0.0.1',1441291645,1441992965),(471,'11ebb7d7f4a303f3ac0f2df034119d1b',4,'127.0.0.1',1441726017,1441727704),(473,'71cee5dcffcdb951630208883be4946a',2,'127.0.0.1',1442325557,1442435491),(474,'89641418fce1bc27b32ea9290015906b',2,'127.0.0.1',1442517864,1443888227),(476,'7b426569fe65219e62b1f72bdeef7351',2,'127.0.0.1',1443710151,1443717744),(477,'cdc19a6ca5bd7f076f67ad685e2a83b0',3,'127.0.0.1',1443713929,1443713929),(478,'5815aa1933db28abd4387e6bf09853dd',1,'127.0.0.1',1444054434,1444054434),(480,'bd713ae9c16e9825eef76135766b4975',2,'127.0.0.1',1444226790,1447335400),(483,'8124b26d3909e7a9a6823bf4013954a6',2,'127.0.0.1',1446581434,1446581434),(486,'0d44b577010c4ec14a7aa9d4216c05db',2,'127.0.0.1',1446582714,1447363950),(490,'90b695a29325d8440447165812c6061f',1,'127.0.0.1',1446650749,1446650749),(491,'f9b225016707963ee92f34b7dcb646e0',3,'127.0.0.1',1446684087,1446684087),(494,'59e644718bd7e20e4c16df6b367d9eb2',2,'127.0.0.1',1447355179,1447355179),(502,'02d4c61c76e92dd95406bee41dc7b391',2,'127.0.0.1',1448654120,1448654120),(503,'52b72c3ddf147e9f2c2d8fb21f878ab1',3,'127.0.0.1',1449353191,1449353191),(504,'3b0d03349c12bdaeb80065359f70b5ed',2,'127.0.0.1',1449753709,1450540898),(509,'379183e8553602feae6872210be1456e',2,'127.0.0.1',1450790057,1452286807),(510,'8fbdf7fa9a4bc90ed05fd1aa24da1d52',2,'127.0.0.1',1450902027,1451918473),(513,'7436c3abf91cfe7a1a26ee1efef9d17f',2,'127.0.0.1',1452286334,1452286334),(516,'9e6a2d9f292bdb33eef18c34ce9797d6',2,'127.0.0.1',1453242398,1453242398),(522,'709c832209d8a1602eab1a0fe0ec20c7',2,'127.0.0.1',1453816390,1453899757),(523,'0b53bc4a0a15c7bdeb98cb5477b03c9e',5,'127.0.0.1',1453902019,1455810673),(524,'3bd99e1c09db3c918cb4eff0c4f60a7c',5,'127.0.0.1',1453905042,1453905042),(526,'93fca2d8734274e54f7a2c2acddb4fb1',2,'127.0.0.1',1453924487,1453924487),(527,'1f130c5ce383be77a073d0d6e54c7726',4,'127.0.0.1',1454009048,1454009048),(528,'3945d2ea1d798aa9d9cc1b1d6f24b54a',3,'127.0.0.1',1454335184,1454335184),(530,'451caa9580be5c75d5da6027ac1b9de9',2,'127.0.0.1',1454427607,1454433739),(532,'deeb39409fee4909d64814bd4f6eb604',2,'127.0.0.1',1455226130,1455226130),(534,'124c0127180000c1ce90f6521aa0d29c',5,'127.0.0.1',1455551247,1455551247),(535,'595ee1315da625e06f0656e40b355668',2,'127.0.0.1',1455554699,1455631964),(539,'cec16f326037234cd5a8b20f7af05636',2,'127.0.0.1',1456420058,1457192587),(540,'870a2ee78d049c0bf9e5fcb06a826104',3,'127.0.0.1',1456582642,1456836515),(541,'b6fedb5fa3c0b5c8583f5f3fb2b5d98a',2,'127.0.0.1',1456588727,1457381062),(544,'c1d838379eb4775764d9b48056b68a60',3,'127.0.0.1',1456853530,1456853530),(545,'c572ef725be72ba90700a2088e12c7bc',2,'127.0.0.1',1457193757,1457193757),(546,'248ef2b1d87e886b85254c2788219285',2,'127.0.0.1',1457534061,1459286502),(547,'6984cfb3e2f3eaee75ad4e0f50470f80',3,'127.0.0.1',1457968800,1457968800),(548,'b1f529890ff7ac5c655b454445116571',5,'127.0.0.1',1458140207,1458140207),(549,'dfdc587c45f6142acf5d54354ab2e4dd',4,'127.0.0.1',1458141581,1458141581),(551,'5063619ed78d0940a9026d4f3e6741e1',8,'127.0.0.1',1459353436,1459353436),(553,'a862342829cce78dc59f38c736c919d1',2,'127.0.0.1',1459428627,1459781810),(555,'555d6ac28eed25d6d56afa5a7ef4dd1f',3,'127.0.0.1',1459771799,1462986139),(556,'fd9b2ac5cb8bba6da071931696609552',4,'127.0.0.1',1459786150,1459788059),(558,'9284c3cb8c98f7dddab0c28d772c32fa',2,'127.0.0.1',1459879148,1459949356),(561,'838d32aa02f773f53bdd02a0435e5236',2,'127.0.0.1',1460568956,1460726275),(562,'d987b1cee8b2473dc85c1b798588b425',2,'127.0.0.1',1460645075,1461765865),(566,'a03694f346b002b6fb02962a6c5308ea',2,'127.0.0.1',1461008447,1461159551),(568,'a3be7a7d0beeefa15bba8b6893b538ba',2,'127.0.0.1',1461261619,1462987856),(569,'88fa788789389a59946ee570709e5e51',2,'127.0.0.1',1461592523,1461850405),(570,'37506b13024fdd053f0b67b219697e4b',2,'127.0.0.1',1461681428,1461681428),(571,'84b40c90dad2ce45ec6b07b78093eb24',2,'127.0.0.1',1461878202,1462980883),(572,'a80e30be938cd091968b9fa738853a87',2,'127.0.0.1',1461963564,1461963564),(576,'61fc55f1bd6851f4e9385693a4533e78',2,'127.0.0.1',1463068213,1463068213),(578,'1b4e2ca2300fb5c2ea774d968780d600',2,'127.0.0.1',1463585915,1464877313),(579,'69ceef7a63036b6462f31f01a5a447ad',2,'127.0.0.1',1463610009,1465422531),(580,'480df58e2bf1fc6e03a8eb88632d8335',2,'127.0.0.1',1463757948,1465305825),(581,'080b60485f999f2303b181391d2cb9c4',8,'127.0.0.1',1464215485,1465543493),(583,'570ac91d77794081c3ab8106b8ca638c',3,'127.0.0.1',1464791343,1464791343),(584,'8d093decf21bec6141416f0a1e1bab89',2,'127.0.0.1',1465393774,1465565417),(586,'7d6a3c69a5534c789aaee9c308fb83e9',2,'127.0.0.1',1465846332,1465846334),(587,'cba1f175057259660b1709a52213cef3',2,'127.0.0.1',1465920374,1466195514),(588,'0de4a9f6a6c65b99d252d27528283f10',2,'127.0.0.1',1466013362,1466013362),(589,'ce86ab2825293c72c3371d5771d911e0',2,'127.0.0.1',1466085399,1466085399),(590,'4188161916d57c6c558bc26e96965c4a',4,'127.0.0.1',1466180376,1471553978),(593,'d404ae13d57c0c3f88ab6a15279aac64',2,'127.0.0.1',1466430948,1470763721),(594,'b759f0844922b7785c3471aab7232f10',2,'127.0.0.1',1466433433,1470494166),(601,'05fc433dc54f84bb7eb4d30dab5a72b7',2,'127.0.0.1',1467905920,1467905920),(603,'a16eda8873a34685b263cb00ff57ba31',2,'127.0.0.1',1468503776,1470338845),(604,'4f2d1f0b8c9beb5610092e485591aed5',2,'127.0.0.1',1468503834,1472140156),(605,'07de837cefe98e4a188396e10dcb9231',9,'127.0.0.1',1468507777,1468507777),(606,'42383de6e917e46a93bb2f14e8cf54a3',3,'127.0.0.1',1470067622,1470067622),(607,'d31b3cee267e3b5b065bf8f7cb5ffa5e',2,'127.0.0.1',1470837934,1473874062),(610,'89d00ac59877150182c78e500995e1d4',8,'127.0.0.1',1471499116,1477835991),(611,'320a05b96b3f247b9a589a6fe4e7affe',2,'127.0.0.1',1471900386,1473452998),(612,'bfb0b4814c8a89ebb75059043583786a',8,'127.0.0.1',1471975039,1471975039),(613,'de2b35935a20e7bb556a81a8020c3dbe',2,'127.0.0.1',1472066524,1472066524),(618,'ba4df9622a9e2e24f92ff453cc6f3ab2',2,'127.0.0.1',1472218476,1472855490),(621,'bcf2abf2dd3f0d7eb5c0c4d7c59934d9',2,'127.0.0.1',1472569446,1474496717),(622,'e9a4b7835ff2d9ddc943c8e618cb302e',4,'127.0.0.1',1472653167,1474642530),(624,'18cafef41e07889bca3a4729b52f913f',2,'127.0.0.1',1473524265,1473864150),(626,'ad2ad2838cd07a6a842df3a8ea36fde6',9,'127.0.0.1',1473693486,1473693486),(627,'8131dd6601052b7f69eddf0027184290',2,'127.0.0.1',1474293324,1475005145),(628,'031c99df6765e7c8c3a595f66791a82c',2,'127.0.0.1',1474296813,1474731788),(630,'31e5fbe1122d7bce13b451bba0dcc229',2,'127.0.0.1',1474557970,1475096552),(631,'e2c8c314240d34cafe3162b449b22db2',2,'127.0.0.1',1474569593,1474569593),(633,'a98da2704e475c81dc1b8bb31fda6fb8',2,'127.0.0.1',1475080270,1479329294),(635,'56fd2afdaaaa80833cee61da0ddaf077',4,'127.0.0.1',1475165903,1478797217),(637,'3fda05bed344b2f566e5804042f5cce0',2,'127.0.0.1',1475588534,1480456815),(638,'5a6eb7abc91655d1d3c5babdfbb7614c',2,'127.0.0.1',1475676775,1477314914),(639,'53922b0e2d3bbc093d39b00ba4868cf7',2,'127.0.0.1',1476221841,1481840961),(641,'823d90f3bd0ab42bcca42200eda44d60',2,'127.0.0.1',1476882780,1477000514),(643,'b8e096c370659ce492ac9ff96a99ef63',1,'127.0.0.1',1477034767,1477034767),(644,'ddee53acae6322e94b33b34d3d164fa9',2,'127.0.0.1',1477400969,1478356432),(646,'d3ffb16e31601aa6ecf365a0ae5aa166',2,'127.0.0.1',1478799881,1479497637),(648,'b7d972f200e66dce3dba60eb2cfec9b8',9,'127.0.0.1',1479308498,1479308498),(650,'76dd286aab29e327ea6e9bc0bf55a6ff',2,'127.0.0.1',1479504694,1480525376),(651,'7903cecfc94ea810c972af36aa11c834',4,'127.0.0.1',1479738595,1485362195),(652,'969db9bb45f88fb28661f332df109a21',2,'127.0.0.1',1479746893,1480452529),(653,'8610f6f2512ac700c263ad281dd2d263',3,'127.0.0.1',1480159513,1496942568),(654,'c39b52507e54c48fa5cca6874c096755',2,'127.0.0.1',1480512471,1480628582),(655,'c9c3da4139809726353c49241158669d',2,'127.0.0.1',1480602209,1481300625),(656,'d46be5cad02b94d02ecfad032fcdac6e',2,'127.0.0.1',1480612984,1485619213),(657,'bd8df6ac6f3b41b90b0dc95fa85e9962',2,'127.0.0.1',1480629550,1481045617),(659,'260063df46f457ba19a3eab405f4270f',2,'127.0.0.1',1480708196,1480708196),(661,'1eafc9be5d47f97abc612891e761dcdc',2,'127.0.0.1',1481291625,1481291625),(662,'1f042a631c4b0694313fee32ffaa1406',3,'127.0.0.1',1481304630,1482765711),(666,'ea9d34f4605a289592110fadf6b0fef1',2,'127.0.0.1',1481565026,1482331437),(667,'853e061d18177b7d1a0b4bc1ffcffe39',2,'127.0.0.1',1481650057,1485445130),(668,'a51257167f45147289255d512b5ca6e0',2,'127.0.0.1',1481924442,1485550709),(670,'9896959b67ae692dc8c598fa2d04153f',2,'127.0.0.1',1482243325,1482243325),(675,'3ff550086e9511fadf816034da1fddc3',2,'127.0.0.1',1483030124,1483030124),(679,'1ec0032ed5a5d29408b8a82d4b6ba167',1,'127.0.0.1',1483443404,1483443404),(681,'22b47d3436fe5d02bed14f4065bf15fe',6,'127.0.0.1',1483545019,1483545019),(684,'1675cbf38dafb2653a5f251833b667fc',2,'127.0.0.1',1484316366,1484746605),(685,'720b1e4bf7cdee4b3211363cd199be2e',2,'127.0.0.1',1484409590,1484920315),(686,'6ebc775c0efe97c3fe6c8644cb049348',2,'127.0.0.1',1484572866,1485620459),(688,'4f4e336f4c1117c05d618021723f34dc',1,'127.0.0.1',1484710238,1485107411),(689,'ea43624a03726356c1b31dbfa4a08921',2,'127.0.0.1',1484927806,1484927806),(692,'eadcd820c2d48006d6e8073bf5bca7c0',2,'127.0.0.1',1485784264,1488202846),(693,'c6f4f17b7a1eac9eb12a34a075d136f5',4,'127.0.0.1',1486049353,1489424259),(694,'cffb4c705c436647195ac3860e24928b',2,'127.0.0.1',1486499955,1488040421),(695,'ef7576aef2024a5c0da8125b36c18d3e',2,'127.0.0.1',1486572331,1487339706),(696,'9314652fcfbb25432b1e46229ef02fbf',2,'127.0.0.1',1486660081,1486660081),(697,'cf7af4872e7e2562ee6ad06fd09b2cb4',2,'127.0.0.1',1486678700,1490451949),(698,'5d5c69ace8752458b6b066dd0242637b',2,'127.0.0.1',1486993321,1487181713),(699,'718e6e22cb27fb42b3dcdd518599428f',2,'127.0.0.1',1487279272,1488836668),(701,'96a20c67d2b31b940c1a48ec18b3fe56',2,'127.0.0.1',1487618408,1489584936),(702,'9f7b0ff6fdf0a0c22a5adbce6174c825',2,'127.0.0.1',1487623048,1487623048),(703,'19153d1367d6f7d31bdf0d9d4d483649',2,'127.0.0.1',1487904710,1487940058),(704,'e3e2dcdff1a728321e8be7b0393abe3d',1,'127.0.0.1',1487955473,1487955473),(712,'6a8a9fe42a54fda81c15922337a633e8',2,'127.0.0.1',1489069828,1491485632),(713,'728166621c6a5efd5327419f5ceae44f',2,'127.0.0.1',1489081211,1489081211),(717,'813fb1ba43e054389858b453884e4935',1,'127.0.0.1',1489681794,1489681794),(719,'934317ca809449e6667075ad03255410',3,'127.0.0.1',1489861298,1489861299),(721,'71a66718d200a4f0ebf5d87aec6c8a86',2,'127.0.0.1',1490460427,1492796948),(722,'9b1978476c14092a70795309f88886a9',8,'127.0.0.1',1490702082,1490702082),(723,'8bd6ec57dbf16f131db3e2fc546663b2',4,'127.0.0.1',1490905770,1500665478),(724,'e6d16193a7271fa93ec95c7faae89b6e',1,'127.0.0.1',1490980016,1494539859),(725,'83474f6b0dbf97f1a68c8675a6a9c542',1,'127.0.0.1',1491174435,1491174435),(727,'01ddb2380d8c94c03a34547fc65cbef8',2,'127.0.0.1',1491570683,1494853833),(731,'e36fdf4bf6f2d6ab1de78f1259ada774',2,'127.0.0.1',1492436214,1493387599),(732,'bb0933e16bfa035f48087768309f8710',2,'127.0.0.1',1492445556,1493148004),(734,'db294566ffa69cbecb16c08d5ce7ca02',6,'127.0.0.1',1492479567,1492479567),(735,'4d5f24103a76515c339a8ba90e4884ba',1,'127.0.0.1',1492549317,1492549317),(736,'860ff098fe2f7d5f60b61bc21c8945c7',3,'127.0.0.1',1492610073,1499445199),(746,'968126f9e27dbea8976f5c8c92d54269',2,'127.0.0.1',1494424315,1494424315),(748,'d98b21e4662be356e2e4ca920b5d618d',2,'127.0.0.1',1494434555,1496418224),(753,'a4df73b2027869f98054b503bdd926d9',2,'127.0.0.1',1494599955,1494968353),(755,'0c0fe0b9395244be92298021ebd38e6f',2,'127.0.0.1',1494973307,1498051017),(756,'1d08faac31996f84091eb88fa7d873b3',2,'127.0.0.1',1495027730,1496425193),(758,'3f9d8d35ba1758cf6f2c160a8e83fa68',1,'127.0.0.1',1495166931,1495166931),(763,'ccd37c88f64aa67317786867d6ed571d',2,'127.0.0.1',1497281367,1497281367),(765,'67965dd92891039416c1c3e85b2d30f0',2,'127.0.0.1',1498139433,1501163973),(766,'b6add8da7d4182fc8307ce8cbc006f97',9,'127.0.0.1',1498308185,1498308185),(768,'27936a9531c409d3732a4535365cabc5',2,'127.0.0.1',1499185489,1499185489),(769,'bdac4628f36779df28b2cbeb42f6ff90',2,'127.0.0.1',1499718814,1499718814),(770,'7c003e13320173d4d43c089b1323a573',1,'127.0.0.1',1499787498,1499787498),(772,'5f52c6b023c15c84fdbff572b03fcaac',9,'127.0.0.1',1500310015,1500319664),(773,'0d7d0be0034534dc918a0af6a39f4135',8,'127.0.0.1',1500971559,1501061374),(776,'031b02a5302a6c98a3818f228179cde6',3,'127.0.0.1',1501083181,1501083181),(777,'992b27385fab5c83a79b6ac7eed50d58',1,'127.0.0.1',1508396492,1508396492),(778,'61d7babece3f4f67ce7323f6ec3ca47a',1,'127.0.0.1',1508420754,1508420754),(779,'527d6a2d7011049d38bde42ee61d68a9',1,'127.0.0.1',1508435650,1508435650),(781,'87c94fad5d3291b5a49bb1159a6b06a6',1,'127.0.0.1',1508881726,1517033573),(782,'3e50a6d724973be5b2176529cba03367',1,'127.0.0.1',1508881863,1508951851),(784,'d2c12edb0ab0df9e7d2f970fd7087969',1,'127.0.0.1',1508920447,1516815951),(787,'871525f7853570c27df0bf9e5284d542',1,'127.0.0.1',1509035294,1509567445),(788,'740a2fc3dd429a84ab160f851300d852',1,'127.0.0.1',1515688275,1516642210),(792,'ccaab0ecd898ea6cc855acfd73d22103',1,'127.0.0.1',1516387981,1516387981),(793,'ddc6d2338a99fb395192dd379c2f9407',1,'127.0.0.1',1516393026,1516393026),(794,'0e12e65a6847835cac1d60efe49d4dd8',1,'127.0.0.1',1516485413,1516485413),(795,'2825d25c6d2f14fe603bb84663429849',1,'127.0.0.1',1516492085,1516492085),(796,'d96382b3fac0077d2c878336d3b3c553',1,'127.0.0.1',1516497242,1516497242),(798,'a6ebfee498ef1cbc6319854de8667a9e',1,'127.0.0.1',1516549007,1516549007),(799,'ab6f5cc8c1ae42b5a99114e16b3732df',1,'127.0.0.1',1516644760,1516742481),(802,'aea436be979a0603e71188d2c80f8dfe',1,'127.0.0.1',1516810247,1516810247),(803,'e009afad09eabc66c88f472c550b0ce1',1,'127.0.0.1',1516815589,1516815589);
/*!40000 ALTER TABLE `sesiones` ENABLE KEYS */;
UNLOCK TABLES;

--
-- Table structure for table `sucursal`
--

DROP TABLE IF EXISTS `sucursal`;
/*!40101 SET @saved_cs_client     = @@character_set_client */;
/*!40101 SET character_set_client = utf8 */;
CREATE TABLE `sucursal` (
  `id` int(10) unsigned NOT NULL AUTO_INCREMENT,
  `nombre` varchar(70) COLLATE utf8_unicode_ci NOT NULL,
  `predeterminado` char(1) COLLATE utf8_unicode_ci DEFAULT 'N',
  PRIMARY KEY (`id`),
  KEY `predeterminado` (`predeterminado`)
) ENGINE=InnoDB AUTO_INCREMENT=3 DEFAULT CHARSET=utf8 COLLATE=utf8_unicode_ci;
/*!40101 SET character_set_client = @saved_cs_client */;

--
-- Dumping data for table `sucursal`
--

LOCK TABLES `sucursal` WRITE;
/*!40000 ALTER TABLE `sucursal` DISABLE KEYS */;
INSERT INTO `sucursal` VALUES (1,'EL HOTEL','S'),(2,'RESERVAS','S');
/*!40000 ALTER TABLE `sucursal` ENABLE KEYS */;
UNLOCK TABLES;

--
-- Table structure for table `usuarios`
--

DROP TABLE IF EXISTS `usuarios`;
/*!40101 SET @saved_cs_client     = @@character_set_client */;
/*!40101 SET character_set_client = utf8 */;
CREATE TABLE `usuarios` (
  `id` int(10) unsigned NOT NULL AUTO_INCREMENT,
  `sucursal_id` int(10) unsigned NOT NULL,
  `login` varchar(32) COLLATE utf8_unicode_ci NOT NULL,
  `clave` char(40) COLLATE utf8_unicode_ci NOT NULL,
  `clave_corta` char(40) COLLATE utf8_unicode_ci DEFAULT NULL,
  `fingerprint` char(48) COLLATE utf8_unicode_ci DEFAULT NULL,
  `apellidos` varchar(50) COLLATE utf8_unicode_ci DEFAULT NULL,
  `nombres` varchar(50) COLLATE utf8_unicode_ci NOT NULL,
  `nombre_completo` varchar(100) COLLATE utf8_unicode_ci NOT NULL,
  `email` varchar(70) COLLATE utf8_unicode_ci DEFAULT NULL,
  `genero` char(1) COLLATE utf8_unicode_ci NOT NULL,
  `usuarios_front_id` int(10) unsigned DEFAULT NULL,
  `usuarios_pos_id` int(10) unsigned DEFAULT NULL,
  `clave_fecha` date DEFAULT NULL,
  `creado_at` datetime DEFAULT NULL,
  `estado` char(1) COLLATE utf8_unicode_ci NOT NULL,
  PRIMARY KEY (`id`),
  UNIQUE KEY `login` (`login`),
  KEY `fingerprint` (`fingerprint`)
) ENGINE=InnoDB AUTO_INCREMENT=12 DEFAULT CHARSET=utf8 COLLATE=utf8_unicode_ci;
/*!40101 SET character_set_client = @saved_cs_client */;

--
-- Dumping data for table `usuarios`
--

LOCK TABLES `usuarios` WRITE;
/*!40000 ALTER TABLE `usuarios` DISABLE KEYS */;
INSERT INTO `usuarios` VALUES (1,1,'admin','7c87806da77dfb2ff5fc22e84b0a86d032a70289',NULL,'43FE81B0994019ED811355170AB7CF3FFA1F1D9F35999685','Solution','Administrador','ADMINISTRADOR SOLUTION','admin@bhteck.com','M',1,0,'2010-07-05','2010-07-05 00:21:51','A'),(2,1,'a.contable','aa9add7e1bd51bc8e7ff4ec009e842a7b79b47d8',NULL,'826CAD91F26D48D76EA9C7A2E8D8C453AB826A020D07325C','contable','asistente','ASISTENTE CONTABLE',NULL,'F',80,NULL,NULL,'2013-08-20 10:30:10','A'),(3,1,'liderrecepcion','8f5cb83110a281fd6c0ed5c973743bcfaf0160d9',NULL,'CA3082A582BA8C853B6485A140F8FF12F478A1352C509097','Recepcion','Lider','LIDER RECEPCION',NULL,'M',47,NULL,NULL,'2013-09-03 21:13:09','A'),(4,1,'liderhabitaciones','f181b61999d8930d569767f0229c62d6459b3395',NULL,'BAC7D48E1314A4AD1B98A9CC991E6B9435E178B1FBD52EBE','Habitaciones','Lider','LIDER HABITACIONES',NULL,'M',85,NULL,NULL,'2013-09-03 21:13:48','A'),(5,1,'supervisor','f0b868ba63d17d92134928c96f9c808532ec1ecb',NULL,'810BD95A8CCDB627864433F0DD58933DFB545E4F9153C142','Mantenimiento','Supervisor','SUPERVISOR MANTENIMIENTO',NULL,'M',88,NULL,NULL,'2013-09-03 21:14:37','A'),(6,1,'soporte','d8c4598c4a55bb36b6d92d64b9747185744bdfc3',NULL,'00006BC8E1CBEFF523E428BAE8690E350D5184D67EBD6047','HIGUERA','NICOLAS','NICOLAS HIGUERA','soporte@bhhoteles.com','M',58,NULL,NULL,'2013-10-29 14:56:59','A'),(7,1,'bhpedidos','3e74ee42236110575f7cd96803bc2aeffab73dd4',NULL,'745495276E5A465BA7DA94918BD12A8AEF9D1FF2077B1A12','quinta','bh','BH QUINTA',NULL,'M',84,NULL,NULL,'2014-02-25 11:21:34','A'),(8,1,'recepcion','8a8d0194a5c7d7da661715e59823059e257d94fe',NULL,'13600371C2E0C9F8118D0C608391C2151E73DE444D009CAF','recepcion','bh','BH RECEPCION','soporte@bhhoteles.com','M',38,NULL,NULL,'2014-04-25 09:19:35','A'),(9,1,'j.villamil','c2f8d708bee5c07aea2f43a54b958b82d406e538',NULL,'20C15BB52AD5496BEC0D843867A0BFD3AFF320847027406A','VILLAMIL','JHON','JHON VILLAMIL',NULL,'M',89,NULL,NULL,'2016-06-20 07:06:10','A'),(10,1,'norberto.hernandez','5a74bdba5454ea8685952f01655d838c15def34a',NULL,'9F3B6D4491DD49215D217BA96605B1B73968410D928515F2','hernandez','norberto','NORBERTO HERNANDEZ',NULL,'M',NULL,NULL,NULL,'2016-08-25 14:08:40','A'),(11,1,'alejndro.restrepo','868aa0e299815cd8f9fede169c51cd68979b2991',NULL,'48B68594BD2A11A4D7F590A1E053253202BEDCA7C9529724','restrepo ferreira','alejandro','ALEJANDRO RESTREPO FERREIRA',NULL,'M',112,NULL,NULL,'2017-03-30 10:12:50','A');
/*!40000 ALTER TABLE `usuarios` ENABLE KEYS */;
UNLOCK TABLES;
/*!40103 SET TIME_ZONE=@OLD_TIME_ZONE */;

/*!40101 SET SQL_MODE=@OLD_SQL_MODE */;
/*!40014 SET FOREIGN_KEY_CHECKS=@OLD_FOREIGN_KEY_CHECKS */;
/*!40014 SET UNIQUE_CHECKS=@OLD_UNIQUE_CHECKS */;
/*!40101 SET CHARACTER_SET_CLIENT=@OLD_CHARACTER_SET_CLIENT */;
/*!40101 SET CHARACTER_SET_RESULTS=@OLD_CHARACTER_SET_RESULTS */;
/*!40101 SET COLLATION_CONNECTION=@OLD_COLLATION_CONNECTION */;
/*!40111 SET SQL_NOTES=@OLD_SQL_NOTES */;

-- Dump completed on 2018-01-27 16:45:25
