-- MySQL dump 10.15  Distrib 10.0.22-MariaDB, for Linux (x86_64)
--
-- Host: localhost    Database: ipoblado
-- ------------------------------------------------------
-- Server version	10.0.22-MariaDB

/*!40101 SET @OLD_CHARACTER_SET_CLIENT=@@CHARACTER_SET_CLIENT */;
/*!40101 SET @OLD_CHARACTER_SET_RESULTS=@@CHARACTER_SET_RESULTS */;
/*!40101 SET @OLD_COLLATION_CONNECTION=@@COLLATION_CONNECTION */;
/*!40101 SET NAMES utf8 */;
/*!40103 SET @OLD_TIME_ZONE=@@TIME_ZONE */;
/*!40103 SET TIME_ZONE='+00:00' */;
/*!40014 SET @OLD_UNIQUE_CHECKS=@@UNIQUE_CHECKS, UNIQUE_CHECKS=0 */;
/*!40014 SET @OLD_FOREIGN_KEY_CHECKS=@@FOREIGN_KEY_CHECKS, FOREIGN_KEY_CHECKS=0 */;
/*!40101 SET @OLD_SQL_MODE=@@SQL_MODE, SQL_MODE='NO_AUTO_VALUE_ON_ZERO' */;
/*!40111 SET @OLD_SQL_NOTES=@@SQL_NOTES, SQL_NOTES=0 */;

--
-- Table structure for table `aplicaciones`
--

DROP TABLE IF EXISTS `aplicaciones`;
/*!40101 SET @saved_cs_client     = @@character_set_client */;
/*!40101 SET character_set_client = utf8 */;
CREATE TABLE `aplicaciones` (
  `id` int(10) unsigned NOT NULL AUTO_INCREMENT,
  `codigo` char(2) COLLATE utf8_unicode_ci DEFAULT NULL,
  `nombre` varchar(40) COLLATE utf8_unicode_ci NOT NULL,
  `serial` char(48) COLLATE utf8_unicode_ci NOT NULL,
  `tipo` char(1) COLLATE utf8_unicode_ci DEFAULT 'F',
  `instalada` char(1) COLLATE utf8_unicode_ci NOT NULL DEFAULT 'N',
  PRIMARY KEY (`id`)
) ENGINE=InnoDB AUTO_INCREMENT=7 DEFAULT CHARSET=utf8 COLLATE=utf8_unicode_ci;
/*!40101 SET character_set_client = @saved_cs_client */;

--
-- Dumping data for table `aplicaciones`
--

LOCK TABLES `aplicaciones` WRITE;
/*!40000 ALTER TABLE `aplicaciones` DISABLE KEYS */;
INSERT INTO `aplicaciones` VALUES (1,'CO','Contabilidad','','B','S'),(2,'IN','Inventarios','','B','S'),(3,'NO','Nomina','','B','N'),(4,NULL,'Front-Office','','F','N'),(5,NULL,'Punto de Venta','','F','N'),(6,'IM','Administracion','','B','S');
/*!40000 ALTER TABLE `aplicaciones` ENABLE KEYS */;
UNLOCK TABLES;

--
-- Table structure for table `aplicativos`
--

DROP TABLE IF EXISTS `aplicativos`;
/*!40101 SET @saved_cs_client     = @@character_set_client */;
/*!40101 SET character_set_client = utf8 */;
CREATE TABLE `aplicativos` (
  `id` int(10) unsigned NOT NULL AUTO_INCREMENT,
  `nombre` varchar(40) COLLATE utf8_unicode_ci NOT NULL,
  `serial` char(48) COLLATE utf8_unicode_ci NOT NULL,
  PRIMARY KEY (`id`)
) ENGINE=InnoDB AUTO_INCREMENT=6 DEFAULT CHARSET=utf8 COLLATE=utf8_unicode_ci;
/*!40101 SET character_set_client = @saved_cs_client */;

--
-- Dumping data for table `aplicativos`
--

LOCK TABLES `aplicativos` WRITE;
/*!40000 ALTER TABLE `aplicativos` DISABLE KEYS */;
INSERT INTO `aplicativos` VALUES (1,'Contabilidad',''),(2,'Inventarios',''),(3,'Nomina',''),(4,'Front-Office',''),(5,'Punto de Venta','');
/*!40000 ALTER TABLE `aplicativos` ENABLE KEYS */;
UNLOCK TABLES;

--
-- Table structure for table `perfiles`
--

DROP TABLE IF EXISTS `perfiles`;
/*!40101 SET @saved_cs_client     = @@character_set_client */;
/*!40101 SET character_set_client = utf8 */;
CREATE TABLE `perfiles` (
  `id` int(10) unsigned NOT NULL AUTO_INCREMENT,
  `nombre` varchar(70) COLLATE utf8_unicode_ci NOT NULL,
  `aplicaciones_id` int(11) NOT NULL,
  PRIMARY KEY (`id`)
) ENGINE=InnoDB AUTO_INCREMENT=8 DEFAULT CHARSET=utf8 COLLATE=utf8_unicode_ci;
/*!40101 SET character_set_client = @saved_cs_client */;

--
-- Dumping data for table `perfiles`
--

LOCK TABLES `perfiles` WRITE;
/*!40000 ALTER TABLE `perfiles` DISABLE KEYS */;
INSERT INTO `perfiles` VALUES (1,'Administrador Contable',1),(2,'Administrador Inventarios',2),(3,'Administrador del Sistema',6),(4,'auxcontable1',1),(5,'compras1',2),(6,'compras1',1),(7,'contabilidad',1);
/*!40000 ALTER TABLE `perfiles` ENABLE KEYS */;
UNLOCK TABLES;

--
-- Table structure for table `perfiles_permisos`
--

DROP TABLE IF EXISTS `perfiles_permisos`;
/*!40101 SET @saved_cs_client     = @@character_set_client */;
/*!40101 SET character_set_client = utf8 */;
CREATE TABLE `perfiles_permisos` (
  `id` int(10) unsigned NOT NULL AUTO_INCREMENT,
  `perfiles_id` int(10) unsigned NOT NULL,
  `permisos_id` int(10) unsigned DEFAULT NULL,
  `aplicaciones_id` int(10) unsigned NOT NULL,
  `controller` varchar(100) COLLATE utf8_unicode_ci NOT NULL,
  `action` varchar(100) COLLATE utf8_unicode_ci NOT NULL,
  PRIMARY KEY (`id`),
  UNIQUE KEY `perfiles_id` (`perfiles_id`,`permisos_id`),
  KEY `aplicaciones_id` (`aplicaciones_id`),
  CONSTRAINT `perfiles_permisos_ibfk_1` FOREIGN KEY (`aplicaciones_id`) REFERENCES `aplicaciones` (`id`)
) ENGINE=InnoDB AUTO_INCREMENT=7579 DEFAULT CHARSET=utf8 COLLATE=utf8_unicode_ci;
/*!40101 SET character_set_client = @saved_cs_client */;

--
-- Dumping data for table `perfiles_permisos`
--

LOCK TABLES `perfiles_permisos` WRITE;
/*!40000 ALTER TABLE `perfiles_permisos` DISABLE KEYS */;
INSERT INTO `perfiles_permisos` VALUES (369,1,NULL,2,'ordenes','new'),(370,1,NULL,2,'ordenes','edit'),(371,1,NULL,2,'ordenes','search'),(3881,4,NULL,1,'movimiento','index'),(3882,4,NULL,1,'movimiento','buscar'),(3883,4,NULL,1,'movimiento','guardar'),(3884,4,NULL,1,'consultas','index'),(3885,4,NULL,1,'cambio_nit','index'),(3886,4,NULL,1,'incluir','index'),(3887,4,NULL,1,'aura','index'),(3888,4,NULL,1,'aura','save'),(3889,4,NULL,1,'aura','getComprobByDate'),(3890,4,NULL,1,'libro_auxiliar','index'),(3891,4,NULL,1,'movimiento_terceros','index'),(3892,4,NULL,1,'movimiento_centros','index'),(3893,4,NULL,1,'listado_movimiento','index'),(3894,4,NULL,1,'listado_retencion','index'),(3895,4,NULL,1,'listado_comprob','index'),(3896,4,NULL,1,'retencion','index'),(3897,4,NULL,1,'balance_general','index'),(3898,4,NULL,1,'libro_diario','index'),(3899,4,NULL,1,'libro_mayor','index'),(3900,4,NULL,1,'libro_terceros','index'),(3901,4,NULL,1,'numeracion','index'),(3902,4,NULL,1,'certificado_retencion','index'),(3903,4,NULL,1,'certificado_ica','index'),(3904,4,NULL,1,'pyg','index'),(3905,4,NULL,1,'caratulas','index'),(3906,4,NULL,1,'movimiento_documentos','index'),(3907,4,NULL,1,'cartera_edades','index'),(3908,4,NULL,1,'activos','index'),(3909,4,NULL,1,'grupos','index'),(3910,4,NULL,1,'tipos_activos','index'),(3911,4,NULL,1,'ubicacion','index'),(3912,4,NULL,1,'depreciacion','index'),(3913,4,NULL,1,'anular_depreciacion','index'),(3914,4,NULL,1,'traslado_activos','index'),(3915,4,NULL,1,'novedad_activos','index'),(3916,4,NULL,1,'consulta_depreciacion','index'),(3917,4,NULL,1,'ordenes','index'),(3918,4,NULL,1,'refe','index'),(3919,4,NULL,1,'lineaser','index'),(3920,4,NULL,1,'presupuesto','index'),(3921,4,NULL,1,'ejecucion_pres','index'),(3922,4,NULL,1,'cheque','index'),(3923,4,NULL,1,'chequeras','index'),(3924,4,NULL,1,'chequeras','save'),(3925,4,NULL,1,'chequeras','delete'),(3926,4,NULL,1,'chequeras','search'),(3927,4,NULL,1,'chequeras','rcs'),(3928,4,NULL,1,'cuentas_bancos','index'),(3929,4,NULL,1,'banco','index'),(3930,4,NULL,1,'formato_cheque','index'),(3931,4,NULL,1,'amortizacion','index'),(3932,4,NULL,1,'consulta_causacion','index'),(3933,4,NULL,1,'interface_siigo','index'),(3934,4,NULL,1,'cuentas','index'),(3935,4,NULL,1,'cuentas','queryCuenta'),(3936,4,NULL,1,'terceros','index'),(3937,4,NULL,1,'terceros','save'),(3938,4,NULL,1,'terceros','search'),(3939,4,NULL,1,'terceros','rcs'),(3940,4,NULL,1,'tipodoc','index'),(3941,4,NULL,1,'tipodoc','search'),(3942,4,NULL,1,'tipodoc','rcs'),(3943,4,NULL,1,'comprobantes','index'),(3944,4,NULL,1,'comprobantes','search'),(3945,4,NULL,1,'comprobantes','rcs'),(3946,4,NULL,1,'diarios','index'),(3947,4,NULL,1,'diarios','search'),(3948,4,NULL,1,'diarios','rcs'),(3949,4,NULL,1,'documentos','index'),(3950,4,NULL,1,'documentos','search'),(3951,4,NULL,1,'documentos','rcs'),(3952,4,NULL,1,'formapago','index'),(3953,4,NULL,1,'formapago','search'),(3954,4,NULL,1,'formapago','rcs'),(3955,4,NULL,1,'regimen_cuentas','index'),(3956,4,NULL,1,'regimen_cuentas','search'),(3957,4,NULL,1,'regimen_cuentas','rcs'),(3958,4,NULL,1,'ica','index'),(3959,4,NULL,1,'ica','search'),(3960,4,NULL,1,'ica','rcs'),(3961,4,NULL,1,'comcier','index'),(3962,4,NULL,1,'comcier','search'),(3963,4,NULL,1,'comcier','rcs'),(3964,4,NULL,1,'cuentas_cree','index'),(3965,4,NULL,1,'cuentas_cree','search'),(3966,4,NULL,1,'cuentas_cree','rcs'),(3967,4,NULL,1,'centros','index'),(3968,4,NULL,1,'centros','search'),(3969,4,NULL,1,'centros','rcs'),(3970,4,NULL,1,'consolidados','index'),(3971,4,NULL,1,'consolidados','search'),(3972,4,NULL,1,'consolidados','rcs'),(3973,4,NULL,1,'settings','index'),(3974,4,NULL,1,'settings','save'),(4352,5,NULL,2,'ordenes','index'),(4353,5,NULL,2,'ordenes','new'),(4354,5,NULL,2,'ordenes','edit'),(4355,5,NULL,2,'ordenes','delete'),(4356,5,NULL,2,'ordenes','search'),(4357,5,NULL,2,'ordenes','report'),(4358,5,NULL,2,'ordenes','puedeReAbrir'),(4359,5,NULL,2,'entradas','index'),(4360,5,NULL,2,'entradas','new'),(4361,5,NULL,2,'entradas','edit'),(4362,5,NULL,2,'entradas','delete'),(4363,5,NULL,2,'entradas','search'),(4364,5,NULL,2,'entradas','report'),(4365,5,NULL,2,'salidas','index'),(4366,5,NULL,2,'salidas','new'),(4367,5,NULL,2,'salidas','edit'),(4368,5,NULL,2,'salidas','delete'),(4369,5,NULL,2,'salidas','search'),(4370,5,NULL,2,'salidas','report'),(4371,5,NULL,2,'ajustes','index'),(4372,5,NULL,2,'ajustes','new'),(4373,5,NULL,2,'ajustes','edit'),(4374,5,NULL,2,'ajustes','delete'),(4375,5,NULL,2,'ajustes','search'),(4376,5,NULL,2,'ajustes','report'),(4377,5,NULL,2,'traslados','index'),(4378,5,NULL,2,'traslados','new'),(4379,5,NULL,2,'traslados','edit'),(4380,5,NULL,2,'traslados','delete'),(4381,5,NULL,2,'traslados','search'),(4382,5,NULL,2,'traslados','report'),(4383,5,NULL,2,'fisico','index'),(4384,5,NULL,2,'fisico','consultar'),(4385,5,NULL,2,'salidas','index'),(4386,5,NULL,2,'salidas','new'),(4387,5,NULL,2,'salidas','edit'),(4388,5,NULL,2,'salidas','delete'),(4389,5,NULL,2,'salidas','search'),(4390,5,NULL,2,'salidas','report'),(4391,5,NULL,2,'pedidos','index'),(4392,5,NULL,2,'pedidos','new'),(4393,5,NULL,2,'pedidos','edit'),(4394,5,NULL,2,'pedidos','delete'),(4395,5,NULL,2,'pedidos','search'),(4396,5,NULL,2,'pedidos','report'),(4397,5,NULL,2,'transformaciones','index'),(4398,5,NULL,2,'transformaciones','new'),(4399,5,NULL,2,'transformaciones','edit'),(4400,5,NULL,2,'transformaciones','delete'),(4401,5,NULL,2,'transformaciones','search'),(4402,5,NULL,2,'transformaciones','report'),(4403,5,NULL,2,'kardex','index'),(4404,5,NULL,2,'saldos_almacen','index'),(4405,5,NULL,2,'saldos_almacen_consolidado','index'),(4406,5,NULL,2,'stocks','index'),(4407,5,NULL,2,'comportamiento','index'),(4408,5,NULL,2,'movimientos','index'),(4409,5,NULL,2,'consecutivos','index'),(4410,5,NULL,2,'trasunto','index'),(4411,5,NULL,2,'consumos','index'),(4412,5,NULL,2,'listado_referencias','index'),(4413,5,NULL,2,'listado_proveedores','index'),(4414,5,NULL,2,'horti','index'),(4415,5,NULL,2,'impresion','index'),(4416,5,NULL,2,'cerrar','index'),(4417,5,NULL,2,'reabrir','index'),(4418,5,NULL,2,'referencias','index'),(4419,5,NULL,2,'referencias','queryByItemAction'),(4420,5,NULL,2,'referencias','queryByNameAction'),(4421,5,NULL,2,'referencias','new'),(4422,5,NULL,2,'referencias','edit'),(4423,5,NULL,2,'referencias','delete'),(4424,5,NULL,2,'referencias','search'),(4425,5,NULL,2,'referencias','report'),(4426,5,NULL,2,'lineas','index'),(4427,5,NULL,2,'lineas','new'),(4428,5,NULL,2,'lineas','edit'),(4429,5,NULL,2,'lineas','delete'),(4430,5,NULL,2,'lineas','search'),(4431,5,NULL,2,'lineas','report'),(4432,5,NULL,2,'producto','index'),(4433,5,NULL,2,'producto','new'),(4434,5,NULL,2,'producto','edit'),(4435,5,NULL,2,'producto','delete'),(4436,5,NULL,2,'producto','search'),(4437,5,NULL,2,'producto','report'),(4438,5,NULL,2,'almacenes','index'),(4439,5,NULL,2,'almacenes','new'),(4440,5,NULL,2,'almacenes','edit'),(4441,5,NULL,2,'almacenes','delete'),(4442,5,NULL,2,'almacenes','search'),(4443,5,NULL,2,'almacenes','report'),(4444,5,NULL,2,'almacenes','import'),(4445,5,NULL,2,'centros','index'),(4446,5,NULL,2,'centros','new'),(4447,5,NULL,2,'centros','edit'),(4448,5,NULL,2,'centros','delete'),(4449,5,NULL,2,'centros','search'),(4450,5,NULL,2,'centros','report'),(4451,5,NULL,2,'centros','import'),(4452,5,NULL,2,'formapago','index'),(4453,5,NULL,2,'formapago','new'),(4454,5,NULL,2,'formapago','edit'),(4455,5,NULL,2,'formapago','delete'),(4456,5,NULL,2,'formapago','search'),(4457,5,NULL,2,'formapago','report'),(4458,5,NULL,2,'formapago','import'),(4459,5,NULL,2,'terceros','index'),(4460,5,NULL,2,'terceros','new'),(4461,5,NULL,2,'terceros','edit'),(4462,5,NULL,2,'terceros','delete'),(4463,5,NULL,2,'terceros','search'),(4464,5,NULL,2,'terceros','report'),(4465,5,NULL,2,'terceros','import'),(4466,5,NULL,2,'matriz_proveedores','index'),(4467,5,NULL,2,'criterios','index'),(4468,5,NULL,2,'criterios','new'),(4469,5,NULL,2,'criterios','edit'),(4470,5,NULL,2,'criterios','delete'),(4471,5,NULL,2,'criterios','search'),(4472,5,NULL,2,'criterios','report'),(4473,5,NULL,2,'criterios','import'),(4474,5,NULL,2,'unidades','index'),(4475,5,NULL,2,'unidades','new'),(4476,5,NULL,2,'unidades','edit'),(4477,5,NULL,2,'unidades','delete'),(4478,5,NULL,2,'unidades','search'),(4479,5,NULL,2,'unidades','report'),(4480,5,NULL,2,'unidades','import'),(4481,5,NULL,2,'magnitudes','index'),(4482,5,NULL,2,'magnitudes','new'),(4483,5,NULL,2,'magnitudes','edit'),(4484,5,NULL,2,'magnitudes','delete'),(4485,5,NULL,2,'magnitudes','search'),(4486,5,NULL,2,'magnitudes','report'),(4487,5,NULL,2,'magnitudes','import'),(4488,5,NULL,2,'conversion','index'),(4489,5,NULL,2,'conversion','new'),(4490,5,NULL,2,'conversion','edit'),(4491,5,NULL,2,'conversion','delete'),(4492,5,NULL,2,'conversion','search'),(4493,5,NULL,2,'conversion','report'),(4494,5,NULL,2,'conversion','import'),(4495,5,NULL,2,'cuentas','index'),(4496,5,NULL,2,'cuentas','queryCuenta'),(4497,5,NULL,2,'regimen_cuentas','index'),(4498,5,NULL,2,'regimen_cuentas','new'),(4499,5,NULL,2,'regimen_cuentas','edit'),(4500,5,NULL,2,'regimen_cuentas','delete'),(4501,5,NULL,2,'regimen_cuentas','search'),(4502,5,NULL,2,'regimen_cuentas','report'),(4503,5,NULL,2,'regimen_cuentas','import'),(4504,5,NULL,2,'consumos_internos','index'),(4505,5,NULL,2,'consumos_internos','new'),(4506,5,NULL,2,'consumos_internos','edit'),(4507,5,NULL,2,'consumos_internos','delete'),(4508,5,NULL,2,'consumos_internos','search'),(4509,5,NULL,2,'consumos_internos','report'),(4510,5,NULL,2,'retecompras','index'),(4511,5,NULL,2,'retecompras','save'),(4512,5,NULL,2,'retecompras','delete'),(4513,5,NULL,2,'retecompras','search'),(4514,5,NULL,2,'retecompras','rcs'),(4515,5,NULL,2,'settings','index'),(4516,5,NULL,2,'settings','save'),(4682,2,NULL,2,'ordenes','index'),(4683,2,NULL,2,'ordenes','new'),(4684,2,NULL,2,'ordenes','edit'),(4685,2,NULL,2,'ordenes','delete'),(4686,2,NULL,2,'ordenes','search'),(4687,2,NULL,2,'ordenes','report'),(4688,2,NULL,2,'ordenes','puedeReAbrir'),(4689,2,NULL,2,'entradas','index'),(4690,2,NULL,2,'entradas','new'),(4691,2,NULL,2,'entradas','edit'),(4692,2,NULL,2,'entradas','delete'),(4693,2,NULL,2,'entradas','search'),(4694,2,NULL,2,'entradas','report'),(4695,2,NULL,2,'salidas','index'),(4696,2,NULL,2,'salidas','new'),(4697,2,NULL,2,'salidas','edit'),(4698,2,NULL,2,'salidas','delete'),(4699,2,NULL,2,'salidas','search'),(4700,2,NULL,2,'salidas','report'),(4701,2,NULL,2,'ajustes','index'),(4702,2,NULL,2,'ajustes','new'),(4703,2,NULL,2,'ajustes','edit'),(4704,2,NULL,2,'ajustes','delete'),(4705,2,NULL,2,'ajustes','search'),(4706,2,NULL,2,'ajustes','report'),(4707,2,NULL,2,'traslados','index'),(4708,2,NULL,2,'traslados','new'),(4709,2,NULL,2,'traslados','edit'),(4710,2,NULL,2,'traslados','delete'),(4711,2,NULL,2,'traslados','search'),(4712,2,NULL,2,'traslados','report'),(4713,2,NULL,2,'fisico','index'),(4714,2,NULL,2,'fisico','consultar'),(4715,2,NULL,2,'salidas','index'),(4716,2,NULL,2,'salidas','new'),(4717,2,NULL,2,'salidas','edit'),(4718,2,NULL,2,'salidas','delete'),(4719,2,NULL,2,'salidas','search'),(4720,2,NULL,2,'salidas','report'),(4721,2,NULL,2,'pedidos','index'),(4722,2,NULL,2,'pedidos','new'),(4723,2,NULL,2,'pedidos','edit'),(4724,2,NULL,2,'pedidos','delete'),(4725,2,NULL,2,'pedidos','search'),(4726,2,NULL,2,'pedidos','report'),(4727,2,NULL,2,'transformaciones','index'),(4728,2,NULL,2,'transformaciones','new'),(4729,2,NULL,2,'transformaciones','edit'),(4730,2,NULL,2,'transformaciones','delete'),(4731,2,NULL,2,'transformaciones','search'),(4732,2,NULL,2,'transformaciones','report'),(4733,2,NULL,2,'kardex','index'),(4734,2,NULL,2,'saldos_almacen','index'),(4735,2,NULL,2,'saldos_almacen_consolidado','index'),(4736,2,NULL,2,'stocks','index'),(4737,2,NULL,2,'comportamiento','index'),(4738,2,NULL,2,'movimientos','index'),(4739,2,NULL,2,'consecutivos','index'),(4740,2,NULL,2,'trasunto','index'),(4741,2,NULL,2,'consumos','index'),(4742,2,NULL,2,'listado_referencias','index'),(4743,2,NULL,2,'listado_proveedores','index'),(4744,2,NULL,2,'horti','index'),(4745,2,NULL,2,'impresion','index'),(4746,2,NULL,2,'cerrar','index'),(4747,2,NULL,2,'reabrir','index'),(4748,2,NULL,2,'referencias','index'),(4749,2,NULL,2,'referencias','queryByItemAction'),(4750,2,NULL,2,'referencias','queryByNameAction'),(4751,2,NULL,2,'referencias','new'),(4752,2,NULL,2,'referencias','edit'),(4753,2,NULL,2,'referencias','delete'),(4754,2,NULL,2,'referencias','search'),(4755,2,NULL,2,'referencias','report'),(4756,2,NULL,2,'lineas','index'),(4757,2,NULL,2,'lineas','new'),(4758,2,NULL,2,'lineas','edit'),(4759,2,NULL,2,'lineas','delete'),(4760,2,NULL,2,'lineas','search'),(4761,2,NULL,2,'lineas','report'),(4762,2,NULL,2,'producto','index'),(4763,2,NULL,2,'producto','new'),(4764,2,NULL,2,'producto','edit'),(4765,2,NULL,2,'producto','delete'),(4766,2,NULL,2,'producto','search'),(4767,2,NULL,2,'producto','report'),(4768,2,NULL,2,'almacenes','index'),(4769,2,NULL,2,'almacenes','new'),(4770,2,NULL,2,'almacenes','edit'),(4771,2,NULL,2,'almacenes','delete'),(4772,2,NULL,2,'almacenes','search'),(4773,2,NULL,2,'almacenes','report'),(4774,2,NULL,2,'almacenes','import'),(4775,2,NULL,2,'centros','index'),(4776,2,NULL,2,'centros','new'),(4777,2,NULL,2,'centros','edit'),(4778,2,NULL,2,'centros','delete'),(4779,2,NULL,2,'centros','search'),(4780,2,NULL,2,'centros','report'),(4781,2,NULL,2,'centros','import'),(4782,2,NULL,2,'formapago','index'),(4783,2,NULL,2,'formapago','new'),(4784,2,NULL,2,'formapago','edit'),(4785,2,NULL,2,'formapago','delete'),(4786,2,NULL,2,'formapago','search'),(4787,2,NULL,2,'formapago','report'),(4788,2,NULL,2,'formapago','import'),(4789,2,NULL,2,'terceros','index'),(4790,2,NULL,2,'terceros','new'),(4791,2,NULL,2,'terceros','edit'),(4792,2,NULL,2,'terceros','delete'),(4793,2,NULL,2,'terceros','search'),(4794,2,NULL,2,'terceros','report'),(4795,2,NULL,2,'terceros','import'),(4796,2,NULL,2,'matriz_proveedores','index'),(4797,2,NULL,2,'criterios','index'),(4798,2,NULL,2,'criterios','new'),(4799,2,NULL,2,'criterios','edit'),(4800,2,NULL,2,'criterios','delete'),(4801,2,NULL,2,'criterios','search'),(4802,2,NULL,2,'criterios','report'),(4803,2,NULL,2,'criterios','import'),(4804,2,NULL,2,'unidades','index'),(4805,2,NULL,2,'unidades','new'),(4806,2,NULL,2,'unidades','edit'),(4807,2,NULL,2,'unidades','delete'),(4808,2,NULL,2,'unidades','search'),(4809,2,NULL,2,'unidades','report'),(4810,2,NULL,2,'unidades','import'),(4811,2,NULL,2,'magnitudes','index'),(4812,2,NULL,2,'magnitudes','new'),(4813,2,NULL,2,'magnitudes','edit'),(4814,2,NULL,2,'magnitudes','delete'),(4815,2,NULL,2,'magnitudes','search'),(4816,2,NULL,2,'magnitudes','report'),(4817,2,NULL,2,'magnitudes','import'),(4818,2,NULL,2,'conversion','index'),(4819,2,NULL,2,'conversion','new'),(4820,2,NULL,2,'conversion','edit'),(4821,2,NULL,2,'conversion','delete'),(4822,2,NULL,2,'conversion','search'),(4823,2,NULL,2,'conversion','report'),(4824,2,NULL,2,'conversion','import'),(4825,2,NULL,2,'cuentas','index'),(4826,2,NULL,2,'cuentas','queryCuenta'),(4827,2,NULL,2,'regimen_cuentas','index'),(4828,2,NULL,2,'regimen_cuentas','new'),(4829,2,NULL,2,'regimen_cuentas','edit'),(4830,2,NULL,2,'regimen_cuentas','delete'),(4831,2,NULL,2,'regimen_cuentas','search'),(4832,2,NULL,2,'regimen_cuentas','report'),(4833,2,NULL,2,'regimen_cuentas','import'),(4834,2,NULL,2,'consumos_internos','index'),(4835,2,NULL,2,'consumos_internos','new'),(4836,2,NULL,2,'consumos_internos','edit'),(4837,2,NULL,2,'consumos_internos','delete'),(4838,2,NULL,2,'consumos_internos','search'),(4839,2,NULL,2,'consumos_internos','report'),(4840,2,NULL,2,'retecompras','index'),(4841,2,NULL,2,'retecompras','save'),(4842,2,NULL,2,'retecompras','delete'),(4843,2,NULL,2,'retecompras','search'),(4844,2,NULL,2,'retecompras','rcs'),(4845,2,NULL,2,'settings','index'),(4846,2,NULL,2,'settings','save'),(7163,1,NULL,1,'movimiento','index'),(7164,1,NULL,1,'movimiento','buscar'),(7165,1,NULL,1,'movimiento','guardar'),(7166,1,NULL,1,'movimiento','eliminar'),(7167,1,NULL,1,'movimiento','cambiarFecha'),(7168,1,NULL,1,'movimiento','copiar'),(7169,1,NULL,1,'consultas','index'),(7170,1,NULL,1,'cambio_nit','index'),(7171,1,NULL,1,'incluir','index'),(7172,1,NULL,1,'excluir','index'),(7173,1,NULL,1,'aura','index'),(7174,1,NULL,1,'aura','save'),(7175,1,NULL,1,'aura','getComprobByDate'),(7176,1,NULL,1,'balance','index'),(7177,1,NULL,1,'libro_auxiliar','index'),(7178,1,NULL,1,'consecutivos','index'),(7179,1,NULL,1,'movimiento_terceros','index'),(7180,1,NULL,1,'movimiento_centros','index'),(7181,1,NULL,1,'balance_centros','index'),(7182,1,NULL,1,'comprobante_diario','index'),(7183,1,NULL,1,'listado_movimiento','index'),(7184,1,NULL,1,'listado_retencion','index'),(7185,1,NULL,1,'listado_comprob','index'),(7186,1,NULL,1,'retencion','index'),(7187,1,NULL,1,'balance_general','index'),(7188,1,NULL,1,'libro_diario','index'),(7189,1,NULL,1,'libro_mayor','index'),(7190,1,NULL,1,'libro_terceros','index'),(7191,1,NULL,1,'numeracion','index'),(7192,1,NULL,1,'certificado_retencion','index'),(7193,1,NULL,1,'certificado_ica','index'),(7194,1,NULL,1,'pyg','index'),(7195,1,NULL,1,'caratulas','index'),(7196,1,NULL,1,'movimiento_documentos','index'),(7197,1,NULL,1,'cartera_edades','index'),(7198,1,NULL,1,'activos','index'),(7199,1,NULL,1,'activos','save'),(7200,1,NULL,1,'activos','delete'),(7201,1,NULL,1,'activos','search'),(7202,1,NULL,1,'activos','rcs'),(7203,1,NULL,1,'grupos','index'),(7204,1,NULL,1,'grupos','save'),(7205,1,NULL,1,'grupos','delete'),(7206,1,NULL,1,'grupos','search'),(7207,1,NULL,1,'grupos','rcs'),(7208,1,NULL,1,'tipos_activos','index'),(7209,1,NULL,1,'tipos_activos','save'),(7210,1,NULL,1,'tipos_activos','delete'),(7211,1,NULL,1,'tipos_activos','search'),(7212,1,NULL,1,'tipos_activos','rcs'),(7213,1,NULL,1,'ubicacion','index'),(7214,1,NULL,1,'ubicacion','save'),(7215,1,NULL,1,'ubicacion','delete'),(7216,1,NULL,1,'ubicacion','search'),(7217,1,NULL,1,'ubicacion','rcs'),(7218,1,NULL,1,'depreciacion','index'),(7219,1,NULL,1,'anular_depreciacion','index'),(7220,1,NULL,1,'traslado_activos','index'),(7221,1,NULL,1,'novedad_activos','index'),(7222,1,NULL,1,'consulta_depreciacion','index'),(7223,1,NULL,1,'ordenes','index'),(7224,1,NULL,1,'refe','index'),(7225,1,NULL,1,'refe','save'),(7226,1,NULL,1,'refe','delete'),(7227,1,NULL,1,'refe','search'),(7228,1,NULL,1,'refe','rcs'),(7229,1,NULL,1,'lineaser','index'),(7230,1,NULL,1,'lineaser','save'),(7231,1,NULL,1,'lineaser','delete'),(7232,1,NULL,1,'lineaser','search'),(7233,1,NULL,1,'lineaser','rcs'),(7234,1,NULL,1,'presupuesto','index'),(7235,1,NULL,1,'ejecucion_pres','index'),(7236,1,NULL,1,'recibo_caja','index'),(7237,1,NULL,1,'recibo_caja','buscar'),(7238,1,NULL,1,'recibo_caja','ver'),(7239,1,NULL,1,'recibo_caja','nuevo'),(7240,1,NULL,1,'recibo_caja','generar'),(7241,1,NULL,1,'recibo_caja','anular'),(7242,1,NULL,1,'recibo_caja','imprimir'),(7243,1,NULL,1,'cheque','index'),(7244,1,NULL,1,'chequeras','index'),(7245,1,NULL,1,'chequeras','save'),(7246,1,NULL,1,'chequeras','delete'),(7247,1,NULL,1,'chequeras','search'),(7248,1,NULL,1,'chequeras','rcs'),(7249,1,NULL,1,'cuentas_bancos','index'),(7250,1,NULL,1,'cuentas_bancos','save'),(7251,1,NULL,1,'cuentas_bancos','delete'),(7252,1,NULL,1,'cuentas_bancos','search'),(7253,1,NULL,1,'cuentas_bancos','rcs'),(7254,1,NULL,1,'banco','index'),(7255,1,NULL,1,'banco','save'),(7256,1,NULL,1,'banco','delete'),(7257,1,NULL,1,'banco','search'),(7258,1,NULL,1,'banco','rcs'),(7259,1,NULL,1,'formato_cheque','index'),(7260,1,NULL,1,'medios','index'),(7261,1,NULL,1,'campos_medios','index'),(7262,1,NULL,1,'codigos_medios','index'),(7263,1,NULL,1,'codigos_medios','save'),(7264,1,NULL,1,'codigos_medios','delete'),(7265,1,NULL,1,'codigos_medios','search'),(7266,1,NULL,1,'codigos_medios','rcs'),(7267,1,NULL,1,'formatos_medios','index'),(7268,1,NULL,1,'formatos_medios','save'),(7269,1,NULL,1,'formatos_medios','delete'),(7270,1,NULL,1,'formatos_medios','search'),(7271,1,NULL,1,'formatos_medios','rcs'),(7272,1,NULL,1,'diferidos','index'),(7273,1,NULL,1,'diferidos','save'),(7274,1,NULL,1,'diferidos','delete'),(7275,1,NULL,1,'diferidos','search'),(7276,1,NULL,1,'diferidos','rcs'),(7277,1,NULL,1,'grupos_diferidos','index'),(7278,1,NULL,1,'grupos_diferidos','save'),(7279,1,NULL,1,'grupos_diferidos','delete'),(7280,1,NULL,1,'grupos_diferidos','search'),(7281,1,NULL,1,'grupos_diferidos','rcs'),(7282,1,NULL,1,'amortizacion','index'),(7283,1,NULL,1,'consulta_causacion','index'),(7284,1,NULL,1,'interface_siigo','index'),(7285,1,NULL,1,'cierre_contable','index'),(7286,1,NULL,1,'reabrir_mes','index'),(7287,1,NULL,1,'cierre_cuentas','index'),(7288,1,NULL,1,'reabrir_cuentas','index'),(7289,1,NULL,1,'comprobante_cierre','index'),(7290,1,NULL,1,'cierre_anual','index'),(7291,1,NULL,1,'reabrir_ano','index'),(7292,1,NULL,1,'cuentas','index'),(7293,1,NULL,1,'cuentas','queryCuenta'),(7294,1,NULL,1,'terceros','index'),(7295,1,NULL,1,'terceros','save'),(7296,1,NULL,1,'terceros','delete'),(7297,1,NULL,1,'terceros','search'),(7298,1,NULL,1,'terceros','rcs'),(7299,1,NULL,1,'tipodoc','index'),(7300,1,NULL,1,'tipodoc','save'),(7301,1,NULL,1,'tipodoc','delete'),(7302,1,NULL,1,'tipodoc','search'),(7303,1,NULL,1,'tipodoc','rcs'),(7304,1,NULL,1,'comprobantes','index'),(7305,1,NULL,1,'comprobantes','save'),(7306,1,NULL,1,'comprobantes','delete'),(7307,1,NULL,1,'comprobantes','search'),(7308,1,NULL,1,'comprobantes','rcs'),(7309,1,NULL,1,'diarios','index'),(7310,1,NULL,1,'diarios','save'),(7311,1,NULL,1,'diarios','delete'),(7312,1,NULL,1,'diarios','search'),(7313,1,NULL,1,'diarios','rcs'),(7314,1,NULL,1,'documentos','index'),(7315,1,NULL,1,'documentos','save'),(7316,1,NULL,1,'documentos','delete'),(7317,1,NULL,1,'documentos','search'),(7318,1,NULL,1,'documentos','rcs'),(7319,1,NULL,1,'formapago','index'),(7320,1,NULL,1,'formapago','save'),(7321,1,NULL,1,'formapago','delete'),(7322,1,NULL,1,'formapago','search'),(7323,1,NULL,1,'formapago','rcs'),(7324,1,NULL,1,'regimen_cuentas','index'),(7325,1,NULL,1,'regimen_cuentas','save'),(7326,1,NULL,1,'regimen_cuentas','delete'),(7327,1,NULL,1,'regimen_cuentas','search'),(7328,1,NULL,1,'regimen_cuentas','rcs'),(7329,1,NULL,1,'ica','index'),(7330,1,NULL,1,'ica','save'),(7331,1,NULL,1,'ica','delete'),(7332,1,NULL,1,'ica','search'),(7333,1,NULL,1,'ica','rcs'),(7334,1,NULL,1,'comcier','index'),(7335,1,NULL,1,'comcier','save'),(7336,1,NULL,1,'comcier','delete'),(7337,1,NULL,1,'comcier','search'),(7338,1,NULL,1,'comcier','rcs'),(7339,1,NULL,1,'cuentas_cree','index'),(7340,1,NULL,1,'cuentas_cree','save'),(7341,1,NULL,1,'cuentas_cree','delete'),(7342,1,NULL,1,'cuentas_cree','search'),(7343,1,NULL,1,'cuentas_cree','rcs'),(7344,1,NULL,1,'centros','index'),(7345,1,NULL,1,'centros','save'),(7346,1,NULL,1,'centros','delete'),(7347,1,NULL,1,'centros','search'),(7348,1,NULL,1,'centros','rcs'),(7349,1,NULL,1,'consolidados','index'),(7350,1,NULL,1,'consolidados','save'),(7351,1,NULL,1,'consolidados','delete'),(7352,1,NULL,1,'consolidados','search'),(7353,1,NULL,1,'consolidados','rcs'),(7354,1,NULL,1,'settings','index'),(7355,1,NULL,1,'settings','save'),(7356,7,NULL,1,'movimiento','index'),(7357,7,NULL,1,'movimiento','buscar'),(7358,7,NULL,1,'movimiento','guardar'),(7359,7,NULL,1,'movimiento','eliminar'),(7360,7,NULL,1,'movimiento','cambiarFecha'),(7361,7,NULL,1,'movimiento','copiar'),(7362,7,NULL,1,'consultas','index'),(7363,7,NULL,1,'cambio_nit','index'),(7364,7,NULL,1,'incluir','index'),(7365,7,NULL,1,'excluir','index'),(7366,7,NULL,1,'aura','index'),(7367,7,NULL,1,'aura','save'),(7368,7,NULL,1,'aura','getComprobByDate'),(7369,7,NULL,1,'balance','index'),(7370,7,NULL,1,'libro_auxiliar','index'),(7371,7,NULL,1,'consecutivos','index'),(7372,7,NULL,1,'movimiento_terceros','index'),(7373,7,NULL,1,'movimiento_centros','index'),(7374,7,NULL,1,'balance_centros','index'),(7375,7,NULL,1,'comprobante_diario','index'),(7376,7,NULL,1,'listado_movimiento','index'),(7377,7,NULL,1,'listado_retencion','index'),(7378,7,NULL,1,'listado_comprob','index'),(7379,7,NULL,1,'retencion','index'),(7380,7,NULL,1,'balance_general','index'),(7381,7,NULL,1,'libro_diario','index'),(7382,7,NULL,1,'libro_mayor','index'),(7383,7,NULL,1,'libro_terceros','index'),(7384,7,NULL,1,'numeracion','index'),(7385,7,NULL,1,'certificado_retencion','index'),(7386,7,NULL,1,'certificado_ica','index'),(7387,7,NULL,1,'pyg','index'),(7388,7,NULL,1,'caratulas','index'),(7389,7,NULL,1,'movimiento_documentos','index'),(7390,7,NULL,1,'cartera_edades','index'),(7391,7,NULL,1,'activos','index'),(7392,7,NULL,1,'activos','save'),(7393,7,NULL,1,'activos','delete'),(7394,7,NULL,1,'activos','search'),(7395,7,NULL,1,'activos','rcs'),(7396,7,NULL,1,'grupos','index'),(7397,7,NULL,1,'grupos','save'),(7398,7,NULL,1,'grupos','delete'),(7399,7,NULL,1,'grupos','search'),(7400,7,NULL,1,'grupos','rcs'),(7401,7,NULL,1,'tipos_activos','index'),(7402,7,NULL,1,'tipos_activos','save'),(7403,7,NULL,1,'tipos_activos','delete'),(7404,7,NULL,1,'tipos_activos','search'),(7405,7,NULL,1,'tipos_activos','rcs'),(7406,7,NULL,1,'ubicacion','index'),(7407,7,NULL,1,'ubicacion','save'),(7408,7,NULL,1,'ubicacion','delete'),(7409,7,NULL,1,'ubicacion','search'),(7410,7,NULL,1,'ubicacion','rcs'),(7411,7,NULL,1,'depreciacion','index'),(7412,7,NULL,1,'anular_depreciacion','index'),(7413,7,NULL,1,'traslado_activos','index'),(7414,7,NULL,1,'novedad_activos','index'),(7415,7,NULL,1,'consulta_depreciacion','index'),(7416,7,NULL,1,'ordenes','index'),(7417,7,NULL,1,'refe','index'),(7418,7,NULL,1,'refe','save'),(7419,7,NULL,1,'refe','delete'),(7420,7,NULL,1,'refe','search'),(7421,7,NULL,1,'refe','rcs'),(7422,7,NULL,1,'lineaser','index'),(7423,7,NULL,1,'lineaser','save'),(7424,7,NULL,1,'lineaser','delete'),(7425,7,NULL,1,'lineaser','search'),(7426,7,NULL,1,'lineaser','rcs'),(7427,7,NULL,1,'presupuesto','index'),(7428,7,NULL,1,'ejecucion_pres','index'),(7429,7,NULL,1,'recibo_caja','index'),(7430,7,NULL,1,'recibo_caja','buscar'),(7431,7,NULL,1,'recibo_caja','ver'),(7432,7,NULL,1,'recibo_caja','nuevo'),(7433,7,NULL,1,'recibo_caja','generar'),(7434,7,NULL,1,'recibo_caja','anular'),(7435,7,NULL,1,'recibo_caja','imprimir'),(7436,7,NULL,1,'cheque','index'),(7437,7,NULL,1,'chequeras','index'),(7438,7,NULL,1,'chequeras','save'),(7439,7,NULL,1,'chequeras','delete'),(7440,7,NULL,1,'chequeras','search'),(7441,7,NULL,1,'chequeras','rcs'),(7442,7,NULL,1,'cuentas_bancos','index'),(7443,7,NULL,1,'cuentas_bancos','save'),(7444,7,NULL,1,'cuentas_bancos','delete'),(7445,7,NULL,1,'cuentas_bancos','search'),(7446,7,NULL,1,'cuentas_bancos','rcs'),(7447,7,NULL,1,'banco','index'),(7448,7,NULL,1,'banco','save'),(7449,7,NULL,1,'banco','delete'),(7450,7,NULL,1,'banco','search'),(7451,7,NULL,1,'banco','rcs'),(7452,7,NULL,1,'formato_cheque','index'),(7453,7,NULL,1,'medios','index'),(7454,7,NULL,1,'campos_medios','index'),(7455,7,NULL,1,'codigos_medios','index'),(7456,7,NULL,1,'codigos_medios','save'),(7457,7,NULL,1,'codigos_medios','delete'),(7458,7,NULL,1,'codigos_medios','search'),(7459,7,NULL,1,'codigos_medios','rcs'),(7460,7,NULL,1,'formatos_medios','index'),(7461,7,NULL,1,'formatos_medios','save'),(7462,7,NULL,1,'formatos_medios','delete'),(7463,7,NULL,1,'formatos_medios','search'),(7464,7,NULL,1,'formatos_medios','rcs'),(7465,7,NULL,1,'diferidos','index'),(7466,7,NULL,1,'diferidos','save'),(7467,7,NULL,1,'diferidos','delete'),(7468,7,NULL,1,'diferidos','search'),(7469,7,NULL,1,'diferidos','rcs'),(7470,7,NULL,1,'grupos_diferidos','index'),(7471,7,NULL,1,'grupos_diferidos','save'),(7472,7,NULL,1,'grupos_diferidos','delete'),(7473,7,NULL,1,'grupos_diferidos','search'),(7474,7,NULL,1,'grupos_diferidos','rcs'),(7475,7,NULL,1,'amortizacion','index'),(7476,7,NULL,1,'consulta_causacion','index'),(7477,7,NULL,1,'interface_siigo','index'),(7478,7,NULL,1,'cierre_contable','index'),(7479,7,NULL,1,'reabrir_mes','index'),(7480,7,NULL,1,'cierre_cuentas','index'),(7481,7,NULL,1,'reabrir_cuentas','index'),(7482,7,NULL,1,'comprobante_cierre','index'),(7483,7,NULL,1,'cierre_anual','index'),(7484,7,NULL,1,'reabrir_ano','index'),(7485,7,NULL,1,'cuentas','index'),(7486,7,NULL,1,'cuentas','queryCuenta'),(7487,7,NULL,1,'terceros','index'),(7488,7,NULL,1,'terceros','save'),(7489,7,NULL,1,'terceros','delete'),(7490,7,NULL,1,'terceros','search'),(7491,7,NULL,1,'terceros','rcs'),(7492,7,NULL,1,'tipodoc','index'),(7493,7,NULL,1,'tipodoc','save'),(7494,7,NULL,1,'tipodoc','delete'),(7495,7,NULL,1,'tipodoc','search'),(7496,7,NULL,1,'tipodoc','rcs'),(7497,7,NULL,1,'comprobantes','index'),(7498,7,NULL,1,'comprobantes','save'),(7499,7,NULL,1,'comprobantes','delete'),(7500,7,NULL,1,'comprobantes','search'),(7501,7,NULL,1,'comprobantes','rcs'),(7502,7,NULL,1,'diarios','index'),(7503,7,NULL,1,'diarios','save'),(7504,7,NULL,1,'diarios','delete'),(7505,7,NULL,1,'diarios','search'),(7506,7,NULL,1,'diarios','rcs'),(7507,7,NULL,1,'documentos','index'),(7508,7,NULL,1,'documentos','save'),(7509,7,NULL,1,'documentos','delete'),(7510,7,NULL,1,'documentos','search'),(7511,7,NULL,1,'documentos','rcs'),(7512,7,NULL,1,'formapago','index'),(7513,7,NULL,1,'formapago','save'),(7514,7,NULL,1,'formapago','delete'),(7515,7,NULL,1,'formapago','search'),(7516,7,NULL,1,'formapago','rcs'),(7517,7,NULL,1,'regimen_cuentas','index'),(7518,7,NULL,1,'regimen_cuentas','save'),(7519,7,NULL,1,'regimen_cuentas','delete'),(7520,7,NULL,1,'regimen_cuentas','search'),(7521,7,NULL,1,'regimen_cuentas','rcs'),(7522,7,NULL,1,'ica','index'),(7523,7,NULL,1,'ica','save'),(7524,7,NULL,1,'ica','delete'),(7525,7,NULL,1,'ica','search'),(7526,7,NULL,1,'ica','rcs'),(7527,7,NULL,1,'comcier','index'),(7528,7,NULL,1,'comcier','save'),(7529,7,NULL,1,'comcier','delete'),(7530,7,NULL,1,'comcier','search'),(7531,7,NULL,1,'comcier','rcs'),(7532,7,NULL,1,'cuentas_cree','index'),(7533,7,NULL,1,'cuentas_cree','save'),(7534,7,NULL,1,'cuentas_cree','delete'),(7535,7,NULL,1,'cuentas_cree','search'),(7536,7,NULL,1,'cuentas_cree','rcs'),(7537,7,NULL,1,'centros','index'),(7538,7,NULL,1,'centros','save'),(7539,7,NULL,1,'centros','delete'),(7540,7,NULL,1,'centros','search'),(7541,7,NULL,1,'centros','rcs'),(7542,7,NULL,1,'consolidados','index'),(7543,7,NULL,1,'consolidados','save'),(7544,7,NULL,1,'consolidados','delete'),(7545,7,NULL,1,'consolidados','search'),(7546,7,NULL,1,'consolidados','rcs'),(7547,7,NULL,1,'settings','index'),(7548,7,NULL,1,'settings','save'),(7549,3,NULL,6,'usuarios','index'),(7550,3,NULL,6,'usuarios','save'),(7551,3,NULL,6,'usuarios','delete'),(7552,3,NULL,6,'usuarios','search'),(7553,3,NULL,6,'usuarios','rcs'),(7554,3,NULL,6,'usuarios','config'),(7555,3,NULL,6,'sucursal','index'),(7556,3,NULL,6,'sucursal','save'),(7557,3,NULL,6,'sucursal','delete'),(7558,3,NULL,6,'sucursal','search'),(7559,3,NULL,6,'sucursal','rcs'),(7560,3,NULL,6,'perfiles','index'),(7561,3,NULL,6,'perfiles','save'),(7562,3,NULL,6,'perfiles','delete'),(7563,3,NULL,6,'perfiles','search'),(7564,3,NULL,6,'perfiles','rcs'),(7565,3,NULL,6,'perfiles_usuarios','index'),(7566,3,NULL,6,'perfiles_usuarios','save'),(7567,3,NULL,6,'perfiles_usuarios','delete'),(7568,3,NULL,6,'perfiles_usuarios','search'),(7569,3,NULL,6,'perfiles_usuarios','rcs'),(7570,3,NULL,6,'permisos_perfiles','index'),(7571,3,NULL,6,'permisos_perfiles','save'),(7572,3,NULL,6,'permisos_perfiles','delete'),(7573,3,NULL,6,'permisos_perfiles','search'),(7574,3,NULL,6,'permisos_perfiles','rcs'),(7575,3,NULL,6,'permisos_comprob','index'),(7576,3,NULL,6,'permisos_centros','index'),(7577,3,NULL,6,'magenta','index'),(7578,3,NULL,6,'console','index');
/*!40000 ALTER TABLE `perfiles_permisos` ENABLE KEYS */;
UNLOCK TABLES;

--
-- Table structure for table `perfiles_usuarios`
--

DROP TABLE IF EXISTS `perfiles_usuarios`;
/*!40101 SET @saved_cs_client     = @@character_set_client */;
/*!40101 SET character_set_client = utf8 */;
CREATE TABLE `perfiles_usuarios` (
  `id` int(10) unsigned NOT NULL AUTO_INCREMENT,
  `usuarios_id` int(10) unsigned NOT NULL,
  `perfiles_id` int(10) unsigned NOT NULL,
  PRIMARY KEY (`id`),
  UNIQUE KEY `perfiles_id` (`perfiles_id`,`usuarios_id`)
) ENGINE=InnoDB AUTO_INCREMENT=245 DEFAULT CHARSET=utf8 COLLATE=utf8_unicode_ci;
/*!40101 SET character_set_client = @saved_cs_client */;

--
-- Dumping data for table `perfiles_usuarios`
--

LOCK TABLES `perfiles_usuarios` WRITE;
/*!40000 ALTER TABLE `perfiles_usuarios` DISABLE KEYS */;
INSERT INTO `perfiles_usuarios` VALUES (25,1,1),(34,6,1),(43,8,1),(40,9,1),(49,10,1),(55,11,1),(192,22,1),(238,24,1),(26,1,2),(29,3,2),(32,4,2),(33,5,2),(35,6,2),(44,8,2),(41,9,2),(50,10,2),(56,11,2),(118,17,2),(185,19,2),(190,20,2),(193,22,2),(242,24,2),(27,1,3),(36,6,3),(45,8,3),(42,9,3),(51,10,3),(57,11,3),(214,16,3),(194,22,3),(244,24,3),(63,13,4),(239,24,4),(71,14,5),(119,17,5),(191,20,5),(243,24,5),(70,14,6),(183,19,6),(240,24,6),(117,17,7),(73,18,7),(184,19,7),(189,20,7),(176,21,7),(237,23,7),(241,24,7);
/*!40000 ALTER TABLE `perfiles_usuarios` ENABLE KEYS */;
UNLOCK TABLES;

--
-- Table structure for table `permisos`
--

DROP TABLE IF EXISTS `permisos`;
/*!40101 SET @saved_cs_client     = @@character_set_client */;
/*!40101 SET character_set_client = utf8 */;
CREATE TABLE `permisos` (
  `id` int(10) unsigned NOT NULL AUTO_INCREMENT,
  `codigo` char(5) COLLATE utf8_unicode_ci NOT NULL,
  `aplicativos_id` int(10) unsigned NOT NULL,
  `nombre` varchar(120) COLLATE utf8_unicode_ci NOT NULL,
  `tipo` char(1) COLLATE utf8_unicode_ci NOT NULL,
  `permisos_id` int(10) unsigned NOT NULL,
  PRIMARY KEY (`id`)
) ENGINE=InnoDB DEFAULT CHARSET=utf8 COLLATE=utf8_unicode_ci;
/*!40101 SET character_set_client = @saved_cs_client */;

--
-- Dumping data for table `permisos`
--

LOCK TABLES `permisos` WRITE;
/*!40000 ALTER TABLE `permisos` DISABLE KEYS */;
/*!40000 ALTER TABLE `permisos` ENABLE KEYS */;
UNLOCK TABLES;

--
-- Table structure for table `sesiones`
--

DROP TABLE IF EXISTS `sesiones`;
/*!40101 SET @saved_cs_client     = @@character_set_client */;
/*!40101 SET character_set_client = utf8 */;
CREATE TABLE `sesiones` (
  `id` int(10) unsigned NOT NULL AUTO_INCREMENT,
  `sid` char(35) COLLATE utf8_unicode_ci NOT NULL,
  `usuarios_id` int(10) unsigned NOT NULL,
  `ipaddress` char(15) COLLATE utf8_unicode_ci NOT NULL,
  `creado` int(10) unsigned NOT NULL,
  `modificado` int(10) unsigned NOT NULL,
  PRIMARY KEY (`id`),
  KEY `sid` (`sid`),
  KEY `usuarios_id` (`usuarios_id`),
  CONSTRAINT `sesiones_ibfk_1` FOREIGN KEY (`usuarios_id`) REFERENCES `usuarios` (`id`)
) ENGINE=InnoDB AUTO_INCREMENT=2311 DEFAULT CHARSET=utf8 COLLATE=utf8_unicode_ci;
/*!40101 SET character_set_client = @saved_cs_client */;

--
-- Dumping data for table `sesiones`
--

LOCK TABLES `sesiones` WRITE;
/*!40000 ALTER TABLE `sesiones` DISABLE KEYS */;
INSERT INTO `sesiones` VALUES (140,'a445r7d3ao8cv02ia7bdghq1u3',1,'::1',1283744882,1283744882),(145,'auhbb7cu95sve17p3339t29bq1',1,'::1',1283854288,1283854288),(147,'2dhj9m1f76vsba8q3klv3g6725',1,'::1',1283927780,1283927780),(149,'b3ghqka0j59g0egrur81utqrk2',1,'::1',1283936025,1283936025),(150,'a6pfo0lri76j2pg4o5aa79od50',1,'::1',1284032551,1284032551),(151,'psgr2rilj03n0thcu6pk4l34s4',1,'::1',1284044405,1284044405),(152,'e1oojvo3bg9vv3na0oe7a2llf1',1,'::1',1284125132,1284125132),(153,'e7rkccb1ogq5m5mu6sfp7r5621',1,'::1',1284187168,1284187580),(154,'415q6e0tjqh30q10ldjmkh6fq7',1,'::1',1284187526,1284190094),(155,'3pip85pjcab267a0q5g40329q2',1,'::1',1284189091,1284189091),(156,'qf19lu90khafnbk82uvv0glpr5',1,'::1',1284189279,1284189730),(157,'c6ufb6mvdl5t171erl90fqdkt4',1,'::1',1284189421,1284189421),(158,'6i566qdsml7bcehlva8tnebn75',1,'::1',1284189452,1284190203),(159,'ajt2j4ngge1vsm0ken2g77t1k4',1,'::1',1284189745,1284189894),(160,'n7cqi1fajb22p8u0thuo2qj365',1,'::1',1284189763,1284189763),(161,'kv4hqvftp49no5f9r8g91m5k30',1,'::1',1284189871,1284189871),(162,'e3nhcdsehs89j22vjotlmvh1h1',1,'::1',1284190288,1284190288),(163,'jbm6u4ovsjlbkeo8c4bp6qt9b2',1,'::1',1284190338,1284191168),(164,'r3mu2ca2hv165biga9mm1bfbj5',1,'::1',1284190374,1284193428),(165,'qm9imedgqul6go0ik58cnp9j82',1,'::1',1284190459,1284191331),(166,'j3ciiaqun2u893uo7ec3u0j2r6',1,'::1',1284190913,1284194760),(167,'hohjfqf3q4b2v9u0ovqthoitu5',1,'::1',1284191386,1284193675),(168,'lam3tn611n2ftbe1our35kk7j7',1,'::1',1284191505,1284192504),(169,'2ek24j5vqr6qp5vqlcl8i2lnh3',1,'::1',1284191682,1284193996),(170,'kielarmtme2l1hj4g72v6f61g3',1,'::1',1284193641,1284193696),(171,'aap208jf3mdfc6n2ndi98oql30',1,'::1',1284193728,1284193728),(172,'hc456un5o2dtlmcp0to21p6da0',1,'::1',1284193797,1284194167),(173,'focfu4b63e5r6eniu0goamokl3',1,'::1',1284193838,1284194785),(174,'fm4qn3lv5q49742vrt5ln0gb47',1,'::1',1284193868,1284193962),(175,'q8805h69hm0tams6cjmcq9r6i5',1,'::1',1284194137,1284195191),(176,'vq56sidehkvle9elsp93m8oj11',1,'::1',1284194494,1284194494),(177,'5spgfkncsmltrqdc594m9l2bh6',1,'::1',1284194544,1284195112),(178,'rdknisflo1p2rv5n9jea86e4r3',1,'::1',1284194628,1284194628),(179,'g2o8i5cjrjd7j3q92rg82118l5',1,'::1',1284194791,1284194791),(180,'ev0fo0i44cdof1hogrd9k90kn3',1,'::1',1284194818,1284195160),(181,'mj2bjm9i5mfim2epkqhhv45he6',1,'::1',1284195173,1284195250),(182,'l6rn096bfh2781v5rfs70dp366',1,'::1',1284195185,1284195260),(183,'btkm0gv4nmu6q6p4jkielal266',1,'::1',1284195646,1284195918),(184,'2enmmukc2k50cll10aqg1nssq6',1,'::1',1284331167,1284331167),(185,'8r3q0r4jq14lo1o1q38po8rib2',1,'::1',1284331306,1284331306),(186,'0tfam61d69vgph6o8ase0eo4e5',1,'::1',1284331322,1284331322),(187,'loqklk37cp23fkapji409frh00',1,'::1',1284331549,1284331560),(188,'rrss4iumgvpm0un5d58jb46k94',1,'::1',1284331574,1284331574),(189,'3end30ak1ghio2cono1nn1lb53',1,'::1',1284331578,1284331578),(190,'v3gpimqv960aflcj17gfo4p6v2',1,'::1',1284331584,1284331584),(191,'5sm1tpd6tslfl6cctpevqu42d7',1,'::1',1284333251,1284333251),(192,'7a6en1lgl4lpecmumvuuspr9i5',1,'::1',1284333418,1284333418),(193,'qg9g1idvgums5jbiv6kncv2ig0',1,'::1',1284341159,1284341468),(194,'dgmpfios5t0vke0njbaqf27gs7',1,'::1',1284341180,1284341180),(195,'aqok8j8bg2jalkgnd81gvvig65',1,'::1',1284341489,1284341489),(196,'2qd76680rti307k0mbo01m0185',1,'::1',1284341647,1284341647),(197,'stug8k7vvoeo3o2kfjph4h3sd6',1,'::1',1284341786,1284341786),(198,'llffe68mjkct4jr9oj5djv6835',1,'::1',1284341812,1284341812),(199,'bbk5lo5k65o5luhh2mpapa61a3',1,'::1',1284341878,1284342181),(200,'sq6ff7i2iq6vpon72ng5nn2l41',1,'::1',1284341916,1284342292),(201,'0fdak1lur6fhvjdc65grads881',1,'::1',1284341923,1284341923),(202,'obkvcaoffduc8osepv2ptt3812',1,'::1',1284342128,1284342128),(203,'pd2pfbiecrib5duoif7h2q2f81',1,'::1',1284342323,1284342764),(204,'1j5sbn0ctle4go274st7saq7f6',1,'::1',1284342349,1284342349),(205,'2t7075oi1jbufshe0jnc6kldf2',1,'::1',1284342463,1284342463),(206,'4r2i005fo413dituaefkp49ii6',1,'::1',1284342473,1284342641),(207,'uuhg9d8vsfamuve34teoag0713',1,'::1',1284342512,1284342512),(208,'t276sguidt6kknekq63ebgphs0',1,'::1',1284342535,1284342535),(209,'tij0ca8ep5tjofem7f87kem7c7',1,'::1',1284342659,1284342748),(210,'9t8rnjsiunb7ic9k0p54f9mpb6',1,'::1',1284342680,1284342680),(211,'5mae4s4og1dfvodupob2io6i93',1,'::1',1284342743,1284342743),(212,'5vvcejndp29qjhuqtbq63o14a7',1,'::1',1284342754,1284342768),(213,'7bhd405f91bsc6jka7q15rthg6',1,'::1',1284342762,1284342762),(214,'dveh2kfdo5a313a9hg22ld5u54',1,'::1',1284342804,1284342808),(215,'4g7114o3iivpgar5j9tbd57tv0',1,'::1',1284344965,1284344965),(216,'i7bhgq1q9mte6g4gkqdrl9nmf4',1,'::1',1284346311,1284346311),(217,'vh0fqh6v616r9cvqcbuhr44v80',1,'::1',1284346318,1284346389),(218,'fb6ohtgqr430gedjoutclfjis3',1,'::1',1284346324,1284346420),(219,'qfcqk4m58k2alniq1u819682h7',1,'::1',1284346359,1284347572),(220,'ojllh7iqmt6nh78j8qf3ejgiv5',1,'::1',1284346397,1284346397),(221,'f5jtpaqq471olalhup4v7derf0',1,'::1',1284346721,1284346721),(222,'gcd3eapi4ncr6p15tkbab8smm7',1,'::1',1284346741,1284346744),(223,'v1u1gfi4bhpif41eoqcdk4din3',1,'::1',1284348252,1284348697),(224,'7fjlcrlkjoi9muiclc5iftjsb6',1,'::1',1284348281,1284348797),(225,'7r01mtbav9bsj2798iimiasr51',1,'::1',1284348414,1284348414),(226,'n3ehfln0kd47f5pnbml0kc41q7',1,'::1',1284348541,1284348541),(227,'ltvbcv9fik9aleskm29t3n2mr3',1,'::1',1284348806,1284348806),(228,'qohbj972apjhmomcc7hldhttn3',1,'::1',1284348833,1284348833),(229,'8u66lplsem17kcp1beisk35pb2',1,'::1',1284348852,1284348893),(230,'mpolg4hhraktn40qt64u87v4n0',1,'::1',1284348924,1284349031),(231,'skmcnm2729kg83g111tsjpokr3',1,'::1',1284349023,1284349023),(232,'mtlic248bghr2i4j8370958490',1,'::1',1284349107,1284349107),(233,'j5hpuscgiqb342iiroj20brk72',1,'::1',1284349126,1284349198),(234,'nluvto3n35tkenhis98eo7kkt2',1,'::1',1284349128,1284349128),(235,'hs8itsfh0qkbu0nbhhtpn9rop1',1,'::1',1284349130,1284349130),(236,'mab46ue7phbiqf3mvqmm710l35',1,'::1',1284349146,1284349146),(237,'friss7e27mpc3n51fegdqbavb4',1,'::1',1284349201,1284349201),(238,'vro94j3o5rd09vg14agqn5oca3',1,'::1',1284357884,1284357884),(239,'d6334sd4629tku08imnrjrmst3',1,'::1',1284357971,1284358071),(240,'5mfn16s0pn771g7kbc2vl60d71',1,'::1',1284358092,1284360294),(241,'jtg3ga4c84t8prlho5n5qb9hm3',1,'::1',1284358182,1284358182),(242,'05u0ds3l9622u8e3k1s6q2v6l4',1,'::1',1284359527,1284359709),(243,'7c0eh149520qii2tn3jlc2tou0',1,'::1',1284360012,1284360012),(244,'fqvr6lpqkuns21upka6easdmh5',1,'::1',1284360794,1284360794),(245,'vifcuujea0cp9grv29hvfcfqk4',1,'::1',1284360803,1284360803),(246,'dum45lft6qu3aqcqo8icu640n0',1,'::1',1284365174,1284365174),(247,'hhsqk2huvafje269eff7dkkpe1',1,'::1',1284414435,1284414435),(248,'49hgu5rj4cs1n56kenti40mdm4',1,'::1',1284453912,1284453912),(249,'l9nlk2fq2llj86o2f2q074b2i3',1,'::1',1284455173,1284455173),(250,'mmoaiq1bou3nd3dv8jr492t017',1,'::1',1284866079,1284866079),(251,'dv8qtulkipqec6iu94hargc6n3',1,'::1',1284922370,1284922370),(263,'1iqe0agvlnbblkr0klsnlb6s86',1,'::1',1285575998,1285575998),(266,'jmv1h93rjfomrgc4i08ld19md3',1,'::1',1285708619,1285708619),(267,'dcq36m684ofqu839u4tv3nmqt6',1,'::1',1285775656,1285775656),(268,'2n69nkpp9aibm9hdu88h4ef911',1,'::1',1285864606,1285864606),(269,'8jq9fmmoq2v3qdoi03gjv6iil4',1,'::1',1285951534,1285951534),(271,'r9mfhoj3677jols7hhblfc7jj0',1,'::1',1286148971,1286148971),(272,'q020lr48b8vp2c9r7btroke9h5',1,'::1',1286181055,1286181055),(273,'6fivcs3ntrnvg7gp8er1oh81d4',1,'::1',1286215326,1286215326),(275,'lvjs5s51g9mnd4tks9d9jd74p4',1,'::1',1286241058,1286241058),(276,'6hmpu88pes7sstv9vlbmcjt1f3',1,'::1',1286280914,1286280914),(277,'glllqf31k550muv3k47f38ts25',1,'::1',1286286224,1286286224),(278,'fuqib35b3e302r5knn8ff9gn61',1,'::1',1286349452,1286349452),(279,'9aq3igdm22i7f5s4r58gvphr17',1,'::1',1287100930,1287100930),(280,'jpv2p65mlrtkj6p1mkot3tg1u1',1,'::1',1287164848,1287164848),(281,'a24aaj675q49aam2kd9idvlf84',1,'::1',1287336682,1287336682),(282,'025504uv0a04a3m46unid5ksj0',1,'::1',1287423745,1287423745),(287,'d7qpmtd275covlsfal6ij1ttj1',2,'::1',1287785588,1287785656),(289,'trmc49dtm1lkn3nct2j8oasj37',1,'127.0.0.1',1288645969,1288645969),(291,'1mo6o2qu882dlart0ld6446od2',1,'127.0.0.1',1288652258,1288652258),(292,'glog0vsnip9a87qfvgs5q1qg15',1,'127.0.0.1',1288661251,1288661251),(293,'d587g5a660utlq2be5dlet8913',1,'::1',1288735128,1288735128),(294,'5u4s4p35gl33dq1ba3t2e91j82',1,'::1',1288743097,1288743097),(295,'vho1ckroeqrc7aa3gq2lf27714',1,'::1',1288749759,1288749759),(296,'n4be7b8v4n0bo2619h3h96va51',1,'::1',1288755641,1288755641),(297,'id76ms01m769of3qot7pb0s362',1,'::1',1288810337,1288810337),(298,'j0sa87ohv46rd7b3ef99s5n323',1,'::1',1288815735,1288836992),(299,'a6nkdsbtot3ernt5psbt0iufp4',1,'::1',1288913529,1288913529),(300,'gpgqhlkct9vosc7gppaprhrln4',1,'::1',1289008456,1289008456),(301,'426ja4fqoqrohs50mthj98aht3',1,'::1',1289159743,1289159743),(302,'89446ch9ioiebco2tb08vl25h2',1,'::1',1289247267,1289247267),(303,'lq9f6krtngg61qip0k48fjt2c6',1,'::1',1289251189,1289251189),(304,'cmjlnc80qs19lq0nmrfsngdht4',1,'::1',1289341661,1289341661),(305,'qglcgcitpnhm7kkqug1ekje4k5',1,'::1',1289356414,1289356414),(306,'pg9rrh6s9c643fdlbp8rrprgo5',1,'::1',1289405990,1289405990),(307,'vtqvmidng2r8vamudrse34c8g0',1,'::1',1289412889,1289412889),(309,'4hfr7ieg11kmoffr6tvibai762',1,'::1',1289438554,1289438554),(310,'6m7ltrau35eapi7uir2ov2ihn2',1,'::1',1289593319,1289593319),(311,'pv13fgiuf4uai6bmauiope3iv1',1,'::1',1289593490,1289593490),(313,'ptkk1ahhc5omjargrbheu2nn87',1,'::1',1289707536,1289707536),(314,'i5s87fkqt4k4bp51uncaupp9j4',1,'::1',1289709029,1289709034),(315,'jchebdn8a32vo84p3nautui267',1,'::1',1289709655,1289710085),(316,'a80ch3iob5t2mcv83am8m0grh3',1,'::1',1289709700,1289709700),(317,'102f2jfp3kib4v3vvl83d88em3',1,'::1',1289710102,1289710102),(318,'6ivsigomu2cc0k6v2oqbbj0pf3',1,'::1',1289710214,1289710214),(319,'m7vl1k59fpvtptjbn4fkst7v65',1,'::1',1289711140,1289711451),(320,'25t8jcm3ltpcuk5g1fcfp9h1v5',1,'::1',1289711503,1289711934),(321,'3g775l8p5csai4v2jnlo0pu9q4',1,'::1',1289711518,1289711926),(322,'qkijaa4gu9joid1bgkgsabmui2',1,'::1',1289711906,1289711939),(323,'aj9l3m9ichoejq88j4jolhiuc1',1,'::1',1289711929,1289711929),(324,'16lqrnpg91vujfgba7p9039hr4',1,'::1',1289712700,1289712700),(325,'r8q6vj38dpklh3rm798ikn39k7',1,'::1',1289748937,1289748937),(327,'ck2blpva3adtrq5nst8vqaafq0',1,'::1',1289763405,1289763405),(328,'j0ftd5resfkghg67nfej9n39e3',1,'::1',1289763524,1289763524),(334,'ilrn48vi1150dl42hfmdh0vb00',1,'::1',1289888384,1289888384),(340,'sjausacnkh1hb83cd14d2c8mk3',2,'::1',1289891268,1289891268),(347,'hu5q8i8sldvcidlcbgflc7a3edlkt0jh',1,'127.0.0.1',1290019655,1290019932),(349,'1j4lp4bu4tink2i903aa8rrnt41re6qv',1,'127.0.0.1',1290091407,1290176452),(350,'ef87puedssq754rkbgnv89c1bi8kmm1p',1,'127.0.0.1',1290099785,1290099785),(352,'1t0o38hrb3dk1ec8tb68a8bh8slpp8kb',1,'127.0.0.1',1290183314,1290183314),(353,'sp058khsde2vci34vkb7ugae08qkua51',1,'127.0.0.1',1290203817,1290203817),(354,'62r45jq2dhj6ce68jes9o7ubb1t34rar',1,'127.0.0.1',1290324818,1290324818),(356,'bf7jqka715plgf0sh117iquam0ebvrav',1,'127.0.0.1',1290441649,1290441649),(357,'3r9ksma55r7ls2qokam3mvedt3c66r5s',1,'127.0.0.1',1290461099,1291227227),(358,'froj4hbrf0sfm41ugh34s01eq6m4etrr',1,'127.0.0.1',1290473288,1290473288),(363,'agmv8khs8honk370t3i52oheubk5qoho',1,'127.0.0.1',1290629142,1290629142),(364,'5572tiq2ktetvaoibpbr4d9g6tn6sudi',1,'127.0.0.1',1290799688,1290799688),(367,'3imvuc81bvefjjg2sen8020u8vj8trb2',1,'127.0.0.1',1291654690,1291654690),(368,'s8f7qqmv2604kj7d9p42l3rd8e916h6q',1,'127.0.0.1',1291900554,1291900554),(369,'aeplupq9spiij73oad73jvnudpun1h3m',1,'127.0.0.1',1292247567,1292247567),(371,'926ctorl2rnfhdj652i7j803maukpfip',1,'127.0.0.1',1292262381,1292262381),(372,'a1ck1iulkrh45ogltaen2469ekat5de1',1,'127.0.0.1',1292264023,1292264023),(374,'v0cjhghc3rooj1pehlev2fbfa0jbi8f7',1,'127.0.0.1',1292300688,1292300688),(375,'q8fn73lg7l1npr2ta5mqigmu26v9r6g6',1,'127.0.0.1',1292302077,1292302077),(376,'i2272boj1f1abmff21fi63u9j3gvk96d',1,'127.0.0.1',1292333275,1292333275),(377,'h50lbgbjgubckcnppt2ehrfntqrudjr5',1,'127.0.0.1',1292334838,1292875225),(378,'1qv46av2rj41kppda73iui1f2b77am9p',1,'127.0.0.1',1292339274,1292339274),(379,'ah7bag3cr2h3t8s83hfjvtg6qqlht9ln',1,'127.0.0.1',1292346148,1292346148),(380,'sba3m4ivcki0lqdgorkn9fbo5psg2j4v',1,'127.0.0.1',1292349418,1292349418),(381,'cafk9kc347agse6rrk2sv3dacf8j9182',1,'127.0.0.1',1292352617,1292357434),(383,'q9anm9sp2ubqsir648if346nrfiuhva3',1,'127.0.0.1',1292362428,1292362428),(384,'p4qik24119v13c4t0uouv64jo98m1430',1,'127.0.0.1',1292362888,1292513476),(385,'m77mi2cvdnja9tu1q73d29kqrdqobhsu',1,'127.0.0.1',1292367550,1292367550),(386,'hkgibgmrlgatd027ou63o3gga98vo52d',1,'127.0.0.1',1292404079,1292404079),(389,'f9gtcri3dj7amhppq6di9vq753li2d5m',1,'127.0.0.1',1292506464,1292506464),(390,'o8pqbthmmi929f73qvb25nh83k60k17u',1,'127.0.0.1',1292511279,1292511279),(391,'cg953ljtj4oge98ee3c08gve7dpjesc3',1,'127.0.0.1',1292511309,1292511309),(392,'qckh3757683c6dkh2a2plkefi5vbmd47',1,'127.0.0.1',1292517497,1292517497),(394,'4svfmorcsact47domnq1aajj5940p93i',1,'127.0.0.1',1292539017,1292539017),(396,'ghlrj0glu3qtfphqmg9uidf1g15rbvv5',1,'127.0.0.1',1292599022,1292618866),(398,'qojal9b3ek0786i75mvec72ge80s8gr3',1,'127.0.0.1',1292605839,1292605839),(399,'do0lemb3g62rp62ep9iavlr00vr5774c',1,'127.0.0.1',1292617809,1292617809),(401,'ascf19bsbvhdltpgsv72tvegsv9675h9',1,'127.0.0.1',1292648055,1292648055),(402,'80cfcuibhdcvo7ktigpf73tct5enkpp6',1,'127.0.0.1',1292702641,1292702641),(404,'fiqd8jat0kfpql3br3b9t57igl1e2bh8',1,'127.0.0.1',1293054882,1293054882),(406,'us5c6am089hoc5ckee67ufb9cb33uj2d',1,'127.0.0.1',1293081160,1293163719),(408,'m981qlr7gtcctrmsu5subbgg4clgrpco',1,'127.0.0.1',1293121831,1293121831),(409,'9oueadcsng34kheupcqqfboefanses4m',1,'127.0.0.1',1293135015,1293135015),(413,'3c0fogggm1083apj9o6d407ubf1mq2l1',1,'127.0.0.1',1293737535,1293737535),(414,'u69e7lt3ac4i8b3jrebt6726efsmebrt',1,'127.0.0.1',1293809319,1293809319),(415,'n174ontbaris8252vqe5ijuoupu4kk15',1,'127.0.0.1',1293814634,1293814634),(416,'i5jb2j6rhamuj5clptna5g8c9rvs2tp7',1,'127.0.0.1',1294067885,1294067885),(418,'v6ifooi1tltsd6g2qok87fedq2leoidk',1,'127.0.0.1',1294347521,1294347521),(419,'hjuq6a8rels3e8jio64er0g0a4vkidpp',1,'127.0.0.1',1294347947,1294347947),(420,'kt2b8sk44q58ivqjcdbu1jhr104bmkga',1,'127.0.0.1',1294413862,1294413862),(421,'fjjeg8cjc5a01vabbudut2iln9dsrofk',1,'127.0.0.1',1294432906,1294432906),(423,'ua15f0epau0on6svjdgpg6iutnhf9cp9',1,'127.0.0.1',1294507817,1294507817),(425,'t9lmljnejbjfaqa5kiphalt6h54vk5pg',1,'127.0.0.1',1294783238,1294783238),(427,'1dm8cjucch7fsnp12i60lpnn3i289c8o',1,'127.0.0.1',1294932167,1299781672),(429,'ba2q1kh326qbsbg97v18iv5cghokv905',1,'127.0.0.1',1295099370,1295099370),(431,'mqrag8a8cc8u3qqi0fa9o8vl3qfh8p5d',1,'127.0.0.1',1295300908,1297187491),(432,'u47n6n12jfpbbk92md8m5euj18dudtip',1,'127.0.0.1',1295366041,1297693921),(433,'7qm6afua3ek2lk5vn894ok1ph9he6fic',1,'127.0.0.1',1295400686,1297356474),(434,'4n1arecea2t543k508mbf30f3r53518m',1,'127.0.0.1',1295465453,1295465453),(436,'ro3u6m63pj59b9dba37lne8o8vngtnq5',1,'127.0.0.1',1295620079,1297267850),(437,'arokeeuiaclumlnt0mn83c9gt425tnol',1,'127.0.0.1',1295639243,1297199990),(441,'kagtj5c6escg6udd3h7udb2cge09h7tl',1,'127.0.0.1',1295904778,1299945747),(443,'87mbbmlpfu10kuaf33sn65msid7vdjtq',1,'127.0.0.1',1295963205,1295990843),(445,'2divp3qv4ga63gp0eig7409bd4jp5v8n',1,'127.0.0.1',1296048967,1296664621),(447,'rur68g14jeuvj8p5897j3b442a4867gk',1,'127.0.0.1',1296076381,1296076381),(458,'rhdqbh4h79qcvr8lm9mlhtvgrjtkfu4n',1,'127.0.0.1',1296498857,1296498857),(459,'tb0gro3j92foem0lglqg75lk0l6ge8hq',1,'127.0.0.1',1296506671,1297988070),(460,'odp6npd5e4i7608juri1at9fi50klbm2',1,'127.0.0.1',1296511996,1296511996),(461,'cmjqlq80a1ekkqmkj11jmalb93k2ipko',1,'127.0.0.1',1296591691,1300311825),(463,'aof1fccab85v17crkc7csjb5c65e1lbh',1,'127.0.0.1',1296653195,1297379812),(465,'jn3ekldtajr1aeicgkvllssm1dcgkdue',1,'127.0.0.1',1296681322,1296911514),(473,'997po2glar3chd1s6oa4llgkdcau1jpr',1,'127.0.0.1',1296877470,1296877470),(474,'rdidsh6r15bqq3o0hcod7eduspaqgf5q',1,'127.0.0.1',1296881833,1296881833),(475,'ie5moj2k8p5kke1ll0qcnbpdg76ranm2',1,'127.0.0.1',1296886544,1296886544),(476,'5pt3su28tb9icle010mnknc1n4n23b3i',1,'127.0.0.1',1296915762,1296915762),(478,'j006q8q7a2tloapnv106coj67ovk3lvn',1,'127.0.0.1',1296921478,1297083370),(479,'84d250qttrb578mlvkeei7lk5qsevm6o',1,'127.0.0.1',1296934891,1297351987),(480,'v7vjj0455e2r2hsm1trde196i6l5kaom',1,'127.0.0.1',1296940082,1296940082),(481,'raccbcm9gjeo4jn4ifom82kovb9dv42l',1,'127.0.0.1',1297011496,1297011496),(486,'scaseoqtn2c67cpc6jght92su1kn3ol9',1,'127.0.0.1',1297138884,1297360665),(487,'00n7bid23nbklbv14vld9inbn5f1qb4k',1,'127.0.0.1',1297151822,1297320272),(488,'565neafkpak323ppq41tnhqmat756rjv',1,'127.0.0.1',1297165205,1297165205),(493,'ooro0hbrpfp9g2c5dc9n7mudm57vqf8p',1,'127.0.0.1',1297180163,1297180163),(494,'n8nojjuvo8am3085i2tdhd3mkhnglc1c',1,'127.0.0.1',1297182258,1297182258),(495,'ig5inftensfita96jd8e8n482898v76q',1,'127.0.0.1',1297184597,1297230658),(496,'tu6n7s27nv6sm9c28hvmigsc8fes1vja',1,'127.0.0.1',1297189651,1297189651),(499,'jhsf436gc24535cn4mk00rmnv2gnrpht',1,'127.0.0.1',1297195117,1297195117),(501,'aj7m3v0dcg4qibufjp77lups9n11nmvu',1,'127.0.0.1',1297202440,1297202440),(502,'f42982pn069ndo9hi65q3ms48goo1chs',1,'127.0.0.1',1297259940,1297259940),(503,'mqehqm7ami3rpm0b661e0nodhq2obqd4',1,'127.0.0.1',1297261420,1297261420),(504,'hlfcnee2btues9eahi7hhctj91u7dqe3',1,'127.0.0.1',1297265706,1297430470),(505,'32v6dcjqodatfor5s1ul1tds502tsups',1,'127.0.0.1',1297266640,1297266640),(506,'pdr3qfqr0nkea7pbujcvun0ap21r3rc2',1,'127.0.0.1',1297267876,1299166843),(507,'vrjvlapcs8odg3cee8fug48lv2ida4sm',1,'127.0.0.1',1297268494,1297268494),(508,'u0cc2vpi9rq6es5kd414ekccbemrl9eq',1,'127.0.0.1',1297276628,1297276628),(509,'7s2rr0crqcbmic21jtfl9feqh1k9ckch',1,'127.0.0.1',1297279447,1299504072),(510,'5m7lj8ucn262vn7ip655fvpldma28ep3',1,'127.0.0.1',1297280144,1297280144),(511,'sgoflccqech740oc70ecp68u0gbik20m',1,'127.0.0.1',1297287095,1297287095),(512,'brd7kqbcoj81gqkbvg309fg3a95ff85a',1,'127.0.0.1',1297304429,1297304429),(513,'fc3jumbc59mfhcq9dqvgi103olj72gn6',1,'127.0.0.1',1297304488,1297304488),(514,'utlp6832mdkbb6nvjotflgul3o076vnr',1,'127.0.0.1',1297306612,1297306612),(515,'1g1d9qf9li7ermc7m4sc321ntbc54t18',1,'127.0.0.1',1297319671,1297319671),(519,'f5b8ms8kv5ba851qh3m34din23nhqkk7',1,'127.0.0.1',1297346758,1297346758),(522,'c35gsu40vna2pt2gbbu49tgik92drkj8',1,'127.0.0.1',1297379838,1297529341),(523,'jfkcmfsf8pkmqite98t78veqau80eft2',1,'127.0.0.1',1297405125,1297405125),(525,'e9j349b0dhe9th7rvqf1n7hi71dmbqo2',1,'127.0.0.1',1297457465,1297457465),(527,'p3pntbghbli3jb405dvngls82sdf5r48',1,'127.0.0.1',1297513201,1297526129),(528,'kgtk4i4q7a4rjfl367cotc92k73f7ipj',1,'127.0.0.1',1297700971,1297700971),(529,'v8is27opkgb1oma8j1fqhormhd2hi9s2',1,'127.0.0.1',1297778361,1302027209),(530,'dul9k5fd815isqvftcv5lonbla93v1b4',1,'127.0.0.1',1297791113,1298848355),(531,'qp2a4cbvpc1piuidlhk3tgab92mmtgrj',1,'127.0.0.1',1297862040,1297948940),(532,'1r7tvqkprttirgoi8i2clqiq4iaenjus',1,'127.0.0.1',1297871432,1297871432),(533,'73bfhk6eu88mon82r1djj7q7f06l8bk8',1,'127.0.0.1',1297876914,1297876914),(534,'r5m4f43q9oj8d0rt3lokjhsikrie9h1b',1,'127.0.0.1',1297949508,1297949508),(536,'paop79me7eljoe3srflnfqurv5h9m4v2',1,'127.0.0.1',1298037310,1300831611),(537,'4jjar7cu6fda2u40hvghfuqq3hlj0dk5',1,'127.0.0.1',1298066933,1298066933),(539,'7phmb8dve0m4oh3h4hutnq51gqc2ghd2',1,'127.0.0.1',1298119716,1302816640),(540,'f92m6hl05prhmgtoe6r99ldvt1sc58f2',1,'127.0.0.1',1298131459,1299337187),(545,'64lovphl69p1hq3c78uu2s4jcj0kf06s',1,'127.0.0.1',1298325485,1301856051),(546,'imcg37g825qoare9r503niej3skko066',1,'127.0.0.1',1298327983,1299337430),(549,'lmpn0b0llmd091fpb94cq8bn50uh9mk0',1,'127.0.0.1',1298470480,1298470480),(553,'e3gffaa9adfbi3eeoq7a9th4fk950s25',1,'127.0.0.1',1298558877,1298558877),(555,'lv6tq05k1te0g3ksgj6figltm0o591ss',1,'127.0.0.1',1298560038,1298560038),(556,'2e3fc6fl8lvisdlt9r13jrnh4o6a7so1',1,'127.0.0.1',1298581510,1298581510),(557,'mgv3dns3vp0i0kfe438p03ic0g2u22m7',1,'127.0.0.1',1298589816,1301056652),(558,'ji0sqvdfltif8153i9ku2u8tvvpf85lm',1,'127.0.0.1',1298640874,1299020535),(560,'1mvtefj0scfu6d50aelatliashh9gkrc',1,'127.0.0.1',1298676982,1298676982),(561,'i2bl8d04sg5d826nh6sjhigsc8o8q34l',1,'127.0.0.1',1298677100,1298738652),(563,'qb3usif8dg6ma2nl7cgbpu52takumv0j',1,'127.0.0.1',1298733851,1299679678),(564,'sqktmdi6oc43njuq4nkk32c8grgklnlg',1,'127.0.0.1',1298738613,1299341312),(569,'s75lf9o4n01tit416ubossrnvh9lk7gf',1,'127.0.0.1',1298908652,1300374405),(571,'vb1m7hlbr88ceeknseqe8ck1o8gtmj56',1,'127.0.0.1',1298923374,1299020465),(572,'ve19srpjmf60pps7sngattt2bcsr1d52',1,'127.0.0.1',1298926043,1301577463),(574,'h7lpj2m85hqrjioo1521p0vu2ph0t7pp',1,'127.0.0.1',1298983343,1300290376),(576,'8tjstt6pvkoto8mvr4vgee88fbt8ntgt',1,'127.0.0.1',1299008291,1303306713),(578,'b7mdtj6t3vbg9spr8pnmeu4kqcr73aid',1,'127.0.0.1',1299103865,1299682461),(580,'5omkfd1q0npt53ngnuhhqpanrfnk7jrt',1,'127.0.0.1',1299158662,1301934043),(581,'ea79p3eumk4v7d5r65sjmjsab9eeje6u',1,'127.0.0.1',1299172089,1299172089),(582,'hdfkkftostve5357hi88j0ee6q38v74f',1,'127.0.0.1',1299172112,1300554320),(584,'84l5ve903jtmtp8s732knmr5djrg841n',1,'127.0.0.1',1299222349,1299222349),(585,'f8c3j03kj7bsisuejafmu1ol3s7r6cra',1,'127.0.0.1',1299251623,1299251623),(588,'35asi5c46gabb7qtorplf2pngb9s9dno',1,'127.0.0.1',1299688677,1300205865),(589,'igq15k948dkp8q3km71euh9co1qqfvvg',1,'127.0.0.1',1299707764,1300830697),(590,'lsf6h8ek0qnhmv9me172p5mtlsv4bi6m',1,'127.0.0.1',1299785088,1300128535),(591,'d0s8vopeoaut7drkv8b3ojmsp6q66oqq',1,'127.0.0.1',1299869409,1300223790),(592,'btg00qee2kapbkqj38os6ujsl62odn7j',1,'127.0.0.1',1299939935,1300138973),(593,'d11rj171sv5stdmkmqf47jdab74brbvu',1,'127.0.0.1',1299954268,1302617145),(595,'p6rp7g4eh7sp7010iiscnvbdotsh7l1m',1,'127.0.0.1',1300132480,1300132480),(596,'pojm7p659cd27v67irkvkpsl1csqen2c',1,'127.0.0.1',1300195340,1301157233),(603,'62qtld81kg8uldmljhtnretjor2uj8u1',4,'127.0.0.1',1300230148,1303138566),(606,'1fqvpkc3d8agqhlre0cas234or700nnc',1,'127.0.0.1',1300231380,1300231380),(608,'n8r231t35p3jfi33a7r8a8sacdmijs3k',3,'127.0.0.1',1300231662,1301967231),(610,'go7fp61aukb594elt60avgitcof9r0uu',1,'127.0.0.1',1300461955,1300461955),(612,'15gm9tam3466mi7e3vbassqig84ipf2j',1,'127.0.0.1',1300476323,1300476323),(613,'mvtunok3p621f2rmu1e2nuesmasm60ji',3,'127.0.0.1',1300487503,1300487503),(616,'o5d8u1h93qlm5nqpv3c97596oq7n4cmr',1,'127.0.0.1',1300831901,1300831901),(617,'m72p8e9hpsmpnkf7330drlr4dut2k3r9',1,'127.0.0.1',1300888306,1300888306),(618,'g7f2d9ar4m0jmeq0psv3kvdkhtujbj5o',3,'127.0.0.1',1300907649,1302893496),(619,'v2sts5299opalaatcs3ppusm4ccihuqs',1,'127.0.0.1',1300984552,1300984552),(620,'fi58s3lf36p1gb5b8l91l0vqjp2c7c44',3,'127.0.0.1',1301005733,1301594960),(621,'b1hgvm2498e0610c12n5c7hoalnvuojh',1,'127.0.0.1',1301074672,1301074672),(622,'2n6fe17kjkcl3ohfrpurk3bh20a4lm52',1,'127.0.0.1',1301351355,1302288632),(623,'8iam08r41a80cet91clt4mlmaek6k3jd',1,'127.0.0.1',1301426999,1301532799),(625,'objhaug7vfrfcr1u78n7i4qssihn8e8b',1,'127.0.0.1',1301437880,1301437880),(626,'hm0sn4dbictuaabpipeo4k3ujrtku55k',1,'127.0.0.1',1301491561,1301936166),(627,'cpfnvtiglemkeqd2l1a95087i1qlvoer',1,'127.0.0.1',1301599352,1301599352),(628,'j8g1384r75g53cmu13dp21qgt1ebqtqe',1,'127.0.0.1',1301665290,1301665290),(629,'51qjhubb4d9p83l9jlse6uf0m7b3bep8',3,'127.0.0.1',1301673288,1301673288),(633,'epia92d6k5kkp8tfar283opmk5ptj7d9',3,'127.0.0.1',1301754213,1302735832),(636,'vohdf7du838usjhmuqosq9k058ps5gmt',3,'127.0.0.1',1301785716,1301785716),(640,'20q1s6pgtbo7kajkersj6uil94afigfa',3,'127.0.0.1',1301944898,1301957513),(641,'vdhar5crqamqmisn7ckhg9fnkkss8j1j',3,'127.0.0.1',1302008173,1302008173),(643,'8qgl8359tqulq3232kt5l2aahaos3u07',3,'127.0.0.1',1302027534,1302818223),(644,'0tm8lo2bqs007a7gv8rlieoltihno2vi',1,'127.0.0.1',1302037577,1302037577),(645,'seebevvl58qvhq9rttficauvp7jnvgu3',1,'127.0.0.1',1302094963,1302106331),(648,'785ckbaq6o6agsnsj9hv80ppqh2ejla5',3,'127.0.0.1',1302179704,1303132095),(649,'eqomedbq508ei141nndq69fdgkmb2rvb',1,'127.0.0.1',1302183178,1302183178),(650,'8b35feu6hnqpv3ureer5e25vetjmgrl4',3,'127.0.0.1',1302189506,1302193760),(651,'qmp1vnr1oatnpkdpo49isdpsk2v1c91l',1,'127.0.0.1',1302196116,1302196116),(652,'t5p0ptjn1bme8eh24un03ad9ta2otelt',1,'127.0.0.1',1302207054,1302725295),(654,'5p17fc69roggr32de28p93bhqnsmb40o',1,'127.0.0.1',1302214675,1302214675),(655,'aqbeluqjedve1b3j8426flumapecs7dn',1,'127.0.0.1',1302224720,1302224720),(657,'uptqbjoliv93fi9doq79tboqnp5p2u7m',1,'127.0.0.1',1302247825,1302247825),(660,'qv9d882dpna45opa59see04a80plg1vg',1,'127.0.0.1',1302283039,1302283039),(662,'e8gt2005pdk02599mub4j3acs462btn8',1,'127.0.0.1',1302358116,1303251242),(663,'bs4v30u9d1a7gbm2jp7pjt5lbgd6sph8',3,'127.0.0.1',1302366549,1302960488),(665,'hca3esvg8eadl0c27g9u9q19mn9s7u7i',1,'127.0.0.1',1302385189,1302385189),(678,'upa1d47sbfntq7t6i1f0mt8rb1uohtn9',5,'127.0.0.1',1302552935,1302552935),(681,'68akbi6gl3i4ok12e71pm8on5jk19caa',5,'127.0.0.1',1302615280,1302874464),(684,'cq61fse5t3k2odd6gne37a463ts9md65',3,'127.0.0.1',1302703597,1302897926),(685,'gjulnhaganjl9klivskp8daov1lvffma',5,'127.0.0.1',1302801345,1302801345),(686,'pvdajc38mlha6bcqeqfldatv6hcv6hn7',5,'127.0.0.1',1302883896,1302883896),(687,'8ib55ljntunktrs02ibp24nsladd0r0m',3,'127.0.0.1',1302896998,1302896998),(688,'clrcae7uu3r3nuv0acodu5t9c39lu82k',3,'127.0.0.1',1302899463,1302899463),(696,'tci8h7kihqgajsb0uha33gc6tjlv1r5v',1,'127.0.0.1',1302903975,1302903975),(700,'oe3at5s1m14mrup9jtdi32gvsothdvl5',3,'127.0.0.1',1302973835,1302973835),(704,'ubhpa8j1vjlcq8hrrks0mg1h9ijt27u8',3,'127.0.0.1',1303131726,1303131726),(709,'hm7u6gtn9cs529ul70v7soj8nfovcra8',1,'127.0.0.1',1303145519,1303145519),(710,'90n5obsohllos22g896ilmvnaf00rahn',1,'127.0.0.1',1303155702,1303155702),(711,'srh16qrgsfkbqdp51qae5qpg3mb6avu7',1,'127.0.0.1',1303163196,1303163196),(712,'qfla1tkakrt25ek3favi9kj7a93m0t8f',5,'127.0.0.1',1303171183,1303171183),(713,'k7tinohkc2hkhgc6hlg1sr2titm6cnc5',3,'127.0.0.1',1303217276,1303217276),(714,'p7dlq7dvkq60ugjdbmmhs95v38usqa0k',5,'127.0.0.1',1303226399,1303248966),(715,'kbhb7d649ea4vdqurntuhvridb556n1j',3,'127.0.0.1',1303233103,1303233103),(716,'tnrq9pgk970bvbnkqr9mk7340e69s1r2',5,'127.0.0.1',1303247599,1303247599),(717,'4bqlkfobmb2853r0t8h2er47rkd1jed7',5,'127.0.0.1',1303248686,1303248686),(718,'e285p6f73212ikti85jotbeqsq922gf1',1,'127.0.0.1',1303248799,1303248799),(720,'3hk5bb4aj3261tegdgnpb4c3fbn33sd6',5,'127.0.0.1',1303249343,1303249343),(721,'pbcgnamh1jfs6qaqgbfc09bti4hodipv',5,'127.0.0.1',1303251346,1303251346),(723,'f7maoc7hl0ptsd0b2ap01roqdu7ipffb',3,'127.0.0.1',1303310100,1303310100),(724,'e4tslkdpj0d7php0r9qq1miu9en00hhg',5,'127.0.0.1',1303311414,1303311414),(725,'ue6uo87a330rbng7f1rjipflega6kau9',1,'127.0.0.1',1303317899,1303317899),(726,'6j1gdt5rjrmp2lhnr989sobj74ojrh7v',1,'127.0.0.1',1303367752,1303367752),(734,'12dffe6136cc7eed8226bbc8f48121e2',5,'127.0.0.1',1303570046,1303570046),(737,'bd8f4178dd890b17df23c37a9bf507fa',1,'127.0.0.1',1303597718,1303597718),(741,'e5b50d30d86b90c6c386dbcdd16e680f',1,'127.0.0.1',1303837958,1303837958),(742,'bc9b9bbcb32843f39c8ae20d5ce83c9d',3,'127.0.0.1',1303838098,1304025216),(748,'948018348fcec51abfeec600d354e7c5',5,'127.0.0.1',1304099560,1304186573),(749,'43d2cfe53ac3501ddd083ad6ffcaadc4',3,'127.0.0.1',1304170212,1304170212),(750,'6c47c336c97a12d7610ee08366ca24f5',1,'::1',1304188600,1304188600),(759,'abccbd1388f7cc575cbce610462331a4',1,'::1',1304231440,1304231440),(765,'9303253b8b1005743124ccfd478bdb79',1,'::1',1304344882,1304344882),(766,'c79701786b4b4ba3f8c20c41ef296f24',1,'::1',1304356688,1304356688),(775,'0d57f9e96c2b63a5e9ad41513032e452',1,'::1',1304603075,1304603075),(785,'7524e2b023a5dcc839a4de6f316f9ee2',1,'::1',1304987147,1304987147),(790,'6180c640625b928001f3859a031c2c2a',1,'::1',1305221549,1305221549),(793,'048657d9c0fa8584d54ccbd6fdb8934e',5,'::1',1305466370,1305466391),(797,'93e7b30e6b560f6443100dbcef3fe10f',3,'::1',1305661754,1306509066),(824,'15eca1cf2b5fb548dc92375e2912eacc',5,'::1',1307131962,1307132046),(830,'e560e79139370ec9a93cb19f3cfea2a3',1,'::1',1307543429,1308000506),(835,'82049e2fa36c820dfa864344611a6cca',1,'::1',1307976164,1307976164),(840,'e929aa22ae1b157e5cdfc7f99b281c4e',1,'::1',1308489821,1308489821),(843,'78e1fc95c376dc943ae6bd9d7b5c838b',1,'::1',1308849496,1308850913),(850,'d79ec18399b5ef73730ecbb0969362f6',1,'::1',1309621096,1309621096),(852,'7845419b06227d045c9d661128b738e9',1,'::1',1309880393,1313937405),(858,'688ebb1792354cf34501bf8fa0f1d25d',5,'::1',1310395086,1310395248),(862,'3f0e08cf37da8bc2b087b015d71fa82d',1,'::1',1310666898,1311880946),(870,'79925f4d20f8d75acb475fb050d92207',1,'::1',1311353557,1312041849),(874,'6c57deeddcc0764d68a4997025aa5efa',1,'192.168.0.200',1312114455,1312114455),(875,'adde68c22cf80f1c244e36116cef9954',1,'192.168.0.200',1312142207,1312142207),(888,'a88bf742b56a1fbac53fdc62d5b1bb28',1,'192.168.0.200',1313617610,1313617610),(925,'ec373281c972c44c79b1da35136c7d56',1,'192.168.0.200',1314624557,1314719742),(926,'4103f92ceb53b38aab47f09c1c062b0d',1,'192.168.0.200',1314651827,1314651827),(931,'3989764ec84ee765dfa493d884fe1fe5',1,'190.26.91.227',1314734541,1314734541),(933,'4b83f39065d57bf51a68eea4022b06a1',1,'190.26.91.227',1314817669,1314976599),(935,'941390f739e91960ce5c21bde6fe32dd',1,'192.168.0.200',1314969142,1314969142),(937,'0ec165eeeb5b819e8d33ee5399c98662',1,'192.168.0.200',1314983236,1314983236),(944,'4731b1ee092d2538e33441361f80a04b',1,'190.26.91.227',1315325847,1315421117),(945,'4ef0847c4b4e60d9240b97b0ac5f3cb0',1,'190.26.91.227',1315343074,1315415798),(946,'50326a3a50218e3cdec2bd9322d2226c',1,'192.168.0.200',1315403427,1315403427),(947,'4ad2b0a8bef55fd36fcab9febd04b014',1,'190.26.91.227',1315417105,1315417105),(951,'8d44f312a0d5643bfdb20eb29b94f0ac',1,'192.168.0.200',1315605267,1315605706),(952,'e7b2d78d3b24aa53d0eeaf630334a8ea',1,'192.168.0.200',1315606064,1316003272),(955,'e3e801dc0bf62b5d39962783f63d9b82',1,'192.168.0.200',1315915756,1315915756),(966,'376f2a17358300a86fc863f27b0a4c6e',1,'192.168.0.200',1316262383,1316262383),(977,'954b4316ee79b2551c385a210d22a1b2',3,'190.26.91.227',1316984577,1316984577),(994,'cbd40536ba8079f568cd221025a15209',1,'190.26.91.227',1317587374,1317587374),(1031,'bbffe10ef55676de979ef2332a7098e7',1,'192.168.0.200',1320270981,1320270981),(1033,'29c356706f196a53587a0b4b340d7a67',3,'190.26.91.227',1320278649,1320278649),(1037,'ad799eb5499d8f6b0e119edaaab2778d',1,'190.26.91.227',1320498849,1320857620),(1055,'6ec76b1caaa2175796e605b8d3ab19c2',1,'190.26.91.227',1321750550,1321750550),(1090,'aff9f83dc1c1ab98a89cf772e9980a35',1,'190.26.91.227',1324337962,1324337962),(1105,'02ce5738718289749674596e7662a09c',1,'190.26.91.227',1325252697,1325252697),(1116,'1df5839b3a9488a54dba217aaaaa847c',1,'190.26.91.227',1326032953,1326032953),(1120,'9bb24a433a56ca389e021b8e53d535ea',1,'190.26.91.227',1326398951,1327952362),(1130,'38e40ac638016289fad0ea1c84b47c85',1,'190.26.91.227',1327698986,1330797055),(1132,'1bd15c932beb716866ef8501e08d3934',1,'192.168.0.200',1328017276,1328017276),(1134,'7a19efc26249831ea3bad3666120cdf8',1,'192.168.0.200',1328053935,1328053935),(1139,'8be47086e09b552d8bdaeb51dc2abbf9',1,'192.168.0.200',1328367783,1328367784),(1140,'2f6afa6ca3ace54d5752cc71a8b322a5',1,'190.26.91.227',1328624480,1329175105),(1142,'47dea24e843577401ec5113c332879d4',1,'127.0.0.1',1329326661,1329326661),(1143,'6646c9c21321b6d302867aefba39d461',1,'127.0.0.1',1329350746,1329499435),(1144,'ef1d3ecac9531d2e0d0c30ffcc906696',1,'127.0.0.1',1329351301,1378949324),(1147,'08fd0584aaebb9eeb19edd2d025a09b5',1,'127.0.0.1',1329577627,1332000043),(1148,'f19f7339ae765a1c0e0186b36831553f',1,'127.0.0.1',1329591477,1329591477),(1150,'f28b29c2132be44c1f2f9ea4e8ddea02',1,'127.0.0.1',1330370697,1331993495),(1152,'1e901c9d7a4c38e7b76b7fd4d22e2edc',1,'127.0.0.1',1330803569,1331832681),(1155,'d4d73cc6837a16668424a96e9563d750',1,'127.0.0.1',1332614871,1332615155),(1158,'54b0e39ea963ecd9b030783de746989e',1,'127.0.0.1',1333203438,1333203814),(1159,'514de1258fa6d66e5f9ab487671ca125',1,'127.0.0.1',1333326184,1333326184),(1160,'865a7373f6140f122f4288cd73cb2ba7',1,'127.0.0.1',1333375498,1335547321),(1161,'b76af16b86d53c6c892f56e553d7da57',1,'127.0.0.1',1333560711,1333560711),(1163,'4c9b886aaff10ec900a8186ab3e1f13a',1,'127.0.0.1',1333890271,1334872406),(1168,'ea8182427a4355f112f909fe622595fc',1,'127.0.0.1',1334847283,1334847283),(1170,'bbf57215a77a84715ceb37847d107f67',1,'127.0.0.1',1335198623,1335198623),(1172,'566aaff117ac48825b0960b9034b3093',1,'127.0.0.1',1335617455,1335617455),(1178,'abb86e76c9491e245f468859cd2444b7',1,'127.0.0.1',1335890044,1335890044),(1184,'00b2c7b20cc323765695dfc9aa853643',1,'127.0.0.1',1336153878,1336153878),(1193,'9e576fe120c1836a0a5bcd5fc5b3cc8d',1,'127.0.0.1',1336509675,1336509675),(1209,'81368b171099ee87a014fb7f8504bdc4',1,'127.0.0.1',1337288279,1337288279),(1214,'baa783a9a51d3e22bd428c6615d9a626',1,'127.0.0.1',1337730959,1337730959),(1220,'2c94b5fd78dd4d24166d2c19d60e729e',1,'127.0.0.1',1338035731,1338250787),(1227,'b27d842eb26a441e8e8b24baf44edba3',1,'127.0.0.1',1338480939,1338480939),(1229,'71ada930cbec5f63ba98e8d75a5c2a39',1,'127.0.0.1',1338554923,1338554923),(1234,'7b0d518b249135c37f8c91d5651265e1',1,'127.0.0.1',1338899387,1340133380),(1235,'5f753df0a5c0866c0a54bd6f3662be22',1,'127.0.0.1',1338919568,1339678177),(1242,'2ac7af4d954349ce365c273dc6fa0ee2',1,'127.0.0.1',1339506831,1339851909),(1247,'ca26e88443fbfbd7b337fceb4b1ab8fc',1,'127.0.0.1',1339526274,1339526274),(1248,'4b2e60971417a7c82b2486cbf3bba1d3',1,'127.0.0.1',1339528058,1339528058),(1249,'93c3414367101fb33bf5b93872fdc1de',1,'127.0.0.1',1339619206,1339619206),(1253,'653b2302e1bd5054d1eec3705487d04b',1,'127.0.0.1',1340037296,1340037296),(1263,'e38ecc7cbb205134fd0892d98002fd47',1,'127.0.0.1',1340668182,1340668182),(1268,'f5919f8ed9f222c5c3b8da18895d9514',1,'127.0.0.1',1341338886,1341338886),(1269,'5d9ec6044cab1e09236b3d9d8977eb47',1,'127.0.0.1',1341491294,1341491294),(1271,'7c8e7f6f2d196080ad730ba536652fe6',1,'127.0.0.1',1341525307,1341525307),(1278,'2ab434c6a3bea476651b7d9d9ddd4168',1,'127.0.0.1',1342551570,1342551570),(1279,'3e6c73f1d25044ba569a4191d7e5cf22',1,'127.0.0.1',1342615216,1342615216),(1280,'b2af08cfe090d59c9bf46e8e38fe5b89',1,'127.0.0.1',1342701207,1343737941),(1292,'b4f207227bed2294734ac069914ee0a6',1,'127.0.0.1',1343254009,1343254009),(1295,'392d7c24c0fc83778eba10c782c1ee3b',1,'127.0.0.1',1343331477,1345736816),(1319,'a9dc573f042a818391c473344f498f04',1,'127.0.0.1',1345813850,1346130234),(1326,'64403a5d15ea156a49dfb2fe1ba45767',1,'127.0.0.1',1346264232,1354913553),(1327,'6e4252521d3a821f08a1c09ff13cf70f',1,'127.0.0.1',1346327608,1346327608),(1329,'ea409e669afab886e7b0b9fe96fa979e',1,'127.0.0.1',1346439104,1346684979),(1333,'67c1efa25ffbebbff0277698db84c80d',1,'127.0.0.1',1346637395,1346637395),(1334,'74798c8c19687d4335c3c19697f0a7e4',1,'127.0.0.1',1346811616,1346811616),(1335,'6c56113aed01fae7bb22f190537f64c1',1,'127.0.0.1',1346900106,1346900106),(1336,'4d773719ab206fae67e705e59a79b72e',1,'127.0.0.1',1346933460,1346933460),(1338,'10aeca37735459fa84c666db0ce0e8f4',1,'127.0.0.1',1346937242,1346937242),(1339,'3aec7c77c95220fc04100f4a82e61a61',1,'127.0.0.1',1346947832,1346947832),(1342,'598cbf42325cbff50d30bedf5485c19d',1,'127.0.0.1',1347332556,1347332556),(1348,'dacb85ed579f892b89fb81262736f63f',9,'127.0.0.1',1347471157,1348865907),(1352,'7bca8aaf7eed79b8030f2303520649ac',1,'127.0.0.1',1347558267,1348178561),(1355,'d3b3126a9919f9be7ce56954fe8797a7',1,'127.0.0.1',1347589756,1348864308),(1361,'80adc6cbc93688391426ed200c648a29',1,'127.0.0.1',1347915641,1349543917),(1367,'8eecbb9709db31d454b9825baa4bc238',1,'127.0.0.1',1347972272,1347972272),(1377,'071a91afed154901322f6f1229ce115b',1,'127.0.0.1',1348700531,1349535449),(1379,'86231ae1947d5988de11dc6a615a32ff',1,'127.0.0.1',1348758181,1348784661),(1383,'97af490a27c48fc81e4a16f5c72d12df',1,'127.0.0.1',1348885549,1348885549),(1386,'fb9f51ffa654fe1230a588a762bb6421',1,'127.0.0.1',1349267003,1349267003),(1387,'9aefcda17061a19f69b55439eda0a056',1,'127.0.0.1',1349268231,1349466825),(1388,'124dc8c227df5e3f997e7a21e3188c9d',1,'127.0.0.1',1349381303,1349381303),(1389,'0f7afaf7fde90b50f912b970d280ff78',1,'127.0.0.1',1349381735,1349381735),(1391,'b3aaa4f7e41b79a881ac191311bedaf9',1,'127.0.0.1',1349442355,1349442355),(1393,'55afa5bf0cc2bc001235fa8a57f45749',1,'127.0.0.1',1349469672,1349469672),(1398,'eb5315e5eaa4b181e38939f6a7d278a3',1,'127.0.0.1',1349816520,1350524299),(1400,'8085f4edf22addeaaa9a479784240396',1,'127.0.0.1',1349830392,1349830392),(1405,'bd2c28c7f790f2f0b72e96bb354885f0',1,'127.0.0.1',1350504417,1350504417),(1407,'2e66ce75e3b9c035c18e7ed926384b0f',1,'127.0.0.1',1350580812,1350580812),(1408,'f28fafe7dcdccc767ffe7545e77a8278',1,'127.0.0.1',1350699527,1350700141),(1411,'209ee1377ff6bfa7c310ad1b439f2f6b',1,'127.0.0.1',1351218404,1351218404),(1414,'88781b965a5909d4d4a0c0d6f941d168',1,'127.0.0.1',1351439048,1351808610),(1415,'a3fc0518d312fc52e9330a80b631923a',1,'127.0.0.1',1351461114,1358106036),(1426,'68ae3f7399c74f8a65eff9504ee648d3',1,'127.0.0.1',1352315956,1352315956),(1427,'de845ce3b947457d47586f1c410c9206',1,'127.0.0.1',1352378050,1357769173),(1435,'28d51a0f8122404ec38d0e294e9d42a6',1,'127.0.0.1',1352899315,1353968872),(1440,'46fef5daae7e5a14055e27186fc8bc72',1,'127.0.0.1',1353335110,1353335110),(1450,'60ca0592c9289e6712dd8f790ca616ce',1,'127.0.0.1',1354134616,1354134616),(1453,'c2873502883d752963a985ee4a12b9d5',1,'127.0.0.1',1354305212,1354382623),(1457,'0e1b9168512e7eb501f76619db6aded5',1,'127.0.0.1',1354547519,1354639465),(1458,'6a313f008846f8463537cc0fd719db04',1,'127.0.0.1',1354548742,1354647374),(1462,'42d3ad2ab834a4658bc97a9b3309016e',1,'127.0.0.1',1354798385,1354798385),(1463,'b61d73d960108e6cbf7958bb47db421b',1,'127.0.0.1',1354802353,1354802353),(1466,'ec6dfe5ccde93f248f292c1bf5bb8810',1,'127.0.0.1',1355319127,1355404524),(1467,'56fc282eaddd3ee790d50dbbcab4e4e4',1,'127.0.0.1',1355495078,1355495078),(1468,'5decce9ea38a229383ea0ee7014460e7',1,'127.0.0.1',1355749957,1355749957),(1471,'da67120f596589f5749b3282b1693e6d',1,'127.0.0.1',1356094779,1356094779),(1473,'1b1622188af3f6020a4f42eec717b693',1,'127.0.0.1',1356379110,1356379110),(1481,'5184ace09eb20d68bbfa97710c8f832c',1,'127.0.0.1',1357150717,1357739831),(1483,'8e6f7dcf134261ce3dda987376445e80',1,'127.0.0.1',1357257048,1357578425),(1489,'5655c5d8aff253d81b959e007b848952',1,'127.0.0.1',1357735171,1357735171),(1490,'d1e49b3d43b01df444b0e76d6b41065d',1,'127.0.0.1',1357823732,1357823732),(1491,'8be49f91819606446a9c0c81ee9271e1',1,'127.0.0.1',1357909300,1357909300),(1492,'1abfbfdf0d39809ce7837bf504385ae3',1,'127.0.0.1',1358106007,1358106007),(1494,'b0c9f2613da73380b1fb428404686aaf',1,'127.0.0.1',1358197932,1361365683),(1498,'5cb7d13fb28ada22bdead3e48fb233f9',1,'127.0.0.1',1358791453,1360953030),(1502,'57de9b19dad6cdc0c464466e205fdbc0',1,'127.0.0.1',1359318951,1359323836),(1505,'bff94e8c2812317f082196f29a845ee4',1,'127.0.0.1',1359639463,1359639463),(1507,'7a85d3fe8427a6a2fa6e7cb0ecdf7635',1,'127.0.0.1',1359671671,1359671671),(1509,'a439e41634cdb0cc996d7a56870be8a3',1,'127.0.0.1',1359728739,1359758175),(1527,'180085dc5a2cb655470dcd8b4565b662',1,'127.0.0.1',1361019468,1361019468),(1528,'69befefec31b254cca37134b746a4fb2',1,'127.0.0.1',1361041005,1361041005),(1529,'29ba363c4a2333b6dbb8e1cc8e565ded',1,'127.0.0.1',1361045420,1361045420),(1530,'3791c529b1380cd7401f1d20d27f8894',1,'127.0.0.1',1361192553,1361192553),(1531,'80fb2fc9af00ae1f5a8b39f00d674837',1,'127.0.0.1',1361280058,1361280058),(1539,'8ba3d48210e233fa3969018cbfb69616',1,'127.0.0.1',1361801797,1361801797),(1540,'db9002eff41db93313ed24c99a4ec8c5',1,'127.0.0.1',1361969624,1363264788),(1541,'1ea9cdf1cbc7149b3968811d209f64a3',1,'127.0.0.1',1361976531,1361976531),(1546,'9ca7ac49380052d050559cd91825622d',1,'127.0.0.1',1362153468,1364850324),(1548,'2fdc853492ab13b0e161a675961b860d',1,'127.0.0.1',1362492023,1363102680),(1551,'edaeff47ed66a270d1320ccecf58d29c',1,'127.0.0.1',1362577514,1362577514),(1554,'be4ea7553c79e43a5af546673b38c9c1',1,'127.0.0.1',1362747957,1363351528),(1556,'3fb4a40c6fbf17e89b5e0e8348b2e002',1,'127.0.0.1',1363393336,1364932322),(1557,'6383ca02527ebd1961f24977583b1af4',1,'127.0.0.1',1363450086,1364932238),(1558,'d8af1c368dd7f60af3c2035ad9f2ae12',9,'127.0.0.1',1363884566,1363884566),(1559,'2c252232fa0f3c9cad0382ee2996c03c',1,'127.0.0.1',1363889366,1365787292),(1560,'3d7935aa2476178a53ea0e3e59b96bc9',1,'127.0.0.1',1366053637,1367594442),(1564,'2fd37cd0e1f8f0c453acec8e446028ca',1,'127.0.0.1',1367266059,1367266059),(1565,'21bd77392a4b5193e9a281bce2dcbb65',1,'127.0.0.1',1367270759,1369340916),(1566,'48897a1c816609aa64cb77f798b0de58',1,'127.0.0.1',1367346938,1367346938),(1609,'97cd58a9967ff7b62d73979f6640b492',1,'127.0.0.1',1369436893,1372276611),(1614,'33286c0ed1b467bf1bcb0409df47a4a4',1,'127.0.0.1',1369761923,1369761923),(1617,'00d5aea6490b9c3ff37d7ef916092597',1,'127.0.0.1',1370106267,1370106267),(1618,'11709cdd21bfa4b51713888f13fa8202',1,'127.0.0.1',1370266979,1370348521),(1624,'9d16c28f0aba73dd2acfb9952f1ca244',1,'127.0.0.1',1372770997,1372770997),(1625,'e395578c23f43aa55ae66bd8b2d40c11',1,'127.0.0.1',1373661853,1373661853),(1631,'89b311448704c76df8fdb11204695187',1,'127.0.0.1',1374613013,1374613013),(1635,'2d7bb04527d93200979d1cd6003b0d2e',1,'127.0.0.1',1375294909,1375808798),(1639,'21c77151f9594513998855c42abdc671',1,'127.0.0.1',1375731923,1376596260),(1640,'8a12dc58372d2e12288e1861f12da97b',1,'127.0.0.1',1375808599,1375808701),(1655,'0aac965cefb9ee0f37095f7ae2cce660',1,'127.0.0.1',1377556667,1377556667),(1656,'8966c982a8bcaff378b7e310533fb0f1',9,'127.0.0.1',1377640915,1377640915),(1663,'fada3d03c400c37acf87b68462d85095',9,'127.0.0.1',1377814090,1377814090),(1671,'1d44ce0189fd104c18010318c7119858',1,'127.0.0.1',1378947035,1379451179),(1672,'2879acef2d99e0fb325456969170b602',1,'127.0.0.1',1379083958,1379083958),(1673,'f8ea3259433a40b58ca3c62f9af6235c',1,'127.0.0.1',1379113605,1379113605),(1681,'d2c12edb0ab0df9e7d2f970fd7087969',1,'127.0.0.1',1379358312,1444847165),(1683,'16cf7b1fb5b02ec6ec5dbd2830b50ae6',1,'127.0.0.1',1379360498,1379360498),(1689,'2907475d578a056f78f46f588b9f2a65',1,'127.0.0.1',1380202732,1380654568),(1696,'49b0663c3cde08d525f5109acff42c03',1,'127.0.0.1',1381266318,1383695333),(1705,'4969bd118450ce7993d322ec715489e1',1,'127.0.0.1',1382914232,1383430137),(1709,'d088a34bfc28b74f2d6513513582165d',1,'127.0.0.1',1383226189,1383749802),(1711,'9ec4d61ed6d443b7021facf338e4b0d0',1,'127.0.0.1',1383698147,1383698147),(1713,'f0fd8a7eff1f5862f1ef8df66f4034e6',1,'127.0.0.1',1383770203,1383770203),(1714,'89d9fa6a1034c9a56b0dac064a17d26e',1,'127.0.0.1',1383774861,1387292746),(1716,'c98370ffbf448618bf930f0f2187816b',1,'127.0.0.1',1383836906,1384367046),(1717,'6e62642f368d0e3847a26c174002b59a',1,'127.0.0.1',1383837683,1383837683),(1725,'257333c1b176bb51490502cca44f6e42',1,'127.0.0.1',1384363396,1384363396),(1726,'ad81361a12b867c6dbd7ae34dfd6baf1',1,'127.0.0.1',1384367926,1384367926),(1729,'fddea6322dd688cbefe623229935ced6',1,'127.0.0.1',1384382731,1385231501),(1740,'21701bd76e0e7b3df9b398de8c84d540',1,'127.0.0.1',1384941753,1384941753),(1742,'0d30fd10e214bfa034d1f1de1d8a2e81',1,'127.0.0.1',1384994302,1384994302),(1744,'40961d171331d0dfe8f333c1e306e36e',1,'127.0.0.1',1385332455,1385332455),(1745,'d0424941cfa92e90839e384bac13baee',1,'127.0.0.1',1385402237,1387471659),(1746,'daf30aae91e2b0545568392483c16840',1,'127.0.0.1',1385472289,1385472289),(1747,'34d8cdc5e8439d4fd1c01110d773cdf3',1,'127.0.0.1',1385557492,1387372683),(1750,'d4530462441d69237993fa34863e0e98',1,'127.0.0.1',1385659592,1431856542),(1757,'20d6c5421e0827e4d6d9b5c15046b1e4',1,'127.0.0.1',1386629691,1387210377),(1758,'3955c52c8874d4aea9e4cb83e25036da',10,'127.0.0.1',1386691610,1386691610),(1760,'5168337de5eaaa6491cc19f879af705f',1,'127.0.0.1',1386972000,1392133484),(1767,'3152214d24fb12dc80f48ea7f57968c6',1,'127.0.0.1',1387543928,1387581030),(1769,'ed24682eed259d4c29830c23ee8b2893',1,'127.0.0.1',1387802854,1390395871),(1771,'53cb1991e6990b083f14cf1f76de0d76',1,'127.0.0.1',1388275512,1388275513),(1772,'72a5de6ad5b7eeb68fdb13872ad62418',1,'127.0.0.1',1388765893,1388765893),(1779,'403d3fe9633678dc8a156ec32299872d',1,'127.0.0.1',1389278090,1389967411),(1780,'bc7a9b4074b5b7165c3a9a23131ec915',1,'127.0.0.1',1389280848,1389280848),(1781,'0dffed4c665d681f1009ea83f587cd03',1,'127.0.0.1',1389372136,1393778236),(1782,'eb1dbd585fee21f2ec83ce0bec75452d',1,'127.0.0.1',1389635646,1389635646),(1787,'c9f52e3bef5c8caf3ec8fb752618238f',1,'127.0.0.1',1389875966,1391614397),(1789,'ce62a5fc9e0f7cb46a5cc9f29870e6c5',11,'127.0.0.1',1389991518,1392847335),(1794,'40fb2cc426d78922c60523a10827f406',1,'127.0.0.1',1391028742,1391028742),(1796,'111f8defab9f864afda9a37f986d9f72',1,'127.0.0.1',1391184765,1391184765),(1797,'50a167d7ce54ad812d2d07ebfb4c0026',1,'127.0.0.1',1391260934,1391260934),(1798,'211a803c84d9ad5a57c03714471c2252',1,'127.0.0.1',1391265255,1391265255),(1799,'b4034f0ff5784a31f0205342f8f88c77',1,'127.0.0.1',1391432258,1391432258),(1803,'29ea3cecab07c0344cee1e57d6692026',1,'127.0.0.1',1391701749,1396531702),(1804,'47afe6e4d2c46232b21be0d82d556326',11,'127.0.0.1',1391782301,1392741298),(1805,'fee6809ba822f2a790e531c76a760ca2',1,'127.0.0.1',1391794495,1391794495),(1806,'aa4569e8212a408838cb93bccc6bce8c',1,'127.0.0.1',1392050737,1392299830),(1807,'c5b1dd715f4a99680205761e25cdf0c4',1,'127.0.0.1',1392069783,1392069783),(1808,'c23a7789640334bf4939de0462488da0',1,'127.0.0.1',1392236201,1392236201),(1811,'7c3265626062c5b57ecf9f5dd2b02b46',1,'127.0.0.1',1392417329,1392417329),(1814,'884f15ebf5d6e70519118d2ee7516f9d',1,'127.0.0.1',1392731145,1392731145),(1815,'4c4d07668b6da637648e29632fe2f5aa',1,'127.0.0.1',1392745800,1392924323),(1820,'4c725e8ae40ae416d1e62ecaae427efc',1,'127.0.0.1',1392917929,1392917929),(1821,'01cdf7199d6a2dcfa17574c2f5ebcd26',1,'127.0.0.1',1392926180,1392926180),(1842,'65cd112490ed59c587707275468e24a0',1,'127.0.0.1',1394049359,1394049397),(1857,'c2539c2cfac5e3e7b72ed56a14e17b38',1,'127.0.0.1',1394722370,1394722370),(1863,'39582c79e2f01cc7767aa2d8057e8efc',1,'127.0.0.1',1395082905,1395082905),(1864,'3ed2e68e511f7d61f9d43fb1959b24bb',11,'127.0.0.1',1395149636,1395149636),(1867,'aff8fffff67fb8d922f40fe5010b8667',1,'127.0.0.1',1395181292,1395181292),(1873,'7b48bd78dd7f0af59ec31d25fde18faf',1,'127.0.0.1',1395702033,1396274281),(1884,'2d9e940ac31208d57655ff033ec92e03',12,'127.0.0.1',1395844124,1395933926),(1891,'d97ca0a5db82a3e375b3cd734cdc6609',9,'127.0.0.1',1396271532,1398269760),(1893,'9e1d38cd0087964aa9273856181731bc',13,'127.0.0.1',1396272130,1399727802),(1913,'5f0ff09fe4479e5c2300ade85adac568',9,'127.0.0.1',1396893340,1396893340),(1934,'1ba0d19a6df2d5fac280ee3ec144d065',13,'127.0.0.1',1398432187,1398692477),(1936,'f99d507cb71d9fb2201c9dbe13b3b511',9,'127.0.0.1',1398450904,1398702425),(1937,'cb3e84558d809c191934734d40513184',1,'127.0.0.1',1398530463,1398530463),(1942,'ec034465a039ccad677522261b18c655',1,'127.0.0.1',1398794185,1398892711),(1948,'e2e9d3a730e8520b1d7b9d8a6a30263a',11,'127.0.0.1',1398980625,1400382205),(1950,'6a822eb63a208a04bd1edac2a092d506',1,'127.0.0.1',1399382043,1399929648),(1951,'d26b1a92e55fd7c7b2080b6d9cd95bf0',1,'127.0.0.1',1399391019,1399391019),(1952,'87816a06534e58b3259f14f4d3d0a298',1,'127.0.0.1',1399460555,1399461604),(1953,'89a8551d6dc7f8dd058f1d92e626d62e',1,'127.0.0.1',1399669127,1399669127),(1957,'e7dc1a8a481f6c2471cc355a3ead114d',1,'127.0.0.1',1400002931,1400002931),(1958,'59e8d39fee23f263b872fb08db19102d',1,'127.0.0.1',1400003126,1402591505),(1961,'943395a6fdb7fbb76b39fdf507c93f9c',13,'127.0.0.1',1400073999,1402768567),(1962,'3e3c1baa29f37f31acc9d8a3279fa0d0',1,'127.0.0.1',1400081222,1403032936),(1963,'bb8696111932e59e3a271f5ce10edc0b',1,'127.0.0.1',1400159897,1400159897),(1964,'37b80a679672599ae0361c19fb142bf4',1,'127.0.0.1',1400173889,1400542968),(1965,'736cf2a99264ebbaf2fa180587a754fa',1,'127.0.0.1',1400260964,1400617437),(1966,'590d5fe82a76de5df601e615882e0947',1,'127.0.0.1',1400281639,1400281639),(1967,'a0c827f573b2760c84253c1ea89fe32b',1,'127.0.0.1',1400605028,1400605028),(1969,'70510c412e4a46c701ea7416ec4c9d9a',1,'127.0.0.1',1400769436,1401206792),(1970,'4824785f072c2e3835ff564ff59ffc0b',1,'127.0.0.1',1400778192,1402697807),(1972,'38ce306418583c1817350105b38359b3',1,'127.0.0.1',1401142381,1401142381),(1973,'5b8acfe3448ad8112e80cec3b09b6630',1,'127.0.0.1',1401193873,1401631221),(1974,'08340b74390a21a764513e267741c3c9',1,'127.0.0.1',1401205276,1403104699),(1976,'358133f861b238adab535a3cdc85891a',1,'127.0.0.1',1401291312,1402337822),(1978,'4c3a3802dc12d08f859ccfc394f536b0',1,'127.0.0.1',1401373187,1402085315),(1979,'da18de14614ccade580395d5c9f93086',1,'127.0.0.1',1401387114,1401387114),(1980,'cd677e94281b947a4de25e22694a41aa',1,'127.0.0.1',1401666156,1401666156),(1981,'4d41adc412ce7fcc03c6f742146769f9',1,'127.0.0.1',1402414366,1402414366),(1982,'5fc2b6203e1039ed41e26cf51eada0a8',1,'127.0.0.1',1402414740,1402507180),(1983,'6f11be484566aad6fe12ef9181657cc9',13,'127.0.0.1',1402498537,1403026628),(1984,'5a01a681f6f4ace909d0f5f07415cfe3',1,'127.0.0.1',1402606287,1402606287),(1985,'c43cec3bbd3e611d87b73c1baaaf37b5',1,'127.0.0.1',1402608193,1402684320),(1986,'a3c2991605d327cc4a409d1b814204f4',1,'127.0.0.1',1402611230,1406857214),(1987,'3582111000692b1179e18ec8d61fbf5a',1,'127.0.0.1',1402677614,1402677614),(1988,'0d5da0de3698ad974a8bc2f2f48ea1ef',1,'127.0.0.1',1402945704,1403811873),(1989,'f67ac00f7943f35ce25f2185dfbe274c',1,'127.0.0.1',1402950712,1403039755),(1990,'54470c41b010b0fbb97a70e864759662',1,'127.0.0.1',1403046851,1403046851),(1991,'ded458d0f12f81d6c3c0bf213b034f6d',13,'127.0.0.1',1403105906,1405435191),(1992,'24b14c58bb03d3b47f52102f533dbe2b',1,'127.0.0.1',1403202905,1403309123),(1993,'74001b14faf564a7bd72ba68b0abebeb',13,'127.0.0.1',1403208418,1405469204),(1994,'4c6fa972f6a62ba044cc1275e7ab17d8',1,'127.0.0.1',1403292075,1405014157),(1996,'76418a09a3770930c2e68c5f8aeb83c3',1,'127.0.0.1',1403735182,1403806963),(1997,'4d4906815f26626e0215d10fe7b3c16f',1,'127.0.0.1',1403880121,1403880121),(1998,'fa90e11a6198202030c5ddbfbfd4d998',1,'127.0.0.1',1403880550,1403995183),(2001,'caa682d449a4f00095e44cfca91e6402',1,'127.0.0.1',1403912118,1404081940),(2002,'2e54f75e15184eca5a164b2d79e8391a',1,'127.0.0.1',1404139516,1404139516),(2003,'f1e6937f3a33b519d11eba2e267a5eb0',1,'127.0.0.1',1404159258,1404159258),(2005,'a47195d2353ca5d9f958618ea7478948',1,'127.0.0.1',1405020533,1405715806),(2006,'0138c5e717ac9ff436e527c2d7fb7698',1,'127.0.0.1',1405349233,1405349233),(2007,'29f54fae93288b0e4fb02c6c28105e79',9,'127.0.0.1',1405351577,1427739129),(2008,'5eb3a99b942b864011b2b719e1d6211f',1,'127.0.0.1',1405444835,1405706574),(2009,'3ce4c1a09a11c0a66d0dca74ae6da61e',1,'127.0.0.1',1405452543,1405722145),(2011,'47279e2d614b7e5462c13e986b25446f',11,'127.0.0.1',1405687697,1406245221),(2012,'8f52c59800e5f2489849652216d7e38c',9,'127.0.0.1',1405724149,1406060327),(2013,'8d0a75f96b6712f6b44430d58040ac2a',1,'127.0.0.1',1405959791,1406829632),(2014,'c978c2bf76f5f968eaa12944ae407a13',1,'127.0.0.1',1406045902,1406056230),(2015,'5138831aa7fdaac10e256434e8e9a4ec',1,'127.0.0.1',1406046240,1406332360),(2016,'7472b36a98fca48b447b0f6a16a0b6f1',1,'127.0.0.1',1406064379,1406321680),(2017,'43950936e3d795e7c135f1bc487e3915',9,'127.0.0.1',1406068851,1408568908),(2018,'f7234a4b914bf276faa234e90486ad39',1,'127.0.0.1',1406070060,1406749009),(2019,'9c8b3e2b6638cdd7b7f5a7d2fc578a9f',1,'127.0.0.1',1406213251,1406213251),(2020,'eb5f078d060606b2752e61ae20f5a8be',1,'127.0.0.1',1406569443,1406667205),(2021,'531f247c9dcd60cd52b6c9199a52af08',1,'127.0.0.1',1406814630,1410460554),(2022,'7638631d76b283e7bbc14e39ea4b58b3',1,'127.0.0.1',1406849180,1406849180),(2024,'bb4d079df0d4512db2402ed8f09df00b',1,'127.0.0.1',1407070478,1407070478),(2025,'c4e2031644f2f28edea6a706e2096fbc',1,'127.0.0.1',1407172349,1409348880),(2026,'300f05db9a6fb0ad4d83ada5d622a48c',1,'127.0.0.1',1407610084,1408991731),(2027,'b1ad17b14bc20e027acc42e2009c9f0e',1,'127.0.0.1',1408469961,1408469961),(2028,'2aadf6a6cd5e5efd6e6f4896061104b3',1,'127.0.0.1',1408649440,1408649440),(2029,'6df6cb37291f8ccc2833a6042f5aeef6',1,'127.0.0.1',1408812033,1408812033),(2030,'cfd4c1a3c5b48332ac176c3e9e44ea51',1,'127.0.0.1',1408984738,1409766367),(2031,'b3e638add059ef876209e9361866fe01',1,'127.0.0.1',1408993808,1408993808),(2032,'8731b116661201105550fee16c553495',1,'127.0.0.1',1408997188,1409160816),(2033,'62daeb6269fe5ab3a107ed433e40c0e1',1,'127.0.0.1',1409178796,1409324792),(2034,'5dce0dab692919642b80f92ced5faf35',1,'127.0.0.1',1409600799,1409766581),(2035,'6c63a6e487f016f96f831cc018612d2a',11,'127.0.0.1',1409663559,1409663559),(2036,'9a64eec713bcb452cd2cf98618f924da',1,'127.0.0.1',1409945574,1410358251),(2038,'4fa3bb48941e3fb04272c9063947d361',1,'127.0.0.1',1410385327,1410558902),(2039,'49c57cec48dc1d50f842eab3ae461a6d',1,'127.0.0.1',1410557504,1412870623),(2040,'e1b38e6e5d343bc7287f9c2869bf62f8',9,'127.0.0.1',1410899008,1426882911),(2041,'7b719d6cd23d9c467ca1cf12c2d13a89',1,'127.0.0.1',1410899862,1411772591),(2042,'b54d93051fa1c56058dca8d85e2c61db',11,'127.0.0.1',1410913570,1410913858),(2043,'5d14166cf810adce39b97df35159a547',1,'127.0.0.1',1410965355,1413388384),(2044,'126d8212dc93dead905789a610acf1c0',11,'127.0.0.1',1411050933,1411050933),(2045,'43e7bb92bfbb158a0ee664a7eb207ada',1,'127.0.0.1',1411072602,1411578524),(2046,'8d83c997ae04c10c0695cc0e19b3e575',9,'127.0.0.1',1412864644,1414691244),(2047,'f49696f9c9d4ec70cfd29dae3a6dcbb7',9,'127.0.0.1',1413327607,1413327607),(2049,'e48eb075b6b3edf265d59f62cfb5c88c',1,'127.0.0.1',1413473629,1413652013),(2050,'5e4a9c54837f85a92c106ee62fc929cf',9,'127.0.0.1',1413483343,1413551205),(2051,'d230f5107d53899e0f56bb4d6ada973f',1,'127.0.0.1',1413485955,1413485955),(2052,'4ef07e2ada13fe730793c10a99e281c3',1,'127.0.0.1',1413828276,1415400938),(2053,'c20501dd6aea9a808668e8ad9b1a4bf7',1,'127.0.0.1',1413925701,1414180356),(2054,'32c2c1ce2c5f322239d4797b0d3e6d7b',1,'127.0.0.1',1414001504,1414001504),(2055,'9436d191f22869d73776d63a34f89141',9,'127.0.0.1',1414702953,1415799110),(2056,'76b5945b4a43604ec5e8425bd1e087f7',1,'127.0.0.1',1414777385,1417541915),(2057,'1ea8e006cdbb98b5a45310b5826ea650',1,'127.0.0.1',1415209184,1418157465),(2059,'79fe1cc7de2c5eaba126a63d379b82b7',1,'127.0.0.1',1415318000,1415400549),(2060,'8ea799c9a9293aad49c934aecdc911d0',9,'127.0.0.1',1416001257,1418158850),(2061,'cffe2c1aa928e447c3d4ac328234c582',1,'127.0.0.1',1417641813,1421442351),(2062,'3ec014fc97e21ab521042261feb8735b',1,'127.0.0.1',1418341376,1421268249),(2064,'fd1e1b2d66505eaa4637d184971c55d4',1,'127.0.0.1',1418585562,1420993544),(2065,'d01edef50a373caa2419266150056db1',1,'127.0.0.1',1421174318,1421174318),(2066,'5573949b997f4c1512b9d48c785692a4',1,'127.0.0.1',1421437175,1421441111),(2067,'c75aa57836c4a3959d029582d5e4621d',9,'127.0.0.1',1421449806,1421677061),(2069,'ed2ccba2b1c992c4aa804ea7716c3e55',1,'127.0.0.1',1421710760,1421870148),(2070,'f7a744b752c543dc87b71140aa9f310f',1,'127.0.0.1',1421866968,1421866968),(2071,'71ced9e7d627364063657bafa8fa0e13',1,'127.0.0.1',1421869082,1421869082),(2073,'d750a0199eafc82bb9786e751cf02f05',9,'127.0.0.1',1421963317,1421963317),(2074,'5f828fa71cbe74ecfa0950a13c223419',1,'127.0.0.1',1422032356,1425828688),(2075,'43a645189c04099d7034593846df4d8f',1,'127.0.0.1',1422059316,1422706379),(2076,'ff8dcf7490767666841138c222ccd1bf',9,'127.0.0.1',1422540597,1422626590),(2079,'e100b9449415c47b947336d0ed0f2af1',1,'127.0.0.1',1423750933,1423750933),(2080,'1d579d8c8a6eef2fa9df666e78b022d2',1,'127.0.0.1',1423856501,1424904491),(2081,'a0c959e367afb0a5d5adebbe8faf0119',1,'127.0.0.1',1424449620,1425134787),(2082,'32971ae457c8b59af6ce452c22e96b47',9,'127.0.0.1',1424783644,1424891396),(2083,'8ca9c840fcc73dc20e2aa1dc5947a170',1,'127.0.0.1',1425257252,1425408046),(2084,'2ee9611e72d0e918e55dd96cfe119d8f',1,'127.0.0.1',1425336785,1425336785),(2085,'ef1e60cc6212a8c81a643bc671f785d7',1,'127.0.0.1',1425477408,1425477408),(2086,'54039e17a9e62c023ae55d22d0d91c58',1,'127.0.0.1',1425691811,1425691811),(2087,'3d6b7aa0597bcf1a85e56515886fbc86',9,'127.0.0.1',1425750894,1425750894),(2088,'ed83bf0077f0ba429d2d7f0d3641c801',9,'127.0.0.1',1425762487,1428346394),(2090,'7d220e52851dc5afccfae89568ebd7a8',1,'127.0.0.1',1426098623,1428611449),(2091,'4f875242daa500dd834119742925ac53',1,'127.0.0.1',1426187600,1428448160),(2092,'62e049165b08ff066250054bee5b64bc',1,'127.0.0.1',1426338858,1427206837),(2093,'2008be0c20266da060dc3bcc3d78a968',9,'127.0.0.1',1426511995,1427239946),(2094,'889372adc137cfed17aae1243855b9bf',1,'127.0.0.1',1426516156,1426516156),(2095,'3131d62343bf7948f08830e8a9f45897',1,'127.0.0.1',1426550846,1428359327),(2096,'b76fb67d236271ae72269ad3d74a7274',9,'127.0.0.1',1426557179,1426883053),(2097,'bc8497b3ec66d3273e9a05315277d55b',9,'127.0.0.1',1426775014,1427474907),(2098,'45eebf463599cc700e1718321563ce52',9,'127.0.0.1',1427395355,1427395355),(2099,'9313b2b7655dfcdeec7efd0bb78ea9fb',1,'127.0.0.1',1427735067,1427813287),(2111,'b3ccbc034b9df5ec07517420fc769a2d',17,'127.0.0.1',1427910159,1427921701),(2114,'e815dd8e21b0ebbce800394a68ea4e09',19,'127.0.0.1',1427910487,1427910487),(2116,'6901c645e0ef3d904759c6fe3ff99f2d',18,'127.0.0.1',1427910783,1428442569),(2120,'de739a2bb70941c597c25bf11d5971ec',9,'127.0.0.1',1427925063,1427925063),(2121,'3e4aabcd77429cab6e60e9fa944b7e36',20,'127.0.0.1',1427934893,1428775819),(2124,'88c14854805d83bd6e063dde0d16f435',9,'127.0.0.1',1428155548,1428155548),(2126,'65cc04afe5b72b4bc2948a4357a4ebc6',9,'127.0.0.1',1428155722,1428155722),(2129,'0150b3062819178528ff8f9f02c2be83',17,'127.0.0.1',1428156781,1428156781),(2131,'c51fa1c8e9cb6ae97fe221df8364c246',9,'127.0.0.1',1428329268,1428692431),(2133,'3c595939cb3052e18ebb89edbcf20ad5',20,'127.0.0.1',1428330308,1429644286),(2134,'5a18130eb7b135bacf3e1861b9455f53',18,'127.0.0.1',1428359804,1428361579),(2135,'29ac84dba29bc0a721aed94c6558b03f',1,'127.0.0.1',1428360493,1428360493),(2136,'c1c13a4977a3b9f3e536f95428da7939',9,'127.0.0.1',1428430338,1429549505),(2137,'3817cfaa010f33c7f4dc981ea48a80c5',18,'127.0.0.1',1428448398,1428448398),(2149,'fab1f4c8178b4536c38b1db0241cf093',18,'127.0.0.1',1428525138,1428525138),(2150,'77455aea5b72bdf2a167e9e121179abd',18,'127.0.0.1',1428589104,1428589104),(2151,'162d26720ce98f7d52a4604a9323b0a3',1,'127.0.0.1',1428602146,1428602146),(2152,'e2d4d36cc5456f82b5e598f47c2134dc',20,'127.0.0.1',1428698792,1428698792),(2153,'f009781cbfe91549791176e60ac43f13',1,'127.0.0.1',1428700748,1428700748),(2154,'e51a3e974151056ccb56f1c08fea9954',9,'127.0.0.1',1428763190,1429050247),(2156,'afa71038fd4191d57a3ece7342d76898',21,'127.0.0.1',1428948737,1428948737),(2157,'9edbcb554ad77902d08a154563976df4',9,'127.0.0.1',1428948829,1428948829),(2159,'afc9e60963f2176921a5877f1e89c7d1',1,'127.0.0.1',1428965637,1430153600),(2161,'a5215f63d45609d6e3e19e41dd32b449',20,'127.0.0.1',1429046945,1429206548),(2162,'9cf3bf05878dfcf77f204858661ca63b',9,'127.0.0.1',1429051427,1429051427),(2163,'61112db8b18cf57933b9e603acac9c82',17,'127.0.0.1',1429117543,1431533348),(2164,'9acb4d4fdcd0b6b5586777dfd63de20b',17,'127.0.0.1',1429192997,1431636490),(2165,'b15e45503c067cb68f93d7c1852fb733',19,'127.0.0.1',1429201922,1431700078),(2166,'9452f98d9584e8301fc60bb04337b1c8',19,'127.0.0.1',1429206834,1429206834),(2167,'66e3cacee9b05b61a68323941a66bb28',17,'127.0.0.1',1429299304,1429299304),(2168,'61a8003705f59bbdc64ea7335af20d9d',1,'127.0.0.1',1429388720,1429809878),(2169,'b3c330173bee717d40f854c283eab361',20,'127.0.0.1',1429639757,1429639757),(2173,'faf051419fc416307a69c3a0afdd24f7',19,'127.0.0.1',1429721416,1429721416),(2179,'655d76bf29cdcd68cb7cbc6a512c69db',19,'127.0.0.1',1429803100,1429803100),(2180,'04517bb4866bd39ffa596a34699d8ef8',17,'127.0.0.1',1429803130,1429803130),(2181,'af40dc9984ee6c0339e2ccf72f110095',17,'127.0.0.1',1429881801,1429881801),(2182,'445f6b5965a3b60f9bc336a0c70bf7c9',19,'127.0.0.1',1429909200,1429909200),(2183,'9624b4b61fc4c7e1aa908ccb6305eb08',17,'127.0.0.1',1429975396,1429975398),(2184,'68adc94c1722b686f6c36ccbf142b81d',17,'127.0.0.1',1430147372,1430147372),(2185,'7fcf8c818e3fd59483a19c7d63ef6eba',19,'127.0.0.1',1430153698,1430167602),(2186,'dc93e45e043e0065af64094a9b7448f3',17,'127.0.0.1',1430231344,1430242466),(2187,'b811b626adb25a7e3713dfc8d450f1c9',1,'127.0.0.1',1430236739,1430261329),(2188,'5289b4524aa54fd86e170ecee67226c9',17,'127.0.0.1',1430315628,1430319326),(2189,'f06477fa66d5378a36a5355434ae4343',1,'127.0.0.1',1430337206,1431787455),(2190,'15f82ffdca9afd41766e5d86392ef21f',9,'127.0.0.1',1430526574,1430526574),(2191,'c28571d1335d37ae2f4e2a7c8bb5a0ba',17,'127.0.0.1',1430581764,1431547813),(2193,'455bd1629917cc74f2a92ca1c4644f99',1,'127.0.0.1',1430834316,1431723865),(2194,'d9cad2beee5bccc2a5430746272dc581',1,'127.0.0.1',1431383704,1431383704),(2195,'31fabecee89e65cdd9189854377361fa',19,'127.0.0.1',1432046756,1432144938),(2197,'2565eb833878b165781704ad3ec63ca1',17,'127.0.0.1',1432129772,1432305382),(2198,'0c3e4fc6198e6fd1bba40465382b2c6e',19,'127.0.0.1',1432185674,1432185674),(2200,'52ba5a1900ad87b55a63db1bec7fcae7',17,'127.0.0.1',1432312908,1432312908),(2203,'6131d29df8f9a720af0f96f48194fa8a',19,'127.0.0.1',1432922509,1436378903),(2204,'9e14e8074361ea93c228d1796ea77ea3',1,'127.0.0.1',1433149180,1435785166),(2208,'a2d1643402423efc53b98cb39f271ddc',19,'127.0.0.1',1433258355,1433891322),(2210,'ca630fb87e646035bc48d08a81a03ced',19,'127.0.0.1',1433278642,1436219826),(2212,'f1cb5fac5d3b0c633ef9c937a60229d4',19,'127.0.0.1',1433373391,1433373391),(2217,'74ca63db9ac2606eed7fc962b1d2ba58',19,'127.0.0.1',1434138776,1435246010),(2219,'388ca23e77cded6293058d65afee35c0',19,'127.0.0.1',1434809902,1434809902),(2220,'6cb10d1c0591c8cd5fdd272df5d1c6c4',19,'127.0.0.1',1434814847,1434814847),(2221,'4ba8ec0bba0c05865f1ca4b6664032e2',19,'127.0.0.1',1434827370,1436282662),(2222,'be7017ebff13d74f2424e7642d911445',19,'127.0.0.1',1434979778,1435064520),(2223,'8378c7c3177366cf161069b07d58dbee',19,'127.0.0.1',1435075937,1436276354),(2224,'de452cebaee9bb133bdd2b3284097c6d',1,'127.0.0.1',1435080568,1435794524),(2225,'6031fd8cc57c82070ee4f1124e559cae',1,'127.0.0.1',1435254397,1435939124),(2226,'217e550004e6ff38ff282577f8d796ad',1,'127.0.0.1',1435262858,1435789131),(2230,'b12e227a7658e835220c608d4fd1e043',9,'127.0.0.1',1435946020,1435946020),(2232,'0b96d6b2196d6138f6617aba6fed6609',1,'127.0.0.1',1435955808,1444816791),(2233,'76e1d82705d789df5b8fd879669c18fd',1,'127.0.0.1',1435956632,1444817114),(2234,'2f1e2caa6a0e5c70fa8fc479f47abb43',1,'127.0.0.1',1436196405,1438885129),(2235,'c5475e59ec928b27da4a8d5fbe28e778',19,'127.0.0.1',1436209234,1436209234),(2237,'b869576628bd85d72c70986b4be38ce6',1,'127.0.0.1',1436296305,1438274959),(2238,'16bb58fa754dffd8914d78343ee0012b',19,'127.0.0.1',1436302319,1439996307),(2239,'54cd70f8c6632dc68ce369b59849d18f',19,'127.0.0.1',1436360261,1436894259),(2240,'ee1c4900ea88d9088fdb109f87e95363',1,'127.0.0.1',1436389518,1438978707),(2241,'f782b099256f499c598cb7279efeaba7',19,'127.0.0.1',1436447424,1436824317),(2242,'64ed76ba09a1add279ab853e50b102bf',19,'127.0.0.1',1436458213,1436458213),(2243,'c2c08135a8c4b4cc2a58b5bfbab8a1c1',19,'127.0.0.1',1436468471,1436468529),(2244,'dec81cfec58b06f8984d569c0aa90ded',19,'127.0.0.1',1436907284,1437830130),(2245,'ff2e111a6154b93c543304881ca683c7',19,'127.0.0.1',1436996444,1437749697),(2247,'4e26a56dd5c82e8be646052173f4bc9f',1,'127.0.0.1',1437574407,1440185641),(2249,'7f83145eee3fc844ef153a96820e23cd',22,'127.0.0.1',1437682167,1437682167),(2250,'2d29e287d493fb4e245b2496649188fa',19,'127.0.0.1',1437781863,1437781863),(2251,'54c011c9ecebbc005e3745647606e02f',19,'127.0.0.1',1437836497,1438271755),(2252,'4bd355803000012331147729b504a9d6',19,'127.0.0.1',1437837957,1437837957),(2253,'778d91986602c5250b1680ef03a559a0',1,'127.0.0.1',1438183498,1439336767),(2254,'3ee24615cb9cd6efccbc97f6d0d30d06',1,'127.0.0.1',1438194793,1439683823),(2255,'13577810cbc53af5005a790823b406c9',19,'127.0.0.1',1438288352,1438780389),(2256,'3d50c6cab32b31f439b7b209b56f05ff',19,'127.0.0.1',1438628395,1438628395),(2257,'2daf6988915853ed4e3333e1f8b94e64',19,'127.0.0.1',1438731393,1438731393),(2258,'28cbd42a2330e55384fad7faf7bab0f1',19,'127.0.0.1',1438794564,1439472680),(2259,'f9d8b9050ec586934f6bffc1c071c5f6',19,'127.0.0.1',1438899421,1439407476),(2260,'8208eaa5f8c04e1751ba67d484ca49d7',22,'127.0.0.1',1439072170,1439072170),(2261,'730c7d36fef547a6294762a210e357f3',1,'127.0.0.1',1439395733,1443663228),(2262,'d7281fdd56b1704b75806d9f37370779',19,'127.0.0.1',1439504197,1440101586),(2263,'2d859eb08ddfbecc0014eb408c61b173',19,'127.0.0.1',1439557714,1440078618),(2264,'0600a16b1d3b0b716dd029db8f2dcc67',1,'127.0.0.1',1439766603,1443804988),(2265,'7b1804fa098a425e5b0e7b1db7b779e4',1,'127.0.0.1',1439923775,1443878600),(2266,'41b09a059608e0882e688b078f2f6e66',1,'127.0.0.1',1439992426,1439992426),(2267,'152dda97f5605b34a603adc21072fb40',19,'127.0.0.1',1440008854,1443821391),(2268,'dd5dccd91948b7204a8a1744edf52290',19,'127.0.0.1',1440186289,1441146893),(2269,'c38a3c046593c152259e50e3ed1792ce',1,'127.0.0.1',1440427251,1443186880),(2271,'6a9b150787bcb5b78dd1007d0d26f525',19,'127.0.0.1',1440457266,1441059680),(2272,'d6e9c8644736a74f0a07ea94eef96c1a',1,'127.0.0.1',1440615773,1442509997),(2274,'11c43ca12ee0614aa4de7df0ec942d2b',1,'127.0.0.1',1440784726,1440784726),(2275,'77fcd31eb475514be75d41dbf2bc059d',1,'127.0.0.1',1440960100,1440960100),(2276,'aa9747e1bdbf5468d20e6c01a801ff64',19,'127.0.0.1',1441225907,1442418208),(2277,'6680b2966946c61e11a73f79874366ba',19,'127.0.0.1',1441381575,1442437918),(2278,'78e4203af8f9ae828e3dae7d40797438',1,'127.0.0.1',1441476211,1441476211),(2279,'c2a6ddbd55cd6b6f182d400339f87d7f',1,'127.0.0.1',1442332057,1442426439),(2282,'41678e08b5edf2d152f414431931cb1a',16,'127.0.0.1',1442332401,1442332644),(2284,'8c8bb1a74ccf8a332d2aa4331acbb2a1',23,'127.0.0.1',1442333307,1442426681),(2285,'fb4f9ce290ae63a0705ff2c221b203b3',23,'127.0.0.1',1442333367,1442333367),(2287,'0f4ffe6267362f184e47d1293924ca20',23,'127.0.0.1',1442426911,1442945791),(2288,'e55be296b0e595df985a64c9145c640d',19,'127.0.0.1',1442496440,1442950772),(2289,'bcdc7b4c4e962e838629a1d05b711402',19,'127.0.0.1',1442505010,1443295036),(2290,'a1496d348cfb62279e357ae7ff40e097',19,'127.0.0.1',1442584990,1442938663),(2294,'ca8ac5cd5aa41aac724b2a1161b20f7e',19,'127.0.0.1',1442951452,1443128560),(2295,'a550b1e238bf47e032a50811743c241d',1,'127.0.0.1',1443010472,1443795409),(2296,'1e4ed8c4382cc8ea7d7564c48c1d4b5d',19,'127.0.0.1',1443046624,1443186381),(2298,'fc388a5ffa473090a3b8a76623f39b32',19,'127.0.0.1',1443216311,1444845401),(2299,'48b9286a9b077eb7beb425819ec25ea8',19,'127.0.0.1',1443444966,1444829999),(2300,'4e117c681add0178a13a620d58b5904f',1,'127.0.0.1',1443879037,1444059430),(2301,'68894f5e543420e6aa813ef04f4cbe37',1,'127.0.0.1',1444072079,1444749819),(2302,'a807b2aa829b7fbafcd85c37e5dcb464',1,'127.0.0.1',1444082654,1444829957),(2303,'1f3a517b1a5cec6fe5572b7591be5e68',19,'127.0.0.1',1444150475,1444339512),(2304,'a4dfbf8122ff243f92fb70c5e947de1b',1,'127.0.0.1',1444162770,1444162770),(2305,'1bc6985670cf20c3205c3d3655e4ad8a',19,'127.0.0.1',1444169794,1444832634),(2306,'a8fddcd640a778c6ce692efeee894fc6',24,'127.0.0.1',1444324806,1444324806),(2308,'5523a0597abf3e20ccac91abd288e754',1,'127.0.0.1',1444334887,1444768070),(2309,'9ff68c390b333cfbd812a38e88b39840',1,'127.0.0.1',1444348570,1444348570),(2310,'918e9afd97d8fd501202d28a39f3a177',19,'127.0.0.1',1444835317,1444835317);
/*!40000 ALTER TABLE `sesiones` ENABLE KEYS */;
UNLOCK TABLES;

--
-- Table structure for table `sucursal`
--

DROP TABLE IF EXISTS `sucursal`;
/*!40101 SET @saved_cs_client     = @@character_set_client */;
/*!40101 SET character_set_client = utf8 */;
CREATE TABLE `sucursal` (
  `id` int(10) unsigned NOT NULL AUTO_INCREMENT,
  `nombre` varchar(70) COLLATE utf8_unicode_ci NOT NULL,
  `predeterminado` char(1) COLLATE utf8_unicode_ci DEFAULT 'N',
  PRIMARY KEY (`id`),
  KEY `predeterminado` (`predeterminado`)
) ENGINE=InnoDB AUTO_INCREMENT=3 DEFAULT CHARSET=utf8 COLLATE=utf8_unicode_ci;
/*!40101 SET character_set_client = @saved_cs_client */;

--
-- Dumping data for table `sucursal`
--

LOCK TABLES `sucursal` WRITE;
/*!40000 ALTER TABLE `sucursal` DISABLE KEYS */;
INSERT INTO `sucursal` VALUES (1,'EL HOTEL','S'),(2,'RESERVAS','S');
/*!40000 ALTER TABLE `sucursal` ENABLE KEYS */;
UNLOCK TABLES;

--
-- Table structure for table `usuarios`
--

DROP TABLE IF EXISTS `usuarios`;
/*!40101 SET @saved_cs_client     = @@character_set_client */;
/*!40101 SET character_set_client = utf8 */;
CREATE TABLE `usuarios` (
  `id` int(10) unsigned NOT NULL AUTO_INCREMENT,
  `sucursal_id` int(10) unsigned NOT NULL,
  `login` varchar(32) COLLATE utf8_unicode_ci NOT NULL,
  `clave` char(40) COLLATE utf8_unicode_ci NOT NULL,
  `clave_corta` char(40) COLLATE utf8_unicode_ci DEFAULT NULL,
  `fingerprint` char(48) COLLATE utf8_unicode_ci DEFAULT NULL,
  `apellidos` varchar(50) COLLATE utf8_unicode_ci DEFAULT NULL,
  `nombres` varchar(50) COLLATE utf8_unicode_ci NOT NULL,
  `nombre_completo` varchar(100) COLLATE utf8_unicode_ci NOT NULL,
  `email` varchar(70) COLLATE utf8_unicode_ci DEFAULT NULL,
  `genero` char(1) COLLATE utf8_unicode_ci NOT NULL,
  `usuarios_front_id` int(10) unsigned DEFAULT NULL,
  `usuarios_pos_id` int(10) unsigned DEFAULT NULL,
  `clave_fecha` date DEFAULT NULL,
  `creado_at` datetime DEFAULT NULL,
  `estado` char(1) COLLATE utf8_unicode_ci NOT NULL,
  PRIMARY KEY (`id`),
  UNIQUE KEY `login` (`login`),
  KEY `fingerprint` (`fingerprint`)
) ENGINE=InnoDB AUTO_INCREMENT=25 DEFAULT CHARSET=utf8 COLLATE=utf8_unicode_ci;
/*!40101 SET character_set_client = @saved_cs_client */;

--
-- Dumping data for table `usuarios`
--

LOCK TABLES `usuarios` WRITE;
/*!40000 ALTER TABLE `usuarios` DISABLE KEYS */;
INSERT INTO `usuarios` VALUES (1,1,'admin','7b64832533b5e4572cd9b0ef755639ece115e9c7',NULL,'43FE81B0994019ED811355170AB7CF3FFA1F1D9F35999685','Solution','Administrador','ADMINISTRADOR SOLUTION','admin@bhteck.com','M',1,NULL,'2010-07-05','2010-07-05 00:21:51','A'),(2,1,'informix','009a02606cfa2232880e2bf3ad017f0d5520ea06',NULL,'25E4BBABE1B5A1D6D9A440DF1F94A81AF311A281B0BF2835',NULL,'informix','INFORMIX ',NULL,'M',NULL,NULL,'2010-08-31','2010-08-31 20:45:19','I'),(3,1,'gerentemaria','0d92e303970e56412592aa6fa3b77e68f83bbc00',NULL,'3DFF31FFA44CD6FE9A6C5E8850F8072ED80427F55D5184C0','Gerente','General','GENERAL GERENTE',NULL,'M',28,NULL,NULL,'2011-03-15 16:57:09','I'),(4,1,'felipenunez','9dd1437ed9bb68de3796acfddc52482b8e0f5554',NULL,'534FACC7CCF0F88EA8DA7B09D91CCAB626248EFBBC8F38EA','Nunez','Felipe','FELIPE NUNEZ','costos@hotelmariaisabelbogota.com','M',NULL,NULL,'2011-03-15','2011-03-15 18:01:12','I'),(5,1,'eduardopatino','801ec7a701afd8a46eeb66a73769710934e9a523',NULL,'1435FF63A7AFABA8AF79E0FE8E6B2C90D43D5B9D72850107','Patino','Eduardo','EDUARDO PATINO','compras@hotelmariaisabelbogota.com','M',10,NULL,NULL,'2011-04-11 03:15:14','I'),(6,1,'stellamartinez','2f6f43d324fef1152a2dbc3269f367e76613615a',NULL,'490A3E8A280B2A3F63BD4E1E7EC61B76AA211D82AD765EDA','MARTINEZ','ESTELLA','ESTELLA MARTINEZ','administracion@hotelmariaisabelbogota.com','F',9,NULL,NULL,'2011-04-18 10:04:54','I'),(7,1,'inventarios','1980ad76e6776bdd2c27b2d95be2b23c20f32b4c',NULL,'E29CEF400CDF6AE6ACA1545D4D887B8EF36CB3418D41CDBB','INVENTARIOS','INVENTARIOS','INVENTARIOS INVENTARIOS',NULL,'M',1,NULL,NULL,'2011-08-22 20:01:42','A'),(8,1,'contabilidadcaviar','c7ef75d0b324c74757441b7acc7c0881ab52c46b',NULL,'51301C89A5634D74172413B61443432EA413B279A04B2ECE','caviar','contabilidad','CONTABILIDAD CAVIAR',NULL,'F',NULL,NULL,NULL,'2012-09-12 12:23:50','A'),(9,1,'contadorcaviar','f3d0b7e8efe37c976bea71679ebd80604786baf0',NULL,'F7859234269BDE348F165129BE1C515A7FCE50A944069FC9','caviar','contador','CONTADOR CAVIAR',NULL,'F',13,NULL,NULL,'2012-09-12 12:24:24','A'),(10,1,'revisor.f','e2eef2d8b2e1eade0993711e6d332a5b595ef298',NULL,'5DCB585C0BB5CE4431FDCAD27D4176E14212C8EBE45CE200','lopez','nelcy','NELCY LOPEZ',NULL,'F',NULL,NULL,NULL,'2013-09-16 08:54:21','I'),(11,1,'revisor.fis','dfd10e7c5b91ed6daab5cf73c81bd180d79971dd',NULL,'304FCB02F32AF22DA1FA2641A089FC005C533A263E4A15DB','FISCAL','REVISOR','REVISOR FISCAL',NULL,'F',NULL,NULL,NULL,'2013-12-16 13:20:12','A'),(12,1,'auxcontable','1b0e68c8ec5f94def5ac732ce4016bdf19a84ff9',NULL,'9AFA486F07DE09927A9DA19EC9AED8A16F48F3565822A5AE','SANTOS','LORENA','LORENA SANTOS','tesoreria@hotelmariaisabelbogota.com','F',NULL,NULL,NULL,'2014-03-20 08:59:56','I'),(13,1,'auxcontable1','093b544612745a156674a3da580528d7db06c5bd',NULL,'1BBF6243B6A0D17EFFF250258BE4AD2664C5A006855FACC9','SANTOS','LORENA','LORENA SANTOS',NULL,'F',68,NULL,NULL,'2014-03-31 08:15:40','I'),(14,1,'compras1','f4292e502c6c06c47448c64c2c851ff22513279c',NULL,'833F9DDDA455B96B180E814CCC21E7E3950530D45B4D19FA','compras1','compras1','COMPRAS1 COMPRAS1','compras@hotelmariaisabelbogota.com','M',NULL,NULL,NULL,'2014-06-20 17:24:19','A'),(15,1,'edisonguzman','25730d903be5f424ea7b16b0db202a907f2b5926',NULL,'32F167FC378E5A7BB54161D72B6848EE8C50095F0A040010','GUZMAN','EDISON','EDISON GUZMAN',NULL,'M',82,NULL,NULL,'2014-08-25 11:38:08','I'),(16,1,'victortafur','06abc1a10150662100ba21be7dec41f358846c22',NULL,'F8E20A5F4B05CDD75876EE324822B0D65E285EE75E1B178F','VICTOR','TAFUR','TAFUR VICTOR',NULL,'M',NULL,NULL,NULL,'2014-12-30 16:43:30','I'),(17,1,'dannabeltran','8925676137710b849999dbd83d05af20076d1e32',NULL,'2EE61971E67747F34FEFA5ABED7CCE79DEA2C86B8641CCF6','BELTRAN','DANNA','DANNA BELTRAN','asistentecontabilidad@hotelmariaisabel.com','F',96,NULL,NULL,'2015-04-01 09:42:23','I'),(18,1,'angelalopez','75e020fc17211e0bc27bf02bb4e60ebc147829e6',NULL,'8F5F675868A7CEA8C0E33CDCB617818DF6B6C267B42D2E91','LOPEZ','ANGELA','ANGELA LOPEZ','tesoreria@hotelmariaisabel.com','F',NULL,NULL,NULL,'2015-04-01 10:05:07','I'),(19,1,'ivonesopo','390d9dc36a8f5af0111f1b361bb5d9070f1765f0',NULL,'767D0A05A6B8C1E04FE54110109A976A4654359F3C1EAD4D','SOPO','IVONE','IVONE SOPO','contablilidad@hotelmariaisabelbogota.com','F',285,NULL,NULL,'2015-04-01 10:06:07','A'),(20,1,'jhonvega','ab3eabd34ac5d557aa5f1a3090fe0b9c116e0fa2',NULL,'20A32DEAB3193453C51A1BE13C1388D6252DCB8DB4B967CD','VEGA','JHON','JHON VEGA',NULL,'M',NULL,NULL,NULL,'2015-04-01 11:29:08','A'),(21,1,'ivonefierro','ce5822dd63a5fe3ab5caba180738818e7618f1ef',NULL,'B6DF3379F2D22DD066C2B39147B07DC40CCEF4C81AA6E3A9','SOPO FIERRO','IVONE SORANY','IVONE SORANY SOPO FIERRO','contabilidad@hotelmariaisabelbogota.com','F',110,NULL,NULL,'2015-04-08 11:48:20','I'),(22,1,'revisorf.15','4f791ef08a8e0ec15d49f933f934233be73efc46',NULL,'C979586570D8E20F2A1CEC9E5B617ACFCE45FE1C2BB0B0C6','LOPEZ','NELCY','NELCY LOPEZ',NULL,'F',NULL,NULL,NULL,'2015-06-26 03:46:14','A'),(23,1,'tafurvictor','b0aa6b0239b73625629ec4224a61921a2980210f',NULL,'8EF869DE9E164D8EB448EBD757D3BB44F2754C057241E3A0','tafur','victor','VICTOR TAFUR','activosfijos@hotelmariaisabel','M',314,NULL,NULL,'2015-09-15 11:06:50','A'),(24,1,'auditoria','a9192d43efd385b24f78fcd23613faf720d99242',NULL,'9E5C572CA2967EC8F3943F17223C214C77B58537AEA349E2','Cantillo','Jessica','JESSICA CANTILLO','auditoria@hotelmariaisabel.com','F',308,NULL,NULL,'2015-09-22 11:24:32','A');
/*!40000 ALTER TABLE `usuarios` ENABLE KEYS */;
UNLOCK TABLES;
/*!40103 SET TIME_ZONE=@OLD_TIME_ZONE */;

/*!40101 SET SQL_MODE=@OLD_SQL_MODE */;
/*!40014 SET FOREIGN_KEY_CHECKS=@OLD_FOREIGN_KEY_CHECKS */;
/*!40014 SET UNIQUE_CHECKS=@OLD_UNIQUE_CHECKS */;
/*!40101 SET CHARACTER_SET_CLIENT=@OLD_CHARACTER_SET_CLIENT */;
/*!40101 SET CHARACTER_SET_RESULTS=@OLD_CHARACTER_SET_RESULTS */;
/*!40101 SET COLLATION_CONNECTION=@OLD_COLLATION_CONNECTION */;
/*!40111 SET SQL_NOTES=@OLD_SQL_NOTES */;

-- Dump completed on 2017-10-08  5:15:31
