-- MySQL dump 10.13  Distrib 5.1.46, for suse-linux-gnu (i686)
--
-- Host: localhost    Database: invoicer
-- ------------------------------------------------------
-- Server version	5.1.46

/*!40101 SET @OLD_CHARACTER_SET_CLIENT=@@CHARACTER_SET_CLIENT */;
/*!40101 SET @OLD_CHARACTER_SET_RESULTS=@@CHARACTER_SET_RESULTS */;
/*!40101 SET @OLD_COLLATION_CONNECTION=@@COLLATION_CONNECTION */;
/*!40101 SET NAMES utf8 */;
/*!40103 SET @OLD_TIME_ZONE=@@TIME_ZONE */;
/*!40103 SET TIME_ZONE='+00:00' */;
/*!40014 SET @OLD_UNIQUE_CHECKS=@@UNIQUE_CHECKS, UNIQUE_CHECKS=0 */;
/*!40014 SET @OLD_FOREIGN_KEY_CHECKS=@@FOREIGN_KEY_CHECKS, FOREIGN_KEY_CHECKS=0 */;
/*!40101 SET @OLD_SQL_MODE=@@SQL_MODE, SQL_MODE='NO_AUTO_VALUE_ON_ZERO' */;
/*!40111 SET @OLD_SQL_NOTES=@@SQL_NOTES, SQL_NOTES=0 */;

--
-- Table structure for table `consecutivos`
--

DROP TABLE IF EXISTS `consecutivos`;
/*!40101 SET @saved_cs_client     = @@character_set_client */;
/*!40101 SET character_set_client = utf8 */;
CREATE TABLE `consecutivos` (
  `id` int(10) unsigned NOT NULL AUTO_INCREMENT,
  `detalle` varchar(64) COLLATE utf8_unicode_ci NOT NULL,
  `prefijo` char(7) COLLATE utf8_unicode_ci NOT NULL,
  `resolucion` char(20) COLLATE utf8_unicode_ci NOT NULL,
  `fecha_resolucion` date NOT NULL,
  `numero_inicial` int(10) unsigned NOT NULL,
  `numero_final` int(10) unsigned NOT NULL,
  `numero_actual` int(10) unsigned NOT NULL,
  `nota_factura` text COLLATE utf8_unicode_ci,
  `nota_ica` text COLLATE utf8_unicode_ci,
  PRIMARY KEY (`id`)
) ENGINE=InnoDB AUTO_INCREMENT=2 DEFAULT CHARSET=utf8 COLLATE=utf8_unicode_ci;
/*!40101 SET character_set_client = @saved_cs_client */;

--
-- Dumping data for table `consecutivos`
--

LOCK TABLES `consecutivos` WRITE;
/*!40000 ALTER TABLE `consecutivos` DISABLE KEYS */;
INSERT INTO `consecutivos` VALUES (1,'-  DEL 1 AL 2000','-','320000812965','2011-08-09',1,2000,25,'IVA REGIMEN COMUN - NO SOMOS AUTORETENEDORES','TARIFA ICA NO APLICA');
/*!40000 ALTER TABLE `consecutivos` ENABLE KEYS */;
UNLOCK TABLES;

--
-- Table structure for table `facturas`
--

DROP TABLE IF EXISTS `facturas`;
/*!40101 SET @saved_cs_client     = @@character_set_client */;
/*!40101 SET character_set_client = utf8 */;
CREATE TABLE `facturas` (
  `id` int(10) unsigned NOT NULL AUTO_INCREMENT,
  `consecutivos_id` int(10) unsigned NOT NULL,
  `prefijo` char(7) COLLATE utf8_unicode_ci NOT NULL,
  `numero` int(10) unsigned NOT NULL,
  `resolucion` char(20) COLLATE utf8_unicode_ci NOT NULL,
  `fecha_resolucion` date NOT NULL,
  `numero_inicial` int(10) unsigned NOT NULL,
  `numero_final` int(10) unsigned NOT NULL,
  `nit` char(18) COLLATE utf8_unicode_ci NOT NULL,
  `nombre` varchar(70) COLLATE utf8_unicode_ci NOT NULL,
  `direccion` varchar(100) COLLATE utf8_unicode_ci DEFAULT NULL,
  `nit_entregar` char(18) COLLATE utf8_unicode_ci NOT NULL,
  `nombre_entregar` varchar(70) COLLATE utf8_unicode_ci NOT NULL,
  `direccion_entregar` varchar(100) COLLATE utf8_unicode_ci DEFAULT NULL,
  `fecha_emision` date NOT NULL,
  `fecha_vencimiento` date NOT NULL,
  `nota_factura` text COLLATE utf8_unicode_ci,
  `nota_ica` text COLLATE utf8_unicode_ci,
  `venta16` decimal(10,2) NOT NULL,
  `venta10` decimal(10,2) NOT NULL,
  `venta0` decimal(10,2) NOT NULL,
  `iva10` decimal(10,2) NOT NULL,
  `iva16` decimal(10,2) NOT NULL,
  `iva0` decimal(10,2) NOT NULL,
  `pagos` decimal(10,2) NOT NULL,
  `total` decimal(10,2) NOT NULL,
  `comprob_inve` char(3) COLLATE utf8_unicode_ci NOT NULL,
  `numero_inve` int(10) unsigned NOT NULL,
  `comprob_contab` char(3) COLLATE utf8_unicode_ci NOT NULL,
  `numero_contab` int(10) unsigned NOT NULL,
  `estado` char(1) COLLATE utf8_unicode_ci NOT NULL,
  PRIMARY KEY (`id`)
) ENGINE=InnoDB AUTO_INCREMENT=25 DEFAULT CHARSET=utf8 COLLATE=utf8_unicode_ci;
/*!40101 SET character_set_client = @saved_cs_client */;

--
-- Dumping data for table `facturas`
--

LOCK TABLES `facturas` WRITE;
/*!40000 ALTER TABLE `facturas` DISABLE KEYS */;
INSERT INTO `facturas` VALUES (4,1,'-',1,'320000812965','2011-08-09',1,2000,'0900008437','GRUPO COMERCIAL ATLANTIS LTDA','CARRERA 10 No. 21-33','0900008437','GRUPO COMERCIAL ATLANTIS LTDA','CARRERA 10 No. 21-33','2011-11-03','2011-11-18','IVA REGIMEN COMUN, NO SOMOS AUTORETENEDORES',NULL,'1917052.00','0.00','0.00','0.00','306729.00','0.00','2223780.00','2223780.00','C01',14,'V11',4,'A'),(5,1,'-',5,'320000812965','2011-08-09',1,2000,'0820002368','CACHARRERIA EL GOLAZO Y CIA LTDA','CALLE 19 11-84','0820002368','CACHARRERIA EL GOLAZO Y CIA LTDA','CALLE 19 11-84','2011-11-04','2011-12-05',NULL,NULL,'326.00','0.00','0.00','0.00','53.00','0.00','379.00','379.00','C01',15,'V11',5,'A'),(6,1,'-',6,'320000812965','2011-08-09',1,2000,'3106335','RAMIREZ HUGO','bogota','3106335','RAMIREZ HUGO','bogota','2011-11-04','2011-12-05',NULL,NULL,'386.00','0.00','0.00','0.00','62.00','0.00','448.00','448.00','C01',16,'V11',6,'A'),(7,1,'-',7,'320000812965','2011-08-09',1,2000,'3106335','RAMIREZ HUGO','bogota','3106335','RAMIREZ HUGO','bogota','2011-11-08','2011-12-09','IVA REGIMEN COMUN - NO SOMOS AUTORETENEDORES','TARIFA ICA NO APLICA','551.00','0.00','0.00','0.00','89.00','0.00','640.00','640.00','C01',17,'V11',7,'A'),(8,1,'-',8,'320000812965','2011-08-09',1,2000,'1022380799','EL MUNDO MAGICO DE LA PINATAS','AVENIDA 19 No. 150-34','1022380799','EL MUNDO MAGICO DE LA PINATAS','AVENIDA 19 No. 150-34','2011-11-08','2011-12-09','IVA REGIMEN COMUN - NO SOMOS AUTORETENEDORES','TARIFA ICA NO APLICA','5008917.00','0.00','0.00','0.00','801459.00','0.00','5810376.00','5810376.00','C01',18,'V11',8,'A'),(9,1,'-',9,'320000812965','2011-08-09',1,2000,'860515691','COOPERATIVA MULTIACTIVA DE COMERCIANTES DE SAN VIC','CALLE 11 No. 14 -38','860515691','COOPERATIVA MULTIACTIVA DE COMERCIANTES DE SAN VIC','CALLE 11 No. 14 -38','2011-11-08','2011-11-19','IVA REGIMEN COMUN - NO SOMOS AUTORETENEDORES','TARIFA ICA NO APLICA','15246783.00','0.00','0.00','0.00','2439513.00','0.00','17686296.00','17686296.00','C01',19,'V11',9,'A'),(10,1,'-',10,'320000812965','2011-08-09',1,2000,'0820002368','CACHARRERIA EL GOLAZO Y CIA LTDA','CALLE 19 11-84','0820002368','CACHARRERIA EL GOLAZO Y CIA LTDA','CALLE 19 11-84','2011-11-08','2011-12-14','IVA REGIMEN COMUN - NO SOMOS AUTORETENEDORES','TARIFA ICA NO APLICA','7277311.00','0.00','0.00','0.00','1164425.00','0.00','8441736.00','8441736.00','C01',20,'V11',10,'A'),(11,1,'-',11,'320000812965','2011-08-09',1,2000,'00000070696102','CACHARRERIA EL MONO','CARRERA 12 19-34','00000070696102','CACHARRERIA EL MONO','CARRERA 12 19-34','2011-11-08','2011-11-18','IVA REGIMEN COMUN - NO SOMOS AUTORETENEDORES','TARIFA ICA NO APLICA','3440616.00','0.00','0.00','0.00','550576.00','0.00','3991192.00','3991192.00','C01',21,'V11',11,'A'),(12,1,'-',12,'320000812965','2011-08-09',1,2000,'900217508','INVERSIONES RU&VER LTDA','CARRERA 10 No. 17-82','900217508','INVERSIONES RU&VER LTDA','CARRERA 10 No. 17-82','2011-11-09','2011-11-18','IVA REGIMEN COMUN - NO SOMOS AUTORETENEDORES','TARIFA ICA NO APLICA','3069686.00','0.00','0.00','0.00','491194.00','0.00','3560880.00','3560880.00','C01',22,'V11',12,'A'),(13,1,'-',13,'320000812965','2011-08-09',1,2000,'71237086','COMPRA VENTA DE VIVERES PASADENA','CARRERA 11 No.14 - 79','71237086','COMPRA VENTA DE VIVERES PASADENA','CARRERA 11 No.14 - 79','2011-11-18','2011-11-29','IVA REGIMEN COMUN - NO SOMOS AUTORETENEDORES','TARIFA ICA NO APLICA','1911616.00','0.00','0.00','0.00','305912.00','0.00','2217528.00','2217528.00','C01',23,'V11',13,'A'),(14,1,'-',14,'320000812965','2011-08-09',1,2000,'800202522','DISTRIBUICIONES TOPALXE LTDA','CARRERA 31 No. 41-64','800202522','DISTRIBUICIONES TOPALXE LTDA','CARRERA 31 No. 41-64','2011-11-21','2011-11-29','IVA REGIMEN COMUN - NO SOMOS AUTORETENEDORES','TARIFA ICA NO APLICA','2786637.00','0.00','0.00','0.00','445893.00','0.00','3232530.00','3232530.00','C01',24,'V11',14,'A'),(15,1,'-',15,'320000812965','2011-08-09',1,2000,'860515691','COOPERATIVA MULTIACTIVA DE COMERCIANTES DE SAN VIC','CALLE 11 No. 14 -38','860515691','COOPERATIVA MULTIACTIVA DE COMERCIANTES DE SAN VIC','CALLE 11 No. 14 -38','2011-11-23','2011-12-01','IVA REGIMEN COMUN - NO SOMOS AUTORETENEDORES','TARIFA ICA NO APLICA','6272698.00','0.00','0.00','0.00','1003670.00','0.00','7276368.00','7276368.00','C01',25,'V11',15,'A'),(16,1,'-',16,'320000812965','2011-08-09',1,2000,'860515691','COOPERATIVA MULTIACTIVA DE COMERCIANTES DE SAN VIC','CALLE 11 No. 14 -38','860515691','COOPERATIVA MULTIACTIVA DE COMERCIANTES DE SAN VIC','CALLE 11 No. 14 -38','2011-12-06','2011-12-16','IVA REGIMEN COMUN - NO SOMOS AUTORETENEDORES','TARIFA ICA NO APLICA','2155186.00','0.00','0.00','0.00','344834.00','0.00','2500020.00','2500020.00','C01',26,'V11',16,'A'),(17,1,'-',17,'320000812965','2011-08-09',1,2000,'800202522','DISTRIBUICIONES TOPALXE LTDA','CARRERA 31 No. 41-64','800202522','DISTRIBUICIONES TOPALXE LTDA','CARRERA 31 No. 41-64','2011-12-07','2011-12-17','IVA REGIMEN COMUN - NO SOMOS AUTORETENEDORES','TARIFA ICA NO APLICA','2165619.00','0.00','0.00','0.00','346503.00','0.00','2512122.00','2512122.00','C01',27,'V11',17,'A'),(18,1,'-',18,'320000812965','2011-08-09',1,2000,'52897506','CACHARRERIA EL GOLAZO DEL LLANO','TRANSVERSAL 27 No. 39C-32','52897506','CACHARRERIA EL GOLAZO DEL LLANO','TRANSVERSAL 27 No. 39C-32','2011-12-07','2012-01-21','IVA REGIMEN COMUN - NO SOMOS AUTORETENEDORES','TARIFA ICA NO APLICA','3011692.00','0.00','0.00','0.00','481884.00','0.00','3493576.00','3493576.00','C01',28,'V11',18,'A'),(19,1,'-',19,'320000812965','2011-08-09',1,2000,'70695112','LA FERIA DEL REMATE','CARRERA 28 No.37 A - 45','70695112','LA FERIA DEL REMATE','CARRERA 28 No.37 A - 45','2011-12-07','2012-01-21','IVA REGIMEN COMUN - NO SOMOS AUTORETENEDORES','TARIFA ICA NO APLICA','3011692.00','0.00','0.00','0.00','481884.00','0.00','3493576.00','3493576.00','C01',29,'V11',19,'A'),(20,1,'-',20,'320000812965','2011-08-09',1,2000,'822002289','CACHARRERIA EL GOLAZO Y CIA LTDA','CALLE 39 No. 29 A -65-67','822002289','CACHARRERIA EL GOLAZO Y CIA LTDA','CALLE 39 No. 29 A - 65 - 67','2011-12-07','2012-01-21','IVA REGIMEN COMUN - NO SOMOS AUTORETENEDORES','TARIFA ICA NO APLICA','3011692.00','0.00','0.00','0.00','481884.00','0.00','3493576.00','3493576.00','C01',30,'V11',20,'A'),(21,1,'-',21,'320000812965','2011-08-09',1,2000,'52897506','CACHARRERIA EL GOLAZO DEL LLANO','TRANSVERSAL 27 No. 39C-32','52897506','CACHARRERIA EL GOLAZO DEL LLANO','TRANSVERSAL 27 No. 39C-32','2011-12-07','2012-02-29','IVA REGIMEN COMUN - NO SOMOS AUTORETENEDORES','TARIFA ICA NO APLICA','9338956.00','0.00','0.00','0.00','1494292.00','0.00','10833248.00','10833248.00','C01',31,'V11',21,'A'),(22,1,'-',22,'320000812965','2011-08-09',1,2000,'70695112','LA FERIA DEL REMATE','CARRERA 28 No.37 A - 45','70695112','LA FERIA DEL REMATE','CARRERA 28 No.37 A - 45','2011-12-07','2012-02-29','IVA REGIMEN COMUN - NO SOMOS AUTORETENEDORES','TARIFA ICA NO APLICA','9338956.00','0.00','0.00','0.00','1494292.00','0.00','10833248.00','10833248.00','C01',32,'V11',22,'A'),(23,1,'-',23,'320000812965','2011-08-09',1,2000,'822002289','CACHARRERIA EL GOLAZO Y CIA LTDA','CALLE 39 No.29 A - 65-67','822002289','CACHARRERIA EL GOLAZO Y CIA LTDA','CALLE 39 No.29 A - 65-67','2011-12-07','2012-02-29','IVA REGIMEN COMUN - NO SOMOS AUTORETENEDORES','TARIFA ICA NO APLICA','9338956.00','0.00','0.00','0.00','1494292.00','0.00','10833248.00','10833248.00','C01',33,'V11',23,'A'),(24,1,'-',24,'320000812965','2011-08-09',1,2000,'52212175','SANDRA VIVIANA MORENO','Diagonal 146 No. 128 -53','52212175','SANDRA VIVIANA MORENO','Diagonal 146 No. 128 -53','2011-12-14','2012-12-15','IVA REGIMEN COMUN - NO SOMOS AUTORETENEDORES','TARIFA ICA NO APLICA','242491.00','0.00','0.00','0.00','38809.00','0.00','281300.00','281300.00','C01',34,'V11',24,'A');
/*!40000 ALTER TABLE `facturas` ENABLE KEYS */;
UNLOCK TABLES;

--
-- Table structure for table `facturas_detalle`
--

DROP TABLE IF EXISTS `facturas_detalle`;
/*!40101 SET @saved_cs_client     = @@character_set_client */;
/*!40101 SET character_set_client = utf8 */;
CREATE TABLE `facturas_detalle` (
  `id` int(10) unsigned NOT NULL AUTO_INCREMENT,
  `facturas_id` int(10) unsigned NOT NULL,
  `item` char(12) COLLATE utf8_unicode_ci NOT NULL,
  `descripcion` varchar(70) COLLATE utf8_unicode_ci NOT NULL,
  `cantidad` int(10) unsigned NOT NULL,
  `descuento` int(4) NOT NULL,
  `valor` decimal(16,2) NOT NULL,
  `iva` decimal(16,2) NOT NULL,
  `total` decimal(16,2) DEFAULT NULL,
  PRIMARY KEY (`id`)
) ENGINE=InnoDB AUTO_INCREMENT=1206 DEFAULT CHARSET=utf8 COLLATE=utf8_unicode_ci;
/*!40101 SET character_set_client = @saved_cs_client */;

--
-- Dumping data for table `facturas_detalle`
--

LOCK TABLES `facturas_detalle` WRITE;
/*!40000 ALTER TABLE `facturas_detalle` DISABLE KEYS */;
INSERT INTO `facturas_detalle` VALUES (6,4,'5207R','SET 6 BORRADORES PRINCESA PRINCESAS',60,45,'521.00','5001.60','31260.00'),(7,4,'5207W','SET 6 BORRADORES BLANCANIEVES',60,45,'521.00','5001.60','31260.00'),(8,4,'5207N','SET 6 BORRADORES MINNIE',60,45,'521.00','5001.60','31260.00'),(9,4,'5207S','SET 6 BORRADORES CAR',60,45,'521.00','5001.60','31260.00'),(10,4,'2385N','SACAPUNTAS MINNIE',54,45,'568.00','4907.52','30672.00'),(11,4,'2385R','SACAPUNTAS PRINCESA PRINCESAS',54,45,'568.00','4907.52','30672.00'),(12,4,'2388Y','SACAPUNTAS TOYSTORY',96,45,'663.00','10183.68','63648.00'),(13,4,'2388K','SACAPUNTAS MICKEY',48,45,'663.00','5091.84','31824.00'),(14,4,'2388S','SACAPUNTAS CARS 2',48,45,'663.00','5091.84','31824.00'),(15,4,'3759K','BLISTER SET 7 PIEZAS MICKEY',24,45,'1422.00','5460.48','34128.00'),(16,4,'3759S','BLISTER SET 7 PIEZAS CAR',24,45,'1422.00','5460.48','34128.00'),(17,4,'SPM3759','BLISTER SET 7 PIEZAS',24,45,'1422.00','5460.48','34128.00'),(18,4,'3759N','BLISTER SET 7 PIEZAS MINNIE',24,45,'1422.00','5460.48','34128.00'),(19,4,'MK3615','BLITER SELLOS Y MARCADORES MICKEY',12,45,'2442.00','4688.64','29304.00'),(20,4,'CS3615','BLITER SELLOS Y MARCADORES CAR',12,45,'2442.00','4688.64','29304.00'),(21,4,'SW3615','BLITER SELLOS Y MARCADORES BLANCANIEVES',12,45,'2442.00','4688.64','29304.00'),(22,4,'MN3615','BLITER SELLOS Y MARCADORES MINNIE',12,45,'2442.00','4688.64','29304.00'),(23,4,'3762N','BLISTER SET CARTUCHERA METAL MINNIE',36,45,'4599.00','26490.24','165564.00'),(24,4,'3762W','BLISTER SET CARTUCHERA METAL BLANCANIEVES',36,45,'4599.00','26490.24','165564.00'),(25,4,'3762K','BLISTER SET CARTUCHERA METAL MICKEY',36,45,'4599.00','26490.24','165564.00'),(26,4,'3762S','BLISTER SET CARTUCHERA METAL CARS 2',36,45,'4599.00','26490.24','165564.00'),(27,4,'3007B','SET ESCOLAR 5 PZAS CAMPANITA',12,45,'1375.00','2640.00','16500.00'),(28,4,'3007W','SET ESCOLAR 5 PZAS BLANCANIEVES',12,45,'1375.00','2640.00','16500.00'),(29,4,'3007R','SET ESCOLAR 5 PZAS PRINCESAS',12,45,'1375.00','2640.00','16500.00'),(30,4,'3007N','SET ESCOLAR 5 PZAS MINNIE',12,45,'1375.00','2640.00','16500.00'),(31,4,'3007K','SET ESCOLAR 5 PZAS MICKEY',12,45,'1375.00','2640.00','16500.00'),(32,4,'3007Y','SET ESCOLAR 5 PZAS TOY STORY',12,45,'1375.00','2640.00','16500.00'),(33,4,'3007S','SET ESCOLAR 5 PZAS CAR',12,45,'1375.00','2640.00','16500.00'),(34,4,'BEN3007','SET ESCOLAR 5 PZAS BEN 10',12,45,'1375.00','2640.00','16500.00'),(35,4,'3644W','BLISTER DIARIO PEQUENO BLANCANIEVES',12,45,'3318.00','6370.56','39816.00'),(36,4,'3644N','BLISTER DIARIO PEQUENO MINNIE',12,45,'3318.00','6370.56','39816.00'),(37,4,'2919W','SET CARTUCHERA PVC BLANCANIEVES',36,45,'1280.00','7372.80','46080.00'),(38,4,'2919N','SET CARTUCHERA PVC MINNIE',36,45,'1280.00','7372.80','46080.00'),(39,4,'2919K','SET CARTUCHERA PVC MICKEY',36,45,'1280.00','7372.80','46080.00'),(40,4,'2919Y','SET CARTUCHERA PVC TOYSTORY',36,45,'1280.00','7372.80','46080.00'),(41,4,'9470N','DIARIO GRANDE EN BOLSA MINNIE',12,45,'4267.00','8192.64','51204.00'),(42,4,'9470R','DIARIO GRANDE EN BOLSA PRINCESAS',6,45,'4267.00','4096.32','25602.00'),(43,4,'9470W','DIARIO GRANDE EN BOLSA BLANCANIEVES',6,45,'4267.00','4096.32','25602.00'),(44,4,'2016N','DIARIO EN BOLSA MINNIE',16,45,'1730.00','4428.80','27680.00'),(45,4,'2016W','DIARIO EN BOLSA BLANCANIEVES',16,45,'1730.00','4428.80','27680.00'),(46,4,'3016N','SET CARTUCHERA METAL MINNIE',6,45,'2465.00','2366.40','14790.00'),(47,4,'3016W','SET CARTUCHERA METAL BLANCANIEVES',6,45,'2465.00','2366.40','14790.00'),(48,4,'3016K','SET CARTUCHERA METAL MICKEY',6,45,'2465.00','2366.40','14790.00'),(49,4,'3016Y','SET CARTUCHERA METAL TOYSTORY',6,45,'2465.00','2366.40','14790.00'),(50,4,'3016S','SET CARTUCHERA METAL CARS 2',6,45,'2465.00','2366.40','14790.00'),(51,4,'GR3016','SET CARTUCHERA METAL GENERATOR REX',6,45,'2465.00','2366.40','14790.00'),(52,4,'SW3602','BLISTER 4 SELLOS BLANCANIEVES',12,45,'1872.00','3594.24','22464.00'),(53,4,'Mn3602','BLISTER 4 SELLOS MINNIE',12,45,'1872.00','3594.24','22464.00'),(54,5,'BEN2981','SET 2 BORRADORES BEN 10',1,45,'379.00','60.64','379.00'),(55,6,'GR2981','SET 2 BORRADORES GENERATOR REX',1,35,'448.00','71.68','448.00'),(56,7,'DK2981','SET 2 BORRADORES DOKI',1,20,'551.00','89.00','551.00'),(57,8,'PR3601','MINI BLISTER SELLOS INTERCAMBIABLE PRINCESAS',24,35,'39000.00','6240.00','1885.00'),(58,8,'SW3601','MINI BLISTER SELLOS INTERCAMBIABLE BLANCANIEVES',24,35,'33620.00','5380.00','1625.00'),(59,8,'MN3601','MINI BLISTER SELLOS INTERCAMBIABLE MINNIE',24,35,'33620.00','5380.00','1625.00'),(60,8,'TB3601','MINI BLISTER SELLOS INTERCAMBIABLE CAMPANITA',24,35,'33620.00','5380.00','1625.00'),(61,8,'PR3602','BLISTER 4 SELLOS PRINCESAS',24,35,'53110.00','8498.00','2567.00'),(62,8,'SW3602','BLISTER 4 SELLOS BLANCANIEVES',24,35,'53110.00','8498.00','2567.00'),(63,8,'MN3602','BLISTER 4 SELLOS MINNIE',24,35,'53110.00','8498.00','2567.00'),(64,8,'TB3602','BLISTER 4 SELLOS CAMPANITA',24,35,'53110.00','8498.00','2567.00'),(65,8,'PR3615','BLITER SELLOS Y MARCADORES PRINCESAS',24,35,'69248.00','11080.00','3347.00'),(66,8,'SW3615','BLITER SELLOS Y MARCADORES BLANCANIEVES',24,35,'69248.00','11080.00','3347.00'),(67,8,'MK3615','BLITER SELLOS Y MARCADORES MICKEY',24,35,'69248.00','11080.00','3347.00'),(68,8,'CS3615','BLITER SELLOS Y MARCADORES CAR',24,35,'69248.00','11080.00','3347.00'),(69,8,'DK3615','BLITER SELLOS Y MARCADORES DOKI',24,35,'69248.00','11080.00','3347.00'),(70,8,'DK3627','BLISTER SET ESCOLAR 5 PZAS DOKI',24,35,'72620.00','11620.00','3510.00'),(71,8,'BEN3627','BLISTER SET ESCOLAR 5 PZAS BEN 10',24,35,'72620.00','11620.00','3510.00'),(72,8,'SPM3627','BLISTER SET ESCOLAR 5 PZAS',24,35,'72620.00','11620.00','3510.00'),(73,8,'TOY100','BOLSA PINATERIA TOYSTORY',2,35,'27456.00','4394.00','15925.00'),(74,8,'MK100','BOLSA PINATERIA MICKEY',1,35,'13728.00','2197.00','15925.00'),(75,8,'PR100','BOLSA PINATERIA PRINCESAS',2,35,'27456.00','4394.00','15925.00'),(76,8,'TB100','BOLSA PINATERIA CAMPANITA',1,35,'13728.00','2197.00','15925.00'),(77,8,'DK5099','JUEGO KATCH LIGHT DOKIE',30,35,'95818.00','15332.00','3705.00'),(78,8,'BEN5099','JUEGO KATCH LIGHT BEN 1O',30,35,'95818.00','15332.00','3705.00'),(79,8,'TB5099','JUEGO KATCH LIGHT CAMPANITA',30,35,'95818.00','15332.00','3705.00'),(80,8,'CS5099','JUEGO KATCH LIGHT CARS',30,35,'95818.00','15332.00','3705.00'),(81,8,'TOY5099','JUEGO KATCH LIGHT TOYSTORY',30,35,'95818.00','15332.00','3705.00'),(82,8,'KT5099','JUEGO KATCH LIGHT KITTY',30,35,'95818.00','15332.00','3705.00'),(83,8,'PR5099','JUEGO KATCH LIGHT PRINCESAS',30,35,'95818.00','15332.00','3705.00'),(84,8,'CS8002','YOYO CARS',84,35,'136500.00','21840.00','1885.00'),(85,8,'BEN8002','YOYO BEN10',84,35,'136500.00','21840.00','1885.00'),(86,8,'PR5081BG','BOLSA 4 LENTES PRINCESAS',96,35,'147889.00','23663.00','1787.00'),(87,8,'CS5081BG','BOLSA 4 LENTES CARS',96,35,'147889.00','23663.00','1787.00'),(88,8,'BEN5081BG','BOLSA 4 LENTES BEN10',96,35,'147889.00','23663.00','1787.00'),(89,8,'TOY5081BG','BOLSA 4 LENTES TOYSTORY',96,35,'147889.00','23663.00','1787.00'),(90,8,'MK5081BG','BOLSA 4 LENTES MICKEY',96,35,'147889.00','23663.00','1787.00'),(91,8,'TB5081BG','BOLSA 4 LENTES CAMPANITA',96,35,'147889.00','23663.00','1787.00'),(92,8,'SPM5081BG','BOLSA 4 LENTES SPIDERMAN',96,35,'147889.00','23663.00','1787.00'),(93,8,'SPM5082BG','MAGIC PUZZLE SPIDERMAN',144,35,'112965.00','18075.00','910.00'),(94,8,'BEN5082BG','MAGIC PUZZLE BEN10',144,35,'112965.00','18075.00','910.00'),(95,8,'TB5082BG','MAGIC PUZZLE CAMPANITA',144,35,'112965.00','18075.00','910.00'),(96,8,'MK5082BG','MAGIC PUZZLE MICKEY',144,35,'112965.00','18075.00','910.00'),(97,8,'PR5082BG','MAGIC PUZZLE PRINCESAS',144,35,'112965.00','18075.00','910.00'),(98,8,'CS5082BG','MAGIC PUZZLE CARS',144,35,'112965.00','18075.00','910.00'),(99,8,'TOY5082BG','MAGIC PUZZLE TOYSTORY',144,35,'112965.00','18075.00','910.00'),(100,8,'SPM7004H','BLISTER MINI-LANZADOR SPIDERMAN',72,35,'102848.00','16456.00','1657.00'),(101,8,'SPM11165B','BLISTER LANZADOR SPIDERMAN',72,35,'171434.00','27430.00','2762.00'),(102,8,'SPM11170B1','BLISTER LANZADOR CON FIGURA SPIDERMAN',72,35,'264227.00','42277.00','4257.00'),(103,8,'SPM11169P','LANZADOR TROMPO C/LUCES SPIDERMAN',144,35,'367075.00','58733.00','2957.00'),(104,8,'CS7004J','BLISTER CARRITO LANZADOR CARS',72,35,'137172.00','21948.00','2210.00'),(105,8,'CS11163J','BLISTER CARRITO LANZADOR CARS',72,35,'197689.00','31631.00','3185.00'),(106,9,'PR3601','MINI BLISTER SELLOS INTERCAMBIABLE PRINCESAS',240,57,'258000.00','41280.00','1247.00'),(107,9,'sw3601','MINI BLISTER SELLOS INTERCAMBIABLE BLANCANIEVES',240,57,'222413.00','35587.00','1075.00'),(108,9,'mn3601','MINI BLISTER SELLOS INTERCAMBIABLE MINNIE',240,57,'222413.00','35587.00','1075.00'),(109,9,'tb3601','MINI BLISTER SELLOS INTERCAMBIABLE CAMPANITA',240,57,'222413.00','35587.00','1075.00'),(110,9,'PR3602','BLISTER 4 SELLOS PRINCESAS',240,57,'351310.00','56210.00','1698.00'),(111,9,'SW3602','BLISTER 4 SELLOS BLANCANIEVES',240,57,'351310.00','56210.00','1698.00'),(112,9,'MN3602','BLISTER 4 SELLOS MINNIE',240,57,'351310.00','56210.00','1698.00'),(113,9,'TB3602','BLISTER 4 SELLOS CAMPANITA',240,57,'351310.00','56210.00','1698.00'),(114,9,'PR3615','BLITER SELLOS Y MARCADORES PRINCESAS',240,57,'458068.00','73292.00','2214.00'),(115,9,'SW3615','BLITER SELLOS Y MARCADORES BLANCANIEVES',240,57,'458068.00','73292.00','2214.00'),(116,9,'MK3615','BLITER SELLOS Y MARCADORES MICKEY',240,57,'458068.00','73292.00','2214.00'),(117,9,'MN3615','BLITER SELLOS Y MARCADORES MINNIE',240,57,'458068.00','73292.00','2214.00'),(118,9,'TB3615','BLITER SELLOS Y MARCADORES CAMPANITA',240,57,'458068.00','73292.00','2214.00'),(119,9,'CS3615','BLITER SELLOS Y MARCADORES CAR',240,57,'458068.00','73292.00','2214.00'),(120,9,'DK3615','BLITER SELLOS Y MARCADORES DOKI',48,57,'91613.00','14659.00','2214.00'),(121,9,'DK3759','BLISTER SET 7 PIEZAS DOKI',96,57,'106758.00','17082.00','1290.00'),(122,9,'SPM3759','BLISTER SET 7 PIEZAS',288,57,'320275.00','51245.00','1290.00'),(123,9,'DK3007','SET ESCOLAR 5 PZAS DOKI',48,57,'51600.00','8256.00','1247.00'),(124,9,'BEN3007','SET ESCOLAR 5 PZAS BEN 10',240,57,'258000.00','41280.00','1247.00'),(125,9,'BEN3627','BLISTER SET ESCOLAR 5 PZAS BEN 10',120,57,'240206.00','38434.00','2322.00'),(126,9,'SPM3627','BLISTER SET ESCOLAR 5 PZAS',120,57,'240206.00','38434.00','2322.00'),(127,9,'DK3009','SET 5 LAPICES DOKI',600,57,'277758.00','44442.00','537.00'),(128,9,'BEN3009','SET 5 LAPICES BEN10',1200,57,'555517.00','88883.00','537.00'),(129,9,'SPM3009','SET 5 LAPICES SPIDERMAN',1200,57,'555517.00','88883.00','537.00'),(130,9,'DK2919','SET CARTUCHERA PVC DOKI',144,57,'144124.00','23060.00','1161.00'),(131,9,'BEN2919','SET CARTUCHERA PVC BEN10',144,57,'144124.00','23060.00','1161.00'),(132,9,'GR2919','SET CARTUCHERA PVC GENERATOR REX',144,57,'144124.00','23060.00','1161.00'),(133,9,'CS100','BOLSA PINATERIA CARS',24,57,'244655.00','39145.00','11825.00'),(134,9,'TOY100','BOLSA PINATERIA TOYSTORY',24,57,'217965.00','34875.00','10535.00'),(135,9,'MK100','BOLSA PINATERIA MICKEY',24,57,'217965.00','34875.00','10535.00'),(136,9,'PR100','BOLSA PINATERIA PRINCESAS',24,57,'217965.00','34875.00','10535.00'),(137,9,'TB100','BOLSA PINATERIA CAMPANITA',24,57,'217965.00','34875.00','10535.00'),(138,9,'DK5099','JUEGO KATCH LIGHT DOKIE',120,57,'253551.00','40569.00','2451.00'),(139,9,'BEN5099','JUEGO KATCH LIGHT BEN 1O',120,57,'253551.00','40569.00','2451.00'),(140,9,'TB5099','JUEGO KATCH LIGHT CAMPANITA',120,57,'253551.00','40569.00','2451.00'),(141,9,'CS5099','JUEGO KATCH LIGHT CARS',120,57,'253551.00','40569.00','2451.00'),(142,9,'TOY5099','JUEGO KATCH LIGHT TOYSTORY',120,57,'253551.00','40569.00','2451.00'),(143,9,'KT5099','JUEGO KATCH LIGHT KITTY',120,57,'253551.00','40569.00','2451.00'),(144,9,'PR5099','JUEGO KATCH LIGHT PRINCESAS',120,57,'253551.00','40569.00','2451.00'),(145,9,'PR5081BG','BOLSA 4 LENTES PRINCESAS',288,57,'293462.00','46954.00','1182.00'),(146,9,'CS5081BG','BOLSA 4 LENTES CARS',288,57,'293462.00','46954.00','1182.00'),(147,9,'BEN5081BG','BOLSA 4 LENTES BEN10',288,57,'293462.00','46954.00','1182.00'),(148,9,'TOY5081BG','BOLSA 4 LENTES TOYSTORY',288,57,'293462.00','46954.00','1182.00'),(149,9,'MK5081BG','BOLSA 4 LENTES MICKEY',288,57,'293462.00','46954.00','1182.00'),(150,9,'SPM5081BG','BOLSA 4 LENTES SPIDERMAN',288,57,'293462.00','46954.00','1182.00'),(151,9,'SPM5082BG','MAGIC PUZZLE SPIDERMAN',576,57,'298924.00','47828.00','602.00'),(152,9,'BEN5082BG','MAGIC PUZZLE BEN10',576,57,'298924.00','47828.00','602.00'),(153,9,'TB5082BG','MAGIC PUZZLE CAMPANITA',576,57,'298924.00','47828.00','602.00'),(154,9,'MK5082BG','MAGIC PUZZLE MICKEY',576,57,'298924.00','47828.00','602.00'),(155,9,'PR5082BG','MAGIC PUZZLE PRINCESAS',576,57,'298924.00','47828.00','602.00'),(156,9,'CS5082BG','MAGIC PUZZLE CARS',576,57,'298924.00','47828.00','602.00'),(157,9,'TOY5082BG','MAGIC PUZZLE TOYSTORY',576,57,'298924.00','47828.00','602.00'),(158,9,'TB5081BG','BOLSA 4 LENTES CAMPANITA',288,57,'293462.00','46954.00','1182.00'),(159,10,'PR3601','MINI BLISTER SELLOS INTERCAMBIABLE PRINCESAS',24,45,'28448.00','4552.00','1375.00'),(160,10,'SW3601','MINI BLISTER SELLOS INTERCAMBIABLE BLANCANIEVES',24,45,'28448.00','4552.00','1375.00'),(161,10,'MN3601','MINI BLISTER SELLOS INTERCAMBIABLE MINNIE',24,45,'28448.00','4552.00','1375.00'),(162,10,'TB3601','MINI BLISTER SELLOS INTERCAMBIABLE CAMPANITA',24,45,'28448.00','4552.00','1375.00'),(163,10,'PR3602','BLISTER 4 SELLOS PRINCESAS',24,45,'44937.00','7191.00','2172.00'),(164,10,'SW3602','BLISTER 4 SELLOS BLANCANIEVES',24,45,'44937.00','7191.00','2172.00'),(165,10,'MN3602','BLISTER 4 SELLOS MINNIE',24,45,'44937.00','7191.00','2172.00'),(166,10,'TB3602','BLISTER 4 SELLOS CAMPANITA',24,45,'44937.00','7191.00','2172.00'),(167,10,'PR3615','BLITER SELLOS Y MARCADORES PRINCESAS',24,45,'58593.00','9375.00','2832.00'),(168,10,'SW3615','BLITER SELLOS Y MARCADORES BLANCANIEVES',24,45,'58593.00','9375.00','2832.00'),(169,10,'MK3615','BLITER SELLOS Y MARCADORES MICKEY',24,45,'58593.00','9375.00','2832.00'),(170,10,'MN3615','BLITER SELLOS Y MARCADORES MINNIE',24,45,'58593.00','9375.00','2832.00'),(171,10,'TB3615','BLITER SELLOS Y MARCADORES CAMPANITA',24,45,'58593.00','9375.00','2832.00'),(172,10,'CS3615','BLITER SELLOS Y MARCADORES CAR',24,45,'58593.00','9375.00','2832.00'),(173,10,'3619R','BLISTER BOLIGRAFO CON LIBRETA PRINCESAS',48,45,'75103.00','12017.00','1815.00'),(174,10,'3619N','BLISTER BOLIGRAFO CON LIBRETA MINNIE',48,45,'75103.00','12017.00','1815.00'),(175,10,'3619B','BLISTER BOLIGRAFO CON LIBRETA CAMPANITA',48,45,'75103.00','12017.00','1815.00'),(176,10,'3619S','BLISTER BOLIGRAFO CON LIBRETA CAR',48,45,'75103.00','12017.00','1815.00'),(177,10,'3759R','BLISTER SET 7 PIEZAS PRINCESAS',48,45,'68275.00','10925.00','1650.00'),(178,10,'3759K','BLISTER SET 7 PIEZAS MICKEY',48,45,'68275.00','10925.00','1650.00'),(179,10,'3759N','BLISTER SET 7 PIEZAS MINNIE',48,45,'68275.00','10925.00','1650.00'),(180,10,'3759B','BLISTER SET 7 PIEZAS CAMPANITA',48,45,'68275.00','10925.00','1650.00'),(181,10,'3759S','BLISTER SET 7 PIEZAS CAR',48,45,'68275.00','10925.00','1650.00'),(182,10,'SPM3759','BLISTER SET 7 PIEZAS',48,45,'68275.00','10925.00','1650.00'),(183,10,'9470R','DIARIO GRANDE EN BOLSA PRINCESAS',12,45,'51206.00','8194.00','4950.00'),(184,10,'9470W','DIARIO GRANDE EN BOLSA BLANCANIEVES',12,45,'51206.00','8194.00','4950.00'),(185,10,'9470N','DIARIO GRANDE EN BOLSA MINNIE',12,45,'51206.00','8194.00','4950.00'),(186,10,'9470B','DIARIO GRANDE EN BOLSA CAMPANITA',12,45,'51206.00','8194.00','4950.00'),(187,10,'3644R','BLISTER DIARIO PEQUENO PRINCESAS',24,45,'79655.00','12745.00','3850.00'),(188,10,'3644W','BLISTER DIARIO PEQUENO BLANCANIEVES',24,45,'79655.00','12745.00','3850.00'),(189,10,'3644N','BLISTER DIARIO PEQUENO MINNIE',24,45,'79655.00','12745.00','3850.00'),(190,10,'3644B','BLISTER DIARIO PEQUENO CAMPANITA',24,45,'79655.00','12745.00','3850.00'),(191,10,'2016R','DIARIO EN BOLSA PRINCESAS',32,45,'55365.00','8859.00','2007.00'),(192,10,'2016W','DIARIO EN BOLSA BLANCANIEVES',32,45,'55365.00','8859.00','2007.00'),(193,10,'2016N','DIARIO EN BOLSA MINNIE',32,45,'55365.00','8859.00','2007.00'),(194,10,'2016B','DIARIO EN BOLSA CAMPANITA',32,45,'55365.00','8859.00','2007.00'),(195,10,'3008R','MINI SET 5 PIEZAS PRINCESAS',36,45,'37551.00','6009.00','1210.00'),(196,10,'3008W','MINI SET 5 PIEZAS BLANCANIEVES',36,45,'37551.00','6009.00','1210.00'),(197,10,'3008N','MINI SET 5 PIEZAS MINNIE',36,45,'37551.00','6009.00','1210.00'),(198,10,'3008B','MINI SET 5 PIEZAS CAMPANITA',36,45,'37551.00','6009.00','1210.00'),(199,10,'3008C','MINI SET 5 PIEZAS CAR',36,45,'37551.00','6009.00','1210.00'),(200,10,'DK3008','MINI SET 5 PIEZAS DOKI',36,45,'37551.00','6009.00','1210.00'),(201,10,'3007R','SET ESCOLAR 5 PZAS PRINCESAS',24,45,'33000.00','5280.00','1595.00'),(202,10,'3007W','SET ESCOLAR 5 PZAS BLANCANIEVES',24,45,'33000.00','5280.00','1595.00'),(203,10,'3007K','SET ESCOLAR 5 PZAS MICKEY',24,45,'33000.00','5280.00','1595.00'),(204,10,'3007N','SET ESCOLAR 5 PZAS MINNIE',24,45,'33000.00','5280.00','1595.00'),(205,10,'3007B','SET ESCOLAR 5 PZAS CAMPANITA',24,45,'33000.00','5280.00','1595.00'),(206,10,'3007S','SET ESCOLAR 5 PZAS CAR',24,45,'33000.00','5280.00','1595.00'),(207,10,'DK3007','SET ESCOLAR 5 PZAS DOKI',24,45,'33000.00','5280.00','1595.00'),(208,10,'3007Y','SET ESCOLAR 5 PZAS TOY STORY',24,45,'33000.00','5280.00','1595.00'),(209,10,'BEN3007','SET ESCOLAR 5 PZAS BEN 10',24,45,'33000.00','5280.00','1595.00'),(210,10,'3627R','BLISTER SET ESCOLAR 5 PZAS PRINCESAS',24,45,'61448.00','9832.00','2970.00'),(211,10,'3627K','BLISTER SET ESCOLAR 5 PZAS MICKEY',24,45,'61448.00','9832.00','2970.00'),(212,10,'3627N','BLISTER SET ESCOLAR 5 PZAS MINNIE',24,45,'61448.00','9832.00','2970.00'),(213,10,'3627B','BLISTER SET ESCOLAR 5 PZAS CAMPANITA',24,45,'61448.00','9832.00','2970.00'),(214,10,'3627S','BLISTER SET ESCOLAR 5 PZAS CAR',24,45,'61448.00','9832.00','2970.00'),(215,10,'BEN3627','BLISTER SET ESCOLAR 5 PZAS BEN 10',24,45,'61448.00','9832.00','2970.00'),(216,10,'SPM3627','BLISTER SET ESCOLAR 5 PZAS',24,45,'61448.00','9832.00','2970.00'),(217,10,'5207R','SET 6 BORRADORES PRINCESA',120,45,'62586.00','10014.00','605.00'),(218,10,'5207W','SET 6 BORRADORES BLANCANIEVES',120,45,'62586.00','10014.00','605.00'),(219,10,'5207N','SET 6 BORRADORES MINNIE',120,45,'62586.00','10014.00','605.00'),(220,10,'5207B','SET 6 BORRADORES CAMPANITA',120,45,'62586.00','10014.00','605.00'),(221,10,'5207S','SET 6 BORRADORES CAR',120,45,'62586.00','10014.00','605.00'),(222,10,'2981K','SET 2 BORRADORES MICKEY',108,45,'40965.00','6555.00','440.00'),(223,10,'DK2981','SET 2 BORRADORES DOKI',108,45,'40965.00','6555.00','440.00'),(224,10,'BEN2981','SET 2 BORRADORES BEN 10',108,45,'40965.00','6555.00','440.00'),(225,10,'2385R','SACAPUNTAS PRINCESA PRINCESAS',108,45,'61448.00','9832.00','660.00'),(226,10,'2385W','SACAPUNTAS BLANCANIEVES',108,45,'61448.00','9832.00','660.00'),(227,10,'2385N','SACAPUNTAS MINNIE',108,45,'61448.00','9832.00','660.00'),(228,10,'2385B','SACAPUNTAS CAMPANITA',108,45,'61448.00','9832.00','660.00'),(229,10,'2388K','SACAPUNTAS MICKEY',96,45,'63724.00','10196.00','770.00'),(230,10,'2388S','SACAPUNTAS CARS 2',96,45,'63724.00','10196.00','770.00'),(231,10,'DK2388','SACAPUNTAS DOKI',96,45,'63724.00','10196.00','770.00'),(232,10,'2388Y','SACAPUNTAS TOYSTORY',96,45,'63724.00','10196.00','770.00'),(233,10,'BEN2388','SACAPUNTAS BEN 10',96,45,'63724.00','10196.00','770.00'),(234,10,'2099R','REGLA 30 CM PRINCESA PRINCESAS',72,45,'51206.00','8194.00','825.00'),(235,10,'2099N','REGLA 30 CM MINNIE',72,45,'51206.00','8194.00','825.00'),(236,10,'2099K','REGLA 30 CM MICKEY',72,45,'51206.00','8194.00','825.00'),(237,10,'2099B','REGLA 30 CM CAMPANITA',72,45,'51206.00','8194.00','825.00'),(238,10,'2099S','REGLA 30 CM CARS 2',72,45,'51206.00','8194.00','825.00'),(239,10,'BEN2099','REGLA 30 CM BEN 10',72,45,'51206.00','8194.00','825.00'),(240,10,'3009R','SET 5 LAPICES PRINCESA',120,45,'71068.00','11372.00','687.00'),(241,10,'3009N','SET 5 LAPICES MINNIE',120,45,'71068.00','11372.00','687.00'),(242,10,'3009K','SET 5 LAPICES MICKEY',120,45,'71068.00','11372.00','687.00'),(243,10,'3009S','SET 5 LAPICES CARS 2',120,45,'71068.00','11372.00','687.00'),(244,10,'BEN3009','SET 5 LAPICES BEN10',120,45,'71068.00','11372.00','687.00'),(245,10,'SPM3009','SET 5 LAPICES SPIDERMAN',120,45,'71068.00','11372.00','687.00'),(246,10,'2919R','SET CARTUCHERA PVC PRINCESA',72,45,'92172.00','14748.00','1485.00'),(247,10,'2919N','SET CARTUCHERA PVC MINNIE',72,45,'92172.00','14748.00','1485.00'),(248,10,'2919K','SET CARTUCHERA PVC MICKEY',72,45,'92172.00','14748.00','1485.00'),(249,10,'2919B','SET CARTUCHERA PVC CAMPANITA',72,45,'92172.00','14748.00','1485.00'),(250,10,'2919S','SET CARTUCHERA PVC CARS 2',72,45,'92172.00','14748.00','1485.00'),(251,10,'BEN2919','SET CARTUCHERA PVC BEN10',72,45,'92172.00','14748.00','1485.00'),(252,10,'3016R','SET CARTUCHERA METAL PRINCESA',24,45,'59172.00','9468.00','2860.00'),(253,10,'3016N','SET CARTUCHERA METAL MINNIE',24,45,'59172.00','9468.00','2860.00'),(254,10,'3016K','SET CARTUCHERA METAL MICKEY',24,45,'59172.00','9468.00','2860.00'),(255,10,'3016S','SET CARTUCHERA METAL CARS 2',24,45,'59172.00','9468.00','2860.00'),(256,10,'BEN3016','SET CARTUCHERA METAL BEN 10',24,45,'59172.00','9468.00','2860.00'),(257,10,'BEN5099','JUEGO KATCH LIGHT BEN 1O',60,45,'162155.00','25945.00','3135.00'),(258,10,'TB5099','JUEGO KATCH LIGHT CAMPANITA',60,45,'162155.00','25945.00','3135.00'),(259,10,'CS5099','JUEGO KATCH LIGHT CARS',60,45,'162155.00','25945.00','3135.00'),(260,10,'TOY5099','JUEGO KATCH LIGHT TOYSTORY',60,45,'162155.00','25945.00','3135.00'),(261,10,'KT5099','JUEGO KATCH LIGHT KITTY',60,45,'162155.00','25945.00','3135.00'),(262,10,'PR5099','JUEGO KATCH LIGHT PRINCESAS',60,45,'162155.00','25945.00','3135.00'),(263,10,'SPM5082BG','MAGIC PUZZLE SPIDERMAN',144,45,'95586.00','15294.00','770.00'),(264,10,'BEN5082BG','MAGIC PUZZLE BEN10',144,45,'95586.00','15294.00','770.00'),(265,10,'TB5082BG','MAGIC PUZZLE CAMPANITA',144,45,'95586.00','15294.00','770.00'),(266,10,'MK5082BG','MAGIC PUZZLE MICKEY',144,45,'95586.00','15294.00','770.00'),(267,10,'PR5082BG','MAGIC PUZZLE PRINCESAS',144,45,'95586.00','15294.00','770.00'),(268,10,'CS5082BG','MAGIC PUZZLE CARS',144,45,'95586.00','15294.00','770.00'),(269,10,'TOY5082BG','MAGIC PUZZLE TOYSTORY',144,45,'95586.00','15294.00','770.00'),(270,11,'2016B','DIARIO EN BOLSA CAMPANITA',16,45,'27682.00','4430.00','2007.00'),(271,11,'2016N','DIARIO EN BOLSA MINNIE',16,45,'27682.00','4430.00','2007.00'),(272,11,'2016R','DIARIO EN BOLSA PRINCESAS',16,45,'27682.00','4430.00','2007.00'),(273,11,'2016W','DIARIO EN BOLSA BLANCANIEVES',16,45,'27682.00','4430.00','2007.00'),(274,11,'2099B','REGLA 30 CM CAMPANITA',15,45,'10668.00','1707.00','825.00'),(275,11,'2099K','REGLA 30 CM MICKEY',15,45,'10668.00','1707.00','825.00'),(276,11,'2981K','SET 2 BORRADORES MICKEY',27,45,'10241.00','1639.00','440.00'),(277,11,'2099N','REGLA 30 CM MINNIE',15,45,'10668.00','1707.00','825.00'),(278,11,'2099R','REGLA 30 CM PRINCESA PRINCESAS',15,45,'10668.00','1707.00','825.00'),(279,11,'2099S','REGLA 30 CM CARS 2',15,45,'10668.00','1707.00','825.00'),(280,11,'2099W','REGLA 30 CM BLANCANIEVES',15,45,'10668.00','1707.00','825.00'),(281,11,'2099Y','REGLA 30 CM TOYSTORY',12,45,'8534.00','1366.00','825.00'),(282,11,'2385B','SACAPUNTAS CAMPANITA',27,45,'15362.00','2458.00','660.00'),(283,11,'2385N','SACAPUNTAS MINNIE',27,45,'15362.00','2458.00','660.00'),(284,11,'2385R','SACAPUNTAS PRINCESA PRINCESAS',27,45,'15362.00','2458.00','660.00'),(285,11,'2385W','SACAPUNTAS BLANCANIEVES',27,45,'15362.00','2458.00','660.00'),(286,11,'2388K','SACAPUNTAS MICKEY',16,45,'10620.00','1700.00','770.00'),(287,11,'2388S','SACAPUNTAS CARS 2',16,45,'10620.00','1700.00','770.00'),(288,11,'2388Y','SACAPUNTAS TOYSTORY',16,45,'10620.00','1700.00','770.00'),(289,11,'2919B','SET CARTUCHERA PVC CAMPANITA',15,45,'19202.00','3073.00','1485.00'),(290,11,'2919K','SET CARTUCHERA PVC MICKEY',15,45,'19202.00','3073.00','1485.00'),(291,11,'2919N','SET CARTUCHERA PVC MINNIE',15,45,'19202.00','3073.00','1485.00'),(292,11,'2919R','SET CARTUCHERA PVC PRINCESA',15,45,'19202.00','3073.00','1485.00'),(293,11,'2919S','SET CARTUCHERA PVC CARS 2',15,45,'19202.00','3073.00','1485.00'),(294,11,'2919W','SET CARTUCHERA PVC BLANCANIEVES',15,45,'19202.00','3073.00','1485.00'),(295,11,'2919Y','SET CARTUCHERA PVC TOYSTORY',15,45,'19202.00','3073.00','1485.00'),(296,11,'3007B','SET ESCOLAR 5 PZAS CAMPANITA',5,45,'6875.00','1100.00','1595.00'),(297,11,'3007K','SET ESCOLAR 5 PZAS MICKEY',5,45,'6875.00','1100.00','1595.00'),(298,11,'3007N','SET ESCOLAR 5 PZAS MINNIE',5,45,'6875.00','1100.00','1595.00'),(299,11,'3007R','SET ESCOLAR 5 PZAS PRINCESAS',5,45,'6875.00','1100.00','1595.00'),(300,11,'3007S','SET ESCOLAR 5 PZAS CAR',5,45,'6875.00','1100.00','1595.00'),(301,11,'3007W','SET ESCOLAR 5 PZAS BLANCANIEVES',5,45,'6875.00','1100.00','1595.00'),(302,11,'3007Y','SET ESCOLAR 5 PZAS TOY STORY',5,45,'6875.00','1100.00','1595.00'),(303,11,'3008B','MINI SET 5 PIEZAS CAMPANITA',9,45,'9387.00','1503.00','1210.00'),(304,11,'3008C','MINI SET 5 PIEZAS CAR',18,45,'18775.00','3005.00','1210.00'),(305,11,'3008N','MINI SET 5 PIEZAS MINNIE',9,45,'9387.00','1503.00','1210.00'),(306,11,'3008R','MINI SET 5 PIEZAS PRINCESAS',9,45,'9387.00','1503.00','1210.00'),(307,11,'3008W','MINI SET 5 PIEZAS BLANCANIEVES',9,45,'9387.00','1503.00','1210.00'),(308,11,'3009K','SET 5 LAPICES MICKEY',60,45,'35534.00','5686.00','687.00'),(309,11,'3009N','SET 5 LAPICES MINNIE',60,45,'35534.00','5686.00','687.00'),(310,11,'3009R','SET 5 LAPICES PRINCESA',60,45,'35534.00','5686.00','687.00'),(311,11,'3009S','SET 5 LAPICES CARS 2',60,45,'35534.00','5686.00','687.00'),(312,11,'3009W','SET 5 LAPICES BLANCANIEVES',60,45,'35534.00','5686.00','687.00'),(313,11,'3009Y','SET 5 LAPICES TOYSTORY',60,45,'35534.00','5686.00','687.00'),(314,11,'3016K','SET CARTUCHERA METAL MICKEY',12,45,'29586.00','4734.00','2860.00'),(315,11,'3016N','SET CARTUCHERA METAL MINNIE',12,45,'29586.00','4734.00','2860.00'),(316,11,'3016R','SET CARTUCHERA METAL PRINCESA',12,45,'29586.00','4734.00','2860.00'),(317,11,'3016S','SET CARTUCHERA METAL CARS 2',12,45,'29586.00','4734.00','2860.00'),(318,11,'3016W','SET CARTUCHERA METAL BLANCANIEVES',12,45,'29586.00','4734.00','2860.00'),(319,11,'3016Y','SET CARTUCHERA METAL TOYSTORY',12,45,'29586.00','4734.00','2860.00'),(320,11,'3619B','BLISTER BOLIGRAFO CON LIBRETA CAMPANITA',6,45,'9387.00','1503.00','1815.00'),(321,11,'3619N','BLISTER BOLIGRAFO CON LIBRETA MINNIE',6,45,'9387.00','1503.00','1815.00'),(322,11,'3619R','BLISTER BOLIGRAFO CON LIBRETA PRINCESAS',6,45,'9387.00','1503.00','1815.00'),(323,11,'3619W','BLISTER BOLIGRAFO CON LIBRETA BLANCANIEVES',6,45,'9387.00','1503.00','1815.00'),(324,11,'3627B','BLISTER SET ESCOLAR 5 PZAS CAMPANITA',5,45,'12801.00','2049.00','2970.00'),(325,11,'3627K','BLISTER SET ESCOLAR 5 PZAS MICKEY',4,45,'10241.00','1639.00','2970.00'),(326,11,'3627N','BLISTER SET ESCOLAR 5 PZAS MINNIE',5,45,'12801.00','2049.00','2970.00'),(327,11,'3627R','BLISTER SET ESCOLAR 5 PZAS PRINCESAS',4,45,'10241.00','1639.00','2970.00'),(328,11,'3627S','BLISTER SET ESCOLAR 5 PZAS CAR',4,45,'10241.00','1639.00','2970.00'),(329,11,'3627W','BLISTER SET ESCOLAR 5 PZAS BLANCANIEVES',5,45,'12801.00','2049.00','2970.00'),(330,11,'3627Y','BLISTER SET ESCOLAR 5 PZAS TOY STORY',4,45,'10241.00','1639.00','2970.00'),(331,11,'3759B','BLISTER SET 7 PIEZAS CAMPANITA',10,45,'14224.00','2276.00','1650.00'),(332,11,'3759K','BLISTER SET 7 PIEZAS MICKEY',10,45,'14224.00','2276.00','1650.00'),(333,11,'3759N','BLISTER SET 7 PIEZAS MINNIE',10,45,'14224.00','2276.00','1650.00'),(334,11,'3759R','BLISTER SET 7 PIEZAS PRINCESAS',10,45,'14224.00','2276.00','1650.00'),(335,11,'3759S','BLISTER SET 7 PIEZAS CAR',10,45,'14224.00','2276.00','1650.00'),(336,11,'3759W','BLISTER SET 7 PIEZAS BLANCANIEVES',10,45,'14224.00','2276.00','1650.00'),(337,11,'5207B','SET 6 BORRADORES CAMPANITA',24,45,'12517.00','2003.00','605.00'),(338,11,'5207N','SET 6 BORRADORES MINNIE',24,45,'12517.00','2003.00','605.00'),(339,11,'5207R','SET 6 BORRADORES PRINCESA',24,45,'12517.00','2003.00','605.00'),(340,11,'5207S','SET 6 BORRADORES CAR',24,45,'12517.00','2003.00','605.00'),(341,11,'5207W','SET 6 BORRADORES BLANCANIEVES',24,45,'12517.00','2003.00','605.00'),(342,11,'9470B','DIARIO GRANDE EN BOLSA CAMPANITA',12,45,'51206.00','8194.00','4950.00'),(343,11,'9470N','DIARIO GRANDE EN BOLSA MINNIE',12,45,'51206.00','8194.00','4950.00'),(344,11,'9470R','DIARIO GRANDE EN BOLSA PRINCESAS',12,45,'51206.00','8194.00','4950.00'),(345,11,'BEN2099','REGLA 30 CM BEN 10',15,45,'10668.00','1707.00','825.00'),(346,11,'BEN2388','SACAPUNTAS BEN 10',16,45,'10620.00','1700.00','770.00'),(347,11,'BEN2919','SET CARTUCHERA PVC BEN10',12,45,'15362.00','2458.00','1485.00'),(348,11,'BEN2981','SET 2 BORRADORES BEN 10',27,45,'10241.00','1639.00','440.00'),(349,11,'BEN3007','SET ESCOLAR 5 PZAS BEN 10',4,45,'5500.00','880.00','1595.00'),(350,11,'BEN3009','SET 5 LAPICES BEN10',60,45,'35534.00','5686.00','687.00'),(351,11,'BEN3016','SET CARTUCHERA METAL BEN 10',12,45,'29586.00','4734.00','2860.00'),(352,11,'BEN3627','BLISTER SET ESCOLAR 5 PZAS BEN 10',4,45,'10241.00','1639.00','2970.00'),(353,11,'BEN5081BG','BOLSA 4 LENTES BEN10',6,45,'7820.00','1252.00','1512.00'),(354,11,'BEN5082BG','MAGIC PUZZLE BEN10',21,45,'13939.00','2231.00','770.00'),(355,11,'BEN5099','JUEGO KATCH LIGHT BEN 1O',10,45,'27025.00','4325.00','3135.00'),(356,11,'CS100','BOLSA PINATERIA CARS',6,45,'78232.00','12518.00','15125.00'),(357,11,'CS3615','BLITER SELLOS Y MARCADORES CAR',8,45,'19531.00','3125.00','2832.00'),(358,11,'CS5081BG','BOLSA 4 LENTES CARS',15,45,'19551.00','3129.00','1512.00'),(359,11,'CS5082BG','MAGIC PUZZLE CARS',21,45,'13939.00','2231.00','770.00'),(360,11,'CS5099','JUEGO KATCH LIGHT CARS',20,45,'54051.00','8649.00','3135.00'),(361,11,'DK2099','REGLA 30 CM DOKI',12,45,'8534.00','1366.00','825.00'),(362,11,'DK2388','SACAPUNTAS DOKI',16,45,'10620.00','1700.00','770.00'),(363,11,'DK2919','SET CARTUCHERA PVC DOKI',12,45,'15362.00','2458.00','1485.00'),(364,11,'DK2981','SET 2 BORRADORES DOKI',27,45,'10241.00','1639.00','440.00'),(365,11,'DK3007','SET ESCOLAR 5 PZAS DOKI',4,45,'5500.00','880.00','1595.00'),(366,11,'DK3008','MINI SET 5 PIEZAS DOKI',16,45,'16689.00','2671.00','1210.00'),(367,11,'DK3009','SET 5 LAPICES DOKI',60,45,'35534.00','5686.00','687.00'),(368,11,'DK3016','SET CARTUCHERA METAL DOKI',12,45,'29586.00','4734.00','2860.00'),(369,11,'DK3615','BLITER SELLOS Y MARCADORES DOKI',8,45,'19531.00','3125.00','2832.00'),(370,11,'DK3619','BLISTER BOLIGRAFO CON LIBRETA DOKI',6,45,'9387.00','1503.00','1815.00'),(371,11,'DK3627','BLISTER SET ESCOLAR 5 PZAS DOKI',5,45,'12801.00','2049.00','2970.00'),(372,11,'DK3759','BLISTER SET 7 PIEZAS DOKI',8,45,'11379.00','1821.00','1650.00'),(373,11,'DK5099','JUEGO KATCH LIGHT DOKIE',20,45,'54051.00','8649.00','3135.00'),(374,11,'GR2099','REGLA 30 CM GENERATOR REX',15,45,'10668.00','1707.00','825.00'),(375,11,'GR2388','SACAPUNTAS GENERATOR REX',16,45,'10620.00','1700.00','770.00'),(376,11,'GR2919','SET CARTUCHERA PVC GENERATOR REX',15,45,'19202.00','3073.00','1485.00'),(377,11,'GR2981','SET 2 BORRADORES GENERATOR REX',27,45,'10241.00','1639.00','440.00'),(378,11,'GR3007','SET ESCOLAR 5 PZAS REX',5,45,'6875.00','1100.00','1595.00'),(379,11,'GR3009','SET 5 LAPICES GENERATOR REX',60,45,'35534.00','5686.00','687.00'),(380,11,'GR3016','SET CARTUCHERA METAL GENERATOR REX',12,45,'29586.00','4734.00','2860.00'),(381,11,'GR3627','BLISTER SET ESCOLAR 5 PZAS REX',4,45,'10241.00','1639.00','2970.00'),(382,11,'GR3759','BLISTER SET 7 PIEZAS REX',10,45,'14224.00','2276.00','1650.00'),(383,11,'GR5082BG','MAGIC PUZZLE GENERADOR REX',21,45,'13939.00','2231.00','770.00'),(384,11,'GR8009B3','BLISTER LANZADOR CON FIGURAS GENERADOR REX',24,45,'138827.00','22213.00','6710.00'),(385,11,'GR8010P3','BLISTER TROMPO CON FIGURASGENERADOR REX',24,45,'147351.00','23577.00','7122.00'),(386,11,'KT5099','JUEGO KATCH LIGHT KITTY',20,45,'54051.00','8649.00','3135.00'),(387,11,'MK100','BOLSA PINATERIA MICKEY',6,45,'69698.00','11152.00','13475.00'),(388,11,'MK3615','BLITER SELLOS Y MARCADORES MICKEY',8,45,'19531.00','3125.00','2832.00'),(389,11,'MK5081BG','BOLSA 4 LENTES MICKEY',15,45,'19551.00','3129.00','1512.00'),(390,11,'MK5082BG','MAGIC PUZZLE MICKEY',21,45,'13939.00','2231.00','770.00'),(391,11,'MN3601','MINI BLISTER SELLOS INTERCAMBIABLE MINNIE',6,45,'7112.00','1138.00','1375.00'),(392,11,'MN3602','BLISTER 4 SELLOS MINNIE',12,45,'22468.00','3596.00','2172.00'),(393,11,'MN3615','BLITER SELLOS Y MARCADORES MINNIE',6,45,'14648.00','2344.00','2832.00'),(394,11,'PR100','BOLSA PINATERIA PRINCESAS',6,45,'69698.00','11152.00','13475.00'),(395,11,'PR3601','MINI BLISTER SELLOS INTERCAMBIABLE PRINCESAS',6,45,'7112.00','1138.00','1375.00'),(396,11,'PR3602','BLISTER 4 SELLOS PRINCESAS',12,45,'22468.00','3596.00','2172.00'),(397,11,'PR3615','BLITER SELLOS Y MARCADORES PRINCESAS',6,45,'14648.00','2344.00','2832.00'),(398,11,'PR5082BG','MAGIC PUZZLE PRINCESAS',21,45,'13939.00','2231.00','770.00'),(399,11,'PR5099','JUEGO KATCH LIGHT PRINCESAS',20,45,'54051.00','8649.00','3135.00'),(400,11,'SPM11170B1','BLISTER LANZADOR CON FIGURA SPIDERMAN',36,45,'111786.00','17886.00','3602.00'),(401,11,'SPM3009','SET 5 LAPICES SPIDERMAN',60,45,'35534.00','5686.00','687.00'),(402,11,'SPM3627','BLISTER SET ESCOLAR 5 PZAS',4,45,'10241.00','1639.00','2970.00'),(403,11,'SPM3759','BLISTER SET 7 PIEZAS',8,45,'11379.00','1821.00','1650.00'),(404,11,'SPM5081BG','BOLSA 4 LENTES SPIDERMAN',15,45,'19551.00','3129.00','1512.00'),(405,11,'SPM5082BG','MAGIC PUZZLE SPIDERMAN',18,45,'11948.00','1912.00','770.00'),(406,11,'SPM7004H','BLISTER MINI-LANZADOR SPIDERMAN',60,45,'72517.00','11603.00','1402.00'),(407,11,'SW3601','MINI BLISTER SELLOS INTERCAMBIABLE BLANCANIEVES',6,45,'7112.00','1138.00','1375.00'),(408,11,'SW3602','BLISTER 4 SELLOS BLANCANIEVES',12,45,'22468.00','3596.00','2172.00'),(409,11,'SW3615','BLITER SELLOS Y MARCADORES BLANCANIEVES',6,45,'14648.00','2344.00','2832.00'),(410,11,'TB100','BOLSA PINATERIA CAMPANITA',6,45,'69698.00','11152.00','13475.00'),(411,11,'TB3601','MINI BLISTER SELLOS INTERCAMBIABLE CAMPANITA',6,45,'7112.00','1138.00','1375.00'),(412,11,'TB3602','BLISTER 4 SELLOS CAMPANITA',12,45,'22468.00','3596.00','2172.00'),(413,11,'TB3615','BLITER SELLOS Y MARCADORES CAMPANITA',6,45,'14648.00','2344.00','2832.00'),(414,11,'TB5081BG','BOLSA 4 LENTES CAMPANITA',15,45,'19551.00','3129.00','1512.00'),(415,11,'TB5082BG','MAGIC PUZZLE CAMPANITA',21,45,'13939.00','2231.00','770.00'),(416,11,'TB5099','JUEGO KATCH LIGHT CAMPANITA',20,45,'54051.00','8649.00','3135.00'),(417,11,'TOY100','BOLSA PINATERIA TOYSTORY',6,45,'69698.00','11152.00','13475.00'),(418,11,'TOY5081BG','BOLSA 4 LENTES TOYSTORY',15,45,'19551.00','3129.00','1512.00'),(419,11,'TOY5099','JUEGO KATCH LIGHT TOYSTORY',10,45,'27025.00','4325.00','3135.00'),(420,11,'PR5081BG','BOLSA 4 LENTES PRINCESAS',15,45,'19551.00','3129.00','1512.00'),(421,12,'PR3602','BLISTER 4 SELLOS PRINCESAS',24,45,'44937.00','7191.00','2172.00'),(422,12,'Mn3602','BLISTER 4 SELLOS MINNIE',24,45,'44937.00','7191.00','2172.00'),(423,12,'TB3602','BLISTER 4 SELLOS CAMPANITA',24,45,'44937.00','7191.00','2172.00'),(424,12,'PR3615','BLITER SELLOS Y MARCADORES PRINCESAS',18,45,'43944.00','7032.00','2832.00'),(425,12,'MK3615','BLITER SELLOS Y MARCADORES MICKEY',18,45,'43944.00','7032.00','2832.00'),(426,12,'MN3615','BLITER SELLOS Y MARCADORES MINNIE',18,45,'43944.00','7032.00','2832.00'),(427,12,'TB3615','BLITER SELLOS Y MARCADORES CAMPANITA',18,45,'43944.00','7032.00','2832.00'),(428,12,'CS3615','BLITER SELLOS Y MARCADORES CAR',18,45,'43944.00','7032.00','2832.00'),(429,12,'3619R','BLISTER BOLIGRAFO CON LIBRETA PRINCESAS',18,45,'28163.00','4507.00','1815.00'),(430,12,'3619N','BLISTER BOLIGRAFO CON LIBRETA MINNIE',18,45,'28163.00','4507.00','1815.00'),(431,12,'3619B','BLISTER BOLIGRAFO CON LIBRETA CAMPANITA',18,45,'28163.00','4507.00','1815.00'),(432,12,'3619S','BLISTER BOLIGRAFO CON LIBRETA CAR',18,45,'28163.00','4507.00','1815.00'),(433,12,'3759R','BLISTER SET 7 PIEZAS PRINCESAS',24,45,'34137.00','5463.00','1650.00'),(434,12,'3759K','BLISTER SET 7 PIEZAS MICKEY',24,45,'34137.00','5463.00','1650.00'),(435,12,'3759N','BLISTER SET 7 PIEZAS MINNIE',24,45,'34137.00','5463.00','1650.00'),(436,12,'3759B','BLISTER SET 7 PIEZAS CAMPANITA',24,45,'34137.00','5463.00','1650.00'),(437,12,'3759S','BLISTER SET 7 PIEZAS CAR',24,45,'34137.00','5463.00','1650.00'),(438,12,'9470R','DIARIO GRANDE EN BOLSA PRINCESAS',12,45,'51206.00','8194.00','4950.00'),(439,12,'9470W','DIARIO GRANDE EN BOLSA BLANCANIEVES',12,45,'51206.00','8194.00','4950.00'),(440,12,'9470N','DIARIO GRANDE EN BOLSA MINNIE',12,45,'51206.00','8194.00','4950.00'),(441,12,'9470B','DIARIO GRANDE EN BOLSA CAMPANITA',12,45,'51206.00','8194.00','4950.00'),(442,12,'2016R','DIARIO EN BOLSA PRINCESAS',16,45,'27682.00','4430.00','2007.00'),(443,12,'2016W','DIARIO EN BOLSA BLANCANIEVES',16,45,'27682.00','4430.00','2007.00'),(444,12,'2016N','DIARIO EN BOLSA MINNIE',16,45,'27682.00','4430.00','2007.00'),(445,12,'2016B','DIARIO EN BOLSA CAMPANITA',16,45,'27682.00','4430.00','2007.00'),(446,12,'3008N','MINI SET 5 PIEZAS MINNIE',18,45,'18775.00','3005.00','1210.00'),(447,12,'3008B','MINI SET 5 PIEZAS CAMPANITA',18,45,'18775.00','3005.00','1210.00'),(448,12,'3008C','MINI SET 5 PIEZAS CAR',18,45,'18775.00','3005.00','1210.00'),(449,12,'3007R','SET ESCOLAR 5 PZAS PRINCESAS',24,45,'33000.00','5280.00','1595.00'),(450,12,'3007W','SET ESCOLAR 5 PZAS BLANCANIEVES',24,45,'33000.00','5280.00','1595.00'),(451,12,'3007K','SET ESCOLAR 5 PZAS MICKEY',24,45,'33000.00','5280.00','1595.00'),(452,12,'3007B','SET ESCOLAR 5 PZAS CAMPANITA',24,45,'33000.00','5280.00','1595.00'),(453,12,'3007S','SET ESCOLAR 5 PZAS CAR',24,45,'33000.00','5280.00','1595.00'),(454,12,'3007Y','SET ESCOLAR 5 PZAS TOY STORY',24,45,'33000.00','5280.00','1595.00'),(455,12,'BEN3007','SET ESCOLAR 5 PZAS BEN 10',24,45,'33000.00','5280.00','1595.00'),(456,12,'3627R','BLISTER SET ESCOLAR 5 PZAS PRINCESAS',18,45,'46086.00','7374.00','2970.00'),(457,12,'3627K','BLISTER SET ESCOLAR 5 PZAS MICKEY',18,45,'46086.00','7374.00','2970.00'),(458,12,'3627N','BLISTER SET ESCOLAR 5 PZAS MINNIE',18,45,'46086.00','7374.00','2970.00'),(459,12,'3627B','BLISTER SET ESCOLAR 5 PZAS CAMPANITA',18,45,'46086.00','7374.00','2970.00'),(460,12,'3627S','BLISTER SET ESCOLAR 5 PZAS CAR',18,45,'46086.00','7374.00','2970.00'),(461,12,'3627Y','BLISTER SET ESCOLAR 5 PZAS TOY STORY',18,45,'46086.00','7374.00','2970.00'),(462,12,'BEN3627','BLISTER SET ESCOLAR 5 PZAS BEN 10',18,45,'46086.00','7374.00','2970.00'),(463,12,'3009R','SET 5 LAPICES PRINCESA',30,45,'17767.00','2843.00','687.00'),(464,12,'3009N','SET 5 LAPICES MINNIE',30,45,'17767.00','2843.00','687.00'),(465,12,'3009K','SET 5 LAPICES MICKEY',30,45,'17767.00','2843.00','687.00'),(466,12,'3009S','SET 5 LAPICES CARS 2',30,45,'17767.00','2843.00','687.00'),(467,12,'3009Y','SET 5 LAPICES TOYSTORY',30,45,'17767.00','2843.00','687.00'),(468,12,'BEN3009','SET 5 LAPICES BEN10',30,45,'17767.00','2843.00','687.00'),(469,12,'SPM3009','SET 5 LAPICES SPIDERMAN',30,45,'17767.00','2843.00','687.00'),(470,12,'2919R','SET CARTUCHERA PVC PRINCESA',24,45,'30724.00','4916.00','1485.00'),(471,12,'2919W','SET CARTUCHERA PVC BLANCANIEVES',24,45,'30724.00','4916.00','1485.00'),(472,12,'2919N','SET CARTUCHERA PVC MINNIE',24,45,'30724.00','4916.00','1485.00'),(473,12,'2919K','SET CARTUCHERA PVC MICKEY',24,45,'30724.00','4916.00','1485.00'),(474,12,'2919B','SET CARTUCHERA PVC CAMPANITA',24,45,'30724.00','4916.00','1485.00'),(475,12,'2919S','SET CARTUCHERA PVC CARS 2',24,45,'30724.00','4916.00','1485.00'),(476,12,'2919Y','SET CARTUCHERA PVC TOYSTORY',24,45,'30724.00','4916.00','1485.00'),(477,12,'BEN2919','SET CARTUCHERA PVC BEN10',24,45,'30724.00','4916.00','1485.00'),(478,12,'3016R','SET CARTUCHERA METAL PRINCESA',12,45,'29586.00','4734.00','2860.00'),(479,12,'3016N','SET CARTUCHERA METAL MINNIE',12,45,'29586.00','4734.00','2860.00'),(480,12,'3016K','SET CARTUCHERA METAL MICKEY',12,45,'29586.00','4734.00','2860.00'),(481,12,'3016S','SET CARTUCHERA METAL CARS 2',12,45,'29586.00','4734.00','2860.00'),(482,12,'3016Y','SET CARTUCHERA METAL TOYSTORY',12,45,'29586.00','4734.00','2860.00'),(483,12,'BEN3016','SET CARTUCHERA METAL BEN 10',12,45,'29586.00','4734.00','2860.00'),(484,12,'3762R','BLISTER SET CARTUCHERA METAL PRINCESAS',12,45,'55189.00','8831.00','5335.00'),(485,12,'3762N','BLISTER SET CARTUCHERA METAL MINNIE',12,45,'55189.00','8831.00','5335.00'),(486,12,'3762B','BLISTER SET CARTUCHERA METAL CAMPANITA',12,45,'55189.00','8831.00','5335.00'),(487,12,'3762S','BLISTER SET CARTUCHERA METAL CARS 2',12,45,'55189.00','8831.00','5335.00'),(488,12,'BEN3762','BLISTER SET CARTUCHERA METAL BEN10',12,45,'55189.00','8831.00','5335.00'),(489,12,'CS100','BOLSA PINATERIA CARS',6,45,'78232.00','12518.00','15125.00'),(490,12,'TOY100','BOLSA PINATERIA TOYSTORY',6,45,'69698.00','11152.00','13475.00'),(491,12,'MK100','BOLSA PINATERIA MICKEY',6,45,'69698.00','11152.00','13475.00'),(492,12,'PR100','BOLSA PINATERIA PRINCESAS',6,45,'69698.00','11152.00','13475.00'),(493,12,'TB100','BOLSA PINATERIA CAMPANITA',6,45,'69698.00','11152.00','13475.00'),(494,12,'CS8002','YOYO CARS',12,45,'16500.00','2640.00','1595.00'),(495,12,'BEN8002','YOYO BEN10',12,45,'16500.00','2640.00','1595.00'),(496,12,'PR5081BG','BOLSA 4 LENTES PRINCESAS',12,45,'15641.00','2503.00','1512.00'),(497,12,'CS5081BG','BOLSA 4 LENTES CARS',12,45,'15641.00','2503.00','1512.00'),(498,12,'BEN5081BG','BOLSA 4 LENTES BEN10',12,45,'15641.00','2503.00','1512.00'),(499,12,'TOY5081BG','BOLSA 4 LENTES TOYSTORY',12,45,'15641.00','2503.00','1512.00'),(500,12,'MK5081BG','BOLSA 4 LENTES MICKEY',12,45,'15641.00','2503.00','1512.00'),(501,12,'TB5081BG','BOLSA 4 LENTES CAMPANITA',12,45,'15641.00','2503.00','1512.00'),(502,12,'SPM5081BG','BOLSA 4 LENTES SPIDERMAN',12,45,'15641.00','2503.00','1512.00'),(503,12,'SPM5082BG','MAGIC PUZZLE SPIDERMAN',24,45,'15931.00','2549.00','770.00'),(504,12,'BEN5082BG','MAGIC PUZZLE BEN10',24,45,'15931.00','2549.00','770.00'),(505,12,'TB5082BG','MAGIC PUZZLE CAMPANITA',24,45,'15931.00','2549.00','770.00'),(506,12,'GR5082BG','MAGIC PUZZLE GENERADOR REX',24,45,'15931.00','2549.00','770.00'),(507,12,'MK5082BG','MAGIC PUZZLE MICKEY',24,45,'15931.00','2549.00','770.00'),(508,12,'PR5082BG','MAGIC PUZZLE PRINCESAS',24,45,'15931.00','2549.00','770.00'),(509,12,'CS5082BG','MAGIC PUZZLE CARS',24,45,'15931.00','2549.00','770.00'),(510,12,'TOY5082BG','MAGIC PUZZLE TOYSTORY',24,45,'15931.00','2549.00','770.00'),(511,12,'CS11163J','BLISTER CARRITO LANZADOR CARS',24,45,'55758.00','8922.00','2695.00'),(512,13,'PR3602','BLISTER 4 SELLOS PRINCESAS',12,45,'22468.00','3596.00','2172.00'),(513,13,'SW3602','BLISTER 4 SELLOS BLANCANIEVES',12,45,'22468.00','3596.00','2172.00'),(514,13,'Mn3602','BLISTER 4 SELLOS MINNIE',12,45,'22468.00','3596.00','2172.00'),(515,13,'TB3602','BLISTER 4 SELLOS CAMPANITA',12,45,'22468.00','3596.00','2172.00'),(516,13,'3759R','BLISTER SET 7 PIEZAS PRINCESAS',12,45,'17068.00','2732.00','1650.00'),(517,13,'3759W','BLISTER SET 7 PIEZAS BLANCANIEVES',12,45,'17068.00','2732.00','1650.00'),(518,13,'3759K','BLISTER SET 7 PIEZAS MICKEY',12,45,'17068.00','2732.00','1650.00'),(519,13,'3759N','BLISTER SET 7 PIEZAS MINNIE',12,45,'17068.00','2732.00','1650.00'),(520,13,'3759B','BLISTER SET 7 PIEZAS CAMPANITA',12,45,'17068.00','2732.00','1650.00'),(521,13,'3759S','BLISTER SET 7 PIEZAS CAR',12,45,'17068.00','2732.00','1650.00'),(522,13,'DK3759','BLISTER SET 7 PIEZAS DOKI',12,45,'17068.00','2732.00','1650.00'),(523,13,'SPM3759','BLISTER SET 7 PIEZAS',12,45,'17068.00','2732.00','1650.00'),(524,13,'GR3759','BLISTER SET 7 PIEZAS REX',12,45,'17068.00','2732.00','1650.00'),(525,13,'9470R','DIARIO GRANDE EN BOLSA PRINCESAS',6,45,'25603.00','4097.00','4950.00'),(526,13,'9470W','DIARIO GRANDE EN BOLSA BLANCANIEVES',6,45,'25603.00','4097.00','4950.00'),(527,13,'9470N','DIARIO GRANDE EN BOLSA MINNIE',6,45,'25603.00','4097.00','4950.00'),(528,13,'9470B','DIARIO GRANDE EN BOLSA CAMPANITA',6,45,'25603.00','4097.00','4950.00'),(529,13,'3644R','BLISTER DIARIO PEQUENO PRINCESAS',12,45,'39827.00','6373.00','3850.00'),(530,13,'3644W','BLISTER DIARIO PEQUENO BLANCANIEVES',12,45,'39827.00','6373.00','3850.00'),(531,13,'3644N','BLISTER DIARIO PEQUENO MINNIE',12,45,'39827.00','6373.00','3850.00'),(532,13,'3644B','BLISTER DIARIO PEQUENO CAMPANITA',12,45,'39827.00','6373.00','3850.00'),(533,13,'2016W','DIARIO EN BOLSA BLANCANIEVES',16,45,'27682.00','4430.00','2007.00'),(534,13,'2016R','DIARIO EN BOLSA PRINCESAS',16,45,'27682.00','4430.00','2007.00'),(535,13,'2016N','DIARIO EN BOLSA MINNIE',16,45,'27682.00','4430.00','2007.00'),(536,13,'2016B','DIARIO EN BOLSA CAMPANITA',16,45,'27682.00','4430.00','2007.00'),(537,13,'3627R','BLISTER SET ESCOLAR 5 PZAS PRINCESAS',2,45,'5120.00','820.00','2970.00'),(538,13,'3627W','BLISTER SET ESCOLAR 5 PZAS BLANCANIEVES',2,45,'5120.00','820.00','2970.00'),(539,13,'3627K','BLISTER SET ESCOLAR 5 PZAS MICKEY',2,45,'5120.00','820.00','2970.00'),(540,13,'3627N','BLISTER SET ESCOLAR 5 PZAS MINNIE',2,45,'5120.00','820.00','2970.00'),(541,13,'3627B','BLISTER SET ESCOLAR 5 PZAS CAMPANITA',2,45,'5120.00','820.00','2970.00'),(542,13,'3627S','BLISTER SET ESCOLAR 5 PZAS CAR',2,45,'5120.00','820.00','2970.00'),(543,13,'DK3627','BLISTER SET ESCOLAR 5 PZAS DOKI',2,45,'5120.00','820.00','2970.00'),(544,13,'3627Y','BLISTER SET ESCOLAR 5 PZAS TOY STORY',2,45,'5120.00','820.00','2970.00'),(545,13,'BEN3627','BLISTER SET ESCOLAR 5 PZAS BEN 10',2,45,'5120.00','820.00','2970.00'),(546,13,'GR3627','BLISTER SET ESCOLAR 5 PZAS REX',2,45,'5120.00','820.00','2970.00'),(547,13,'SPM3627','BLISTER SET ESCOLAR 5 PZAS',4,45,'10241.00','1639.00','2970.00'),(548,13,'2981K','SET 2 BORRADORES MICKEY',36,45,'13655.00','2185.00','440.00'),(549,13,'BEN2981','SET 2 BORRADORES BEN 10',36,45,'13655.00','2185.00','440.00'),(550,13,'GR2981','SET 2 BORRADORES GENERATOR REX',36,45,'13655.00','2185.00','440.00'),(551,13,'2385W','SACAPUNTAS BLANCANIEVES',27,45,'15362.00','2458.00','660.00'),(552,13,'2385N','SACAPUNTAS MINNIE',27,45,'15362.00','2458.00','660.00'),(553,13,'2388K','SACAPUNTAS MICKEY',32,45,'21241.00','3399.00','770.00'),(554,13,'2388S','SACAPUNTAS CARS 2',32,45,'21241.00','3399.00','770.00'),(555,13,'2388Y','SACAPUNTAS TOYSTORY',32,45,'21241.00','3399.00','770.00'),(556,13,'2099R','REGLA 30 CM PRINCESA PRINCESAS',24,45,'17068.00','2732.00','825.00'),(557,13,'2099W','REGLA 30 CM BLANCANIEVES',24,45,'17068.00','2732.00','825.00'),(558,13,'2099N','REGLA 30 CM MINNIE',24,45,'17068.00','2732.00','825.00'),(559,13,'2099B','REGLA 30 CM CAMPANITA',24,45,'17068.00','2732.00','825.00'),(560,13,'2099S','REGLA 30 CM CARS 2',24,45,'17068.00','2732.00','825.00'),(561,13,'2099Y','REGLA 30 CM TOYSTORY',24,45,'17068.00','2732.00','825.00'),(562,13,'3009R','SET 5 LAPICES PRINCESA',26,45,'15398.00','2464.00','687.00'),(563,13,'3009W','SET 5 LAPICES BLANCANIEVES',26,45,'15398.00','2464.00','687.00'),(564,13,'3009N','SET 5 LAPICES MINNIE',26,45,'15398.00','2464.00','687.00'),(565,13,'3009K','SET 5 LAPICES MICKEY',26,45,'15398.00','2464.00','687.00'),(566,13,'3009S','SET 5 LAPICES CARS 2',27,45,'15990.00','2559.00','687.00'),(567,13,'3009Y','SET 5 LAPICES TOYSTORY',27,45,'15990.00','2559.00','687.00'),(568,13,'BEN3009','SET 5 LAPICES BEN10',26,45,'15398.00','2464.00','687.00'),(569,13,'GR3009','SET 5 LAPICES GENERATOR REX',30,45,'17767.00','2843.00','687.00'),(570,13,'SPM3009','SET 5 LAPICES SPIDERMAN',26,45,'15398.00','2464.00','687.00'),(571,13,'2919R','SET CARTUCHERA PVC PRINCESA',15,45,'19202.00','3073.00','1485.00'),(572,13,'2919W','SET CARTUCHERA PVC BLANCANIEVES',14,45,'17922.00','2868.00','1485.00'),(573,13,'2919N','SET CARTUCHERA PVC MINNIE',14,45,'17922.00','2868.00','1485.00'),(574,13,'2919K','SET CARTUCHERA PVC MICKEY',14,45,'17922.00','2868.00','1485.00'),(575,13,'2919B','SET CARTUCHERA PVC CAMPANITA',14,45,'17922.00','2868.00','1485.00'),(576,13,'2919S','SET CARTUCHERA PVC CARS 2',14,45,'17922.00','2868.00','1485.00'),(577,13,'DK2919','SET CARTUCHERA PVC DOKI',14,45,'17922.00','2868.00','1485.00'),(578,13,'2919Y','SET CARTUCHERA PVC TOYSTORY',14,45,'17922.00','2868.00','1485.00'),(579,13,'BEN2919','SET CARTUCHERA PVC BEN10',14,45,'17922.00','2868.00','1485.00'),(580,13,'GR2919','SET CARTUCHERA PVC GENERATOR REX',17,45,'21762.00','3483.00','1485.00'),(581,13,'3016R','SET CARTUCHERA METAL PRINCESA',12,45,'29586.00','4734.00','2860.00'),(582,13,'3016W','SET CARTUCHERA METAL BLANCANIEVES',12,45,'29586.00','4734.00','2860.00'),(583,13,'3016N','SET CARTUCHERA METAL MINNIE',12,45,'29586.00','4734.00','2860.00'),(584,13,'3016K','SET CARTUCHERA METAL MICKEY',12,45,'29586.00','4734.00','2860.00'),(585,13,'3016S','SET CARTUCHERA METAL CARS 2',12,45,'29586.00','4734.00','2860.00'),(586,13,'3016Y','SET CARTUCHERA METAL TOYSTORY',12,45,'29586.00','4734.00','2860.00'),(587,13,'BEN3016','SET CARTUCHERA METAL BEN 10',12,45,'29586.00','4734.00','2860.00'),(588,13,'3313','BLOSA SET DE TAZAS PRINCESAS',12,45,'116637.00','18663.00','11275.00'),(589,13,'3631C','MINI MORRAL MARIPOSA PRINCESAS',12,45,'97862.00','15658.00','9460.00'),(590,13,'3653','MINI MORRAL CON CORAZON DE PRINCESAS',12,45,'90175.00','14429.00','8717.00'),(591,13,'3270B','MALETIN SET TAZAS PRINCESAS',12,45,'127448.00','20392.00','12320.00'),(592,13,'2385R','SACAPUNTAS PRINCESA PRINCESAS',27,45,'15362.00','2458.00','660.00'),(593,13,'2385B','SACAPUNTAS CAMPANITA',27,45,'15362.00','2458.00','660.00'),(594,14,'3644R','BLISTER DIARIO PEQUENO PRINCESAS',24,45,'79655.00','12745.00','3850.00'),(595,14,'3644W','BLISTER DIARIO PEQUENO BLANCANIEVES',24,45,'79655.00','12745.00','3850.00'),(596,14,'3644N','BLISTER DIARIO PEQUENO MINNIE',24,45,'79655.00','12745.00','3850.00'),(597,14,'3644B','BLISTER DIARIO PEQUENO CAMPANITA',24,45,'79655.00','12745.00','3850.00'),(598,14,'2099R','REGLA 30 CM PRINCESA PRINCESAS',36,45,'25603.00','4097.00','825.00'),(599,14,'2099W','REGLA 30 CM BLANCANIEVES',36,45,'25603.00','4097.00','825.00'),(600,14,'2099N','REGLA 30 CM MINNIE',36,45,'25603.00','4097.00','825.00'),(601,14,'2099K','REGLA 30 CM MICKEY',36,45,'25603.00','4097.00','825.00'),(602,14,'2099B','REGLA 30 CM CAMPANITA',36,45,'25603.00','4097.00','825.00'),(603,14,'2099S','REGLA 30 CM CARS 2',36,45,'25603.00','4097.00','825.00'),(604,14,'DK2099','REGLA 30 CM DOKI',36,45,'25603.00','4097.00','825.00'),(605,14,'2099Y','REGLA 30 CM TOYSTORY',36,45,'25603.00','4097.00','825.00'),(606,14,'BEN2099','REGLA 30 CM BEN 10',36,45,'25603.00','4097.00','825.00'),(607,14,'GR2099','REGLA 30 CM GENERATOR REX',36,45,'25603.00','4097.00','825.00'),(608,14,'3009R','SET 5 LAPICES PRINCESA',120,45,'71068.00','11372.00','687.00'),(609,14,'3009W','SET 5 LAPICES BLANCANIEVES',120,45,'71068.00','11372.00','687.00'),(610,14,'3009N','SET 5 LAPICES MINNIE',120,45,'71068.00','11372.00','687.00'),(611,14,'3009K','SET 5 LAPICES MICKEY',120,45,'71068.00','11372.00','687.00'),(612,14,'3009Y','SET 5 LAPICES TOYSTORY',120,45,'71068.00','11372.00','687.00'),(613,14,'BEN3009','SET 5 LAPICES BEN10',120,45,'71068.00','11372.00','687.00'),(614,14,'SPM3009','SET 5 LAPICES SPIDERMAN',120,45,'71068.00','11372.00','687.00'),(615,14,'2919R','SET CARTUCHERA PVC PRINCESA',72,45,'92172.00','14748.00','1485.00'),(616,14,'2919W','SET CARTUCHERA PVC BLANCANIEVES',72,45,'92172.00','14748.00','1485.00'),(617,14,'2919N','SET CARTUCHERA PVC MINNIE',72,45,'92172.00','14748.00','1485.00'),(618,14,'2919K','SET CARTUCHERA PVC MICKEY',72,45,'92172.00','14748.00','1485.00'),(619,14,'2919B','SET CARTUCHERA PVC CAMPANITA',72,45,'92172.00','14748.00','1485.00'),(620,14,'2919S','SET CARTUCHERA PVC CARS 2',72,45,'92172.00','14748.00','1485.00'),(621,14,'DK2919','SET CARTUCHERA PVC DOKI',72,45,'92172.00','14748.00','1485.00'),(622,14,'2919Y','SET CARTUCHERA PVC TOYSTORY',72,45,'92172.00','14748.00','1485.00'),(623,14,'BEN2919','SET CARTUCHERA PVC BEN10',72,45,'92172.00','14748.00','1485.00'),(624,14,'GR2919','SET CARTUCHERA PVC GENERATOR REX',72,45,'92172.00','14748.00','1485.00'),(625,14,'3016R','SET CARTUCHERA METAL PRINCESA',24,45,'59172.00','9468.00','2860.00'),(626,14,'3016W','SET CARTUCHERA METAL BLANCANIEVES',24,45,'59172.00','9468.00','2860.00'),(627,14,'3016N','SET CARTUCHERA METAL MINNIE',24,45,'59172.00','9468.00','2860.00'),(628,14,'3016K','SET CARTUCHERA METAL MICKEY',24,45,'59172.00','9468.00','2860.00'),(629,14,'3016S','SET CARTUCHERA METAL CARS 2',24,45,'59172.00','9468.00','2860.00'),(630,14,'DK3016','SET CARTUCHERA METAL DOKI',24,45,'59172.00','9468.00','2860.00'),(631,14,'3016Y','SET CARTUCHERA METAL TOYSTORY',24,45,'59172.00','9468.00','2860.00'),(632,14,'BEN3016','SET CARTUCHERA METAL BEN 10',24,45,'59172.00','9468.00','2860.00'),(633,14,'GR3016','SET CARTUCHERA METAL GENERATOR REX',24,45,'59172.00','9468.00','2860.00'),(634,14,'DK5099','JUEGO KATCH LIGHT DOKIE',10,45,'27025.00','4325.00','3135.00'),(635,14,'BEN5099','JUEGO KATCH LIGHT BEN 1O',10,45,'27025.00','4325.00','3135.00'),(636,14,'TB5099','JUEGO KATCH LIGHT CAMPANITA',10,45,'27025.00','4325.00','3135.00'),(637,14,'CS5099','JUEGO KATCH LIGHT CARS',10,45,'27025.00','4325.00','3135.00'),(638,14,'TOY5099','JUEGO KATCH LIGHT TOYSTORY',10,45,'27025.00','4325.00','3135.00'),(639,14,'KT5099','JUEGO KATCH LIGHT KITTY',10,45,'27025.00','4325.00','3135.00'),(640,14,'PR5099','JUEGO KATCH LIGHT PRINCESAS',10,45,'27025.00','4325.00','3135.00'),(641,14,'3009b','SET 5 LAPICES CAMPANITA',120,45,'71068.00','11372.00','687.00'),(642,15,'3619R','BLISTER BOLIGRAFO CON LIBRETA PRINCESAS',48,57,'58717.00','9395.00','1419.00'),(643,15,'3619W','BLISTER BOLIGRAFO CON LIBRETA BLANCANIEVES',48,57,'58717.00','9395.00','1419.00'),(644,15,'3619N','BLISTER BOLIGRAFO CON LIBRETA MINNIE',48,57,'58717.00','9395.00','1419.00'),(645,15,'3619B','BLISTER BOLIGRAFO CON LIBRETA CAMPANITA',48,57,'58717.00','9395.00','1419.00'),(646,15,'3619S','BLISTER BOLIGRAFO CON LIBRETA CAR',48,57,'58717.00','9395.00','1419.00'),(647,15,'DK3619','BLISTER BOLIGRAFO CON LIBRETA DOKI',48,57,'58717.00','9395.00','1419.00'),(648,15,'3759R','BLISTER SET 7 PIEZAS PRINCESAS',96,57,'106758.00','17082.00','1290.00'),(649,15,'3759W','BLISTER SET 7 PIEZAS BLANCANIEVES',96,57,'106758.00','17082.00','1290.00'),(650,15,'3759K','BLISTER SET 7 PIEZAS MICKEY',96,57,'106758.00','17082.00','1290.00'),(651,15,'3759N','BLISTER SET 7 PIEZAS MINNIE',96,57,'106758.00','17082.00','1290.00'),(652,15,'3759B','BLISTER SET 7 PIEZAS CAMPANITA',96,57,'106758.00','17082.00','1290.00'),(653,15,'3759S','BLISTER SET 7 PIEZAS CAR',96,57,'106758.00','17082.00','1290.00'),(654,15,'SPM3759','BLISTER SET 7 PIEZAS',96,57,'106758.00','17082.00','1290.00'),(655,15,'9470R','DIARIO GRANDE EN BOLSA PRINCESAS',72,57,'240206.00','38434.00','3870.00'),(656,15,'9470W','DIARIO GRANDE EN BOLSA BLANCANIEVES',72,57,'240206.00','38434.00','3870.00'),(657,15,'9470N','DIARIO GRANDE EN BOLSA MINNIE',72,57,'240206.00','38434.00','3870.00'),(658,15,'9470B','DIARIO GRANDE EN BOLSA CAMPANITA',72,57,'240206.00','38434.00','3870.00'),(659,15,'3644R','BLISTER DIARIO PEQUENO PRINCESAS',72,57,'186827.00','29893.00','3010.00'),(660,15,'3644W','BLISTER DIARIO PEQUENO BLANCANIEVES',72,57,'186827.00','29893.00','3010.00'),(661,15,'3644N','BLISTER DIARIO PEQUENO MINNIE',72,57,'186827.00','29893.00','3010.00'),(662,15,'3644B','BLISTER DIARIO PEQUENO CAMPANITA',72,57,'186827.00','29893.00','3010.00'),(663,15,'2016R','DIARIO EN BOLSA PRINCESAS',64,57,'86565.00','13851.00','1569.00'),(664,15,'2016W','DIARIO EN BOLSA BLANCANIEVES',64,57,'86565.00','13851.00','1569.00'),(665,15,'2016N','DIARIO EN BOLSA MINNIE',64,57,'86565.00','13851.00','1569.00'),(666,15,'2016B','DIARIO EN BOLSA CAMPANITA',64,57,'86565.00','13851.00','1569.00'),(667,15,'3627R','BLISTER SET ESCOLAR 5 PZAS PRINCESAS',120,57,'240206.00','38434.00','2322.00'),(668,15,'3627W','BLISTER SET ESCOLAR 5 PZAS BLANCANIEVES',120,57,'240206.00','38434.00','2322.00'),(669,15,'3627K','BLISTER SET ESCOLAR 5 PZAS MICKEY',120,57,'240206.00','38434.00','2322.00'),(670,15,'3627N','BLISTER SET ESCOLAR 5 PZAS MINNIE',120,57,'240206.00','38434.00','2322.00'),(671,15,'3627B','BLISTER SET ESCOLAR 5 PZAS CAMPANITA',120,57,'240206.00','38434.00','2322.00'),(672,15,'3627S','BLISTER SET ESCOLAR 5 PZAS CAR',120,57,'240206.00','38434.00','2322.00'),(673,15,'3627Y','BLISTER SET ESCOLAR 5 PZAS TOY STORY',120,57,'240206.00','38434.00','2322.00'),(674,15,'SPM3627','BLISTER SET ESCOLAR 5 PZAS',120,57,'240206.00','38434.00','2322.00'),(675,15,'BEN3627','BLISTER SET ESCOLAR 5 PZAS BEN 10',120,57,'240206.00','38434.00','2322.00'),(676,15,'2385W','SACAPUNTAS BLANCANIEVES',108,57,'48041.00','7687.00','516.00'),(677,15,'2385R','SACAPUNTAS PRINCESA PRINCESAS',108,57,'48041.00','7687.00','516.00'),(678,15,'2385N','SACAPUNTAS MINNIE',216,57,'96082.00','15374.00','516.00'),(679,15,'2099R','REGLA 30 CM PRINCESA PRINCESAS',72,57,'40034.00','6406.00','645.00'),(680,15,'2099W','REGLA 30 CM BLANCANIEVES',72,57,'40034.00','6406.00','645.00'),(681,15,'2099N','REGLA 30 CM MINNIE',72,57,'40034.00','6406.00','645.00'),(682,15,'2099K','REGLA 30 CM MICKEY',72,57,'40034.00','6406.00','645.00'),(683,15,'2099B','REGLA 30 CM CAMPANITA',72,57,'40034.00','6406.00','645.00'),(684,15,'2099S','REGLA 30 CM CARS 2',72,57,'40034.00','6406.00','645.00'),(685,15,'2099Y','REGLA 30 CM TOYSTORY',72,57,'40034.00','6406.00','645.00'),(686,15,'BEN2099','REGLA 30 CM BEN 10',72,57,'40034.00','6406.00','645.00'),(687,15,'3009R','SET 5 LAPICES PRINCESA',120,57,'55551.00','8889.00','537.00'),(688,15,'3009W','SET 5 LAPICES BLANCANIEVES',120,57,'55551.00','8889.00','537.00'),(689,15,'3009N','SET 5 LAPICES MINNIE',120,57,'55551.00','8889.00','537.00'),(690,15,'3009K','SET 5 LAPICES MICKEY',120,57,'55551.00','8889.00','537.00'),(691,15,'3009S','SET 5 LAPICES CARS 2',120,57,'55551.00','8889.00','537.00'),(692,15,'3009Y','SET 5 LAPICES TOYSTORY',120,57,'55551.00','8889.00','537.00'),(693,15,'BEN3009','SET 5 LAPICES BEN10',120,57,'55551.00','8889.00','537.00'),(694,15,'SPM3009','SET 5 LAPICES SPIDERMAN',120,57,'55551.00','8889.00','537.00'),(695,16,'BEN5099','JUEGO KATCH LIGHT BEN 1O',180,57,'380327.00','60853.00','2451.00'),(696,16,'TB5099','JUEGO KATCH LIGHT CAMPANITA',180,57,'380327.00','60853.00','2451.00'),(697,16,'CS5099','JUEGO KATCH LIGHT CARS',180,57,'380327.00','60853.00','2451.00'),(698,16,'TOY5099','JUEGO KATCH LIGHT TOYSTORY',180,57,'380327.00','60853.00','2451.00'),(699,16,'KT5099','JUEGO KATCH LIGHT KITTY',120,57,'253551.00','40569.00','2451.00'),(700,16,'PR5099','JUEGO KATCH LIGHT PRINCESAS',180,57,'380327.00','60853.00','2451.00'),(701,17,'3016R','SET CARTUCHERA METAL PRINCESA',72,45,'177517.00','28403.00','2860.00'),(702,17,'3016Y','SET CARTUCHERA METAL TOYSTORY',144,45,'355034.00','56806.00','2860.00'),(703,17,'BEN3016','SET CARTUCHERA METAL BEN 10',144,45,'355034.00','56806.00','2860.00'),(704,17,'DK5099','JUEGO KATCH LIGHT DOKIE',60,45,'162155.00','25945.00','3135.00'),(705,17,'BEN5099','JUEGO KATCH LIGHT BEN 1O',60,45,'162155.00','25945.00','3135.00'),(706,17,'TB5099','JUEGO KATCH LIGHT CAMPANITA',60,45,'162155.00','25945.00','3135.00'),(707,17,'CS5099','JUEGO KATCH LIGHT CARS',60,45,'162155.00','25945.00','3135.00'),(708,17,'TOY5099','JUEGO KATCH LIGHT TOYSTORY',60,45,'162155.00','25945.00','3135.00'),(709,17,'KT5099','JUEGO KATCH LIGHT KITTY',60,45,'162155.00','25945.00','3135.00'),(710,17,'PR5099','JUEGO KATCH LIGHT PRINCESAS',60,45,'162155.00','25945.00','3135.00'),(711,17,'3653','MINI MORRAL CON CORAZON DE PRINCESAS',6,45,'45087.00','7215.00','8717.00'),(712,17,'3631C','MINI MORRAL MARIPOSA PRINCESAS',12,45,'97862.00','15658.00','9460.00'),(713,18,'CS100','BOLSA PINATERIA CARS',8,45,'104310.00','16690.00','15125.00'),(714,18,'TOY100','BOLSA PINATERIA TOYSTORY',8,45,'92931.00','14869.00','13475.00'),(715,18,'MK100','BOLSA PINATERIA MICKEY',8,45,'92931.00','14869.00','13475.00'),(716,18,'PR100','BOLSA PINATERIA PRINCESAS',8,45,'92931.00','14869.00','13475.00'),(717,18,'TB100','BOLSA PINATERIA CAMPANITA',8,45,'92931.00','14869.00','13475.00'),(718,18,'DK5099','JUEGO KATCH LIGHT DOKIE',40,45,'108103.00','17297.00','3135.00'),(719,18,'BEN5099','JUEGO KATCH LIGHT BEN 1O',40,45,'108103.00','17297.00','3135.00'),(720,18,'TB5099','JUEGO KATCH LIGHT CAMPANITA',40,45,'108103.00','17297.00','3135.00'),(721,18,'CS5099','JUEGO KATCH LIGHT CARS',40,45,'108103.00','17297.00','3135.00'),(722,18,'TOY5099','JUEGO KATCH LIGHT TOYSTORY',40,45,'108103.00','17297.00','3135.00'),(723,18,'KT5099','JUEGO KATCH LIGHT KITTY',40,45,'108103.00','17297.00','3135.00'),(724,18,'PR5099','JUEGO KATCH LIGHT PRINCESAS',40,45,'108103.00','17297.00','3135.00'),(725,18,'CS8002','YOYO CARS',56,45,'77000.00','12320.00','1595.00'),(726,18,'BEN8002','YOYO BEN10',56,45,'77000.00','12320.00','1595.00'),(727,18,'GR8002','YOYO GENERADOR REX',56,45,'77000.00','12320.00','1595.00'),(728,18,'PR5081BG','BOLSA 4 LENTES PRINCESAS',64,45,'83420.00','13348.00','1512.00'),(729,18,'CS5081BG','BOLSA 4 LENTES CARS',64,45,'83420.00','13348.00','1512.00'),(730,18,'BEN5081BG','BOLSA 4 LENTES BEN10',64,45,'83420.00','13348.00','1512.00'),(731,18,'TOY5081BG','BOLSA 4 LENTES TOYSTORY',64,45,'83420.00','13348.00','1512.00'),(732,18,'MK5081BG','BOLSA 4 LENTES MICKEY',64,45,'83420.00','13348.00','1512.00'),(733,18,'TB5081BG','BOLSA 4 LENTES CAMPANITA',64,45,'83420.00','13348.00','1512.00'),(734,18,'SPM5081BG','BOLSA 4 LENTES SPIDERMAN',64,45,'83420.00','13348.00','1512.00'),(735,18,'SPM5082BG','MAGIC PUZZLE SPIDERMAN',96,45,'63724.00','10196.00','770.00'),(736,18,'BEN5082BG','MAGIC PUZZLE BEN10',96,45,'63724.00','10196.00','770.00'),(737,18,'TB5082BG','MAGIC PUZZLE CAMPANITA',96,45,'63724.00','10196.00','770.00'),(738,18,'GR5082BG','MAGIC PUZZLE GENERADOR REX',96,45,'63724.00','10196.00','770.00'),(739,18,'MK5082BG','MAGIC PUZZLE MICKEY',96,45,'63724.00','10196.00','770.00'),(740,18,'PR5082BG','MAGIC PUZZLE PRINCESAS',96,45,'63724.00','10196.00','770.00'),(741,18,'CS5082BG','MAGIC PUZZLE CARS',96,45,'63724.00','10196.00','770.00'),(742,18,'TOY5082BG','MAGIC PUZZLE TOYSTORY',96,45,'63724.00','10196.00','770.00'),(743,18,'SPM7004H','BLISTER MINI-LANZADOR SPIDERMAN',16,45,'19337.00','3095.00','1402.00'),(744,18,'SPM11170B1','BLISTER LANZADOR CON FIGURA SPIDERMAN',12,45,'37262.00','5962.00','3602.00'),(745,18,'GR11169P','LANZADOR TROMPO C/LUCES SPIDERMAN',12,45,'25882.00','4142.00','2502.00'),(746,18,'3270B','MALETIN SET TAZAS PRINCESAS',35,45,'371724.00','59476.00','12320.00'),(747,19,'CS100','BOLSA PINATERIA CARS',8,45,'104310.00','16690.00','15125.00'),(748,19,'TOY100','BOLSA PINATERIA TOYSTORY',8,45,'92931.00','14869.00','13475.00'),(749,19,'MK100','BOLSA PINATERIA MICKEY',8,45,'92931.00','14869.00','13475.00'),(750,19,'PR100','BOLSA PINATERIA PRINCESAS',8,45,'92931.00','14869.00','13475.00'),(751,19,'TB100','BOLSA PINATERIA CAMPANITA',8,45,'92931.00','14869.00','13475.00'),(752,19,'DK5099','JUEGO KATCH LIGHT DOKIE',40,45,'108103.00','17297.00','3135.00'),(753,19,'BEN5099','JUEGO KATCH LIGHT BEN 1O',40,45,'108103.00','17297.00','3135.00'),(754,19,'TB5099','JUEGO KATCH LIGHT CAMPANITA',40,45,'108103.00','17297.00','3135.00'),(755,19,'CS5099','JUEGO KATCH LIGHT CARS',40,45,'108103.00','17297.00','3135.00'),(756,19,'TOY5099','JUEGO KATCH LIGHT TOYSTORY',40,45,'108103.00','17297.00','3135.00'),(757,19,'KT5099','JUEGO KATCH LIGHT KITTY',40,45,'108103.00','17297.00','3135.00'),(758,19,'PR5099','JUEGO KATCH LIGHT PRINCESAS',40,45,'108103.00','17297.00','3135.00'),(759,19,'CS8002','YOYO CARS',56,45,'77000.00','12320.00','1595.00'),(760,19,'BEN8002','YOYO BEN10',56,45,'77000.00','12320.00','1595.00'),(761,19,'GR8002','YOYO GENERADOR REX',56,45,'77000.00','12320.00','1595.00'),(762,19,'PR5081BG','BOLSA 4 LENTES PRINCESAS',64,45,'83420.00','13348.00','1512.00'),(763,19,'CS5081BG','BOLSA 4 LENTES CARS',64,45,'83420.00','13348.00','1512.00'),(764,19,'BEN5081BG','BOLSA 4 LENTES BEN10',64,45,'83420.00','13348.00','1512.00'),(765,19,'TOY5081BG','BOLSA 4 LENTES TOYSTORY',64,45,'83420.00','13348.00','1512.00'),(766,19,'MK5081BG','BOLSA 4 LENTES MICKEY',64,45,'83420.00','13348.00','1512.00'),(767,19,'TB5081BG','BOLSA 4 LENTES CAMPANITA',64,45,'83420.00','13348.00','1512.00'),(768,19,'SPM5081BG','BOLSA 4 LENTES SPIDERMAN',64,45,'83420.00','13348.00','1512.00'),(769,19,'SPM5082BG','MAGIC PUZZLE SPIDERMAN',96,45,'63724.00','10196.00','770.00'),(770,19,'BEN5082BG','MAGIC PUZZLE BEN10',96,45,'63724.00','10196.00','770.00'),(771,19,'TB5082BG','MAGIC PUZZLE CAMPANITA',96,45,'63724.00','10196.00','770.00'),(772,19,'GR5082BG','MAGIC PUZZLE GENERADOR REX',96,45,'63724.00','10196.00','770.00'),(773,19,'MK5082BG','MAGIC PUZZLE MICKEY',96,45,'63724.00','10196.00','770.00'),(774,19,'PR5082BG','MAGIC PUZZLE PRINCESAS',96,45,'63724.00','10196.00','770.00'),(775,19,'CS5082BG','MAGIC PUZZLE CARS',96,45,'63724.00','10196.00','770.00'),(776,19,'TOY5082BG','MAGIC PUZZLE TOYSTORY',96,45,'63724.00','10196.00','770.00'),(777,19,'SPM7004H','BLISTER MINI-LANZADOR SPIDERMAN',16,45,'19337.00','3095.00','1402.00'),(778,19,'SPM11170B1','BLISTER LANZADOR CON FIGURA SPIDERMAN',12,45,'37262.00','5962.00','3602.00'),(779,19,'GR11169P','LANZADOR TROMPO C/LUCES SPIDERMAN',12,45,'25882.00','4142.00','2502.00'),(780,19,'3270B','MALETIN SET TAZAS PRINCESAS',35,45,'371724.00','59476.00','12320.00'),(781,20,'CS100','BOLSA PINATERIA CARS',8,45,'104310.00','16690.00','15125.00'),(782,20,'TOY100','BOLSA PINATERIA TOYSTORY',8,45,'92931.00','14869.00','13475.00'),(783,20,'MK100','BOLSA PINATERIA MICKEY',8,45,'92931.00','14869.00','13475.00'),(784,20,'PR100','BOLSA PINATERIA PRINCESAS',8,45,'92931.00','14869.00','13475.00'),(785,20,'TB100','BOLSA PINATERIA CAMPANITA',8,45,'92931.00','14869.00','13475.00'),(786,20,'DK5099','JUEGO KATCH LIGHT DOKIE',40,45,'108103.00','17297.00','3135.00'),(787,20,'BEN5099','JUEGO KATCH LIGHT BEN 1O',40,45,'108103.00','17297.00','3135.00'),(788,20,'TB5099','JUEGO KATCH LIGHT CAMPANITA',40,45,'108103.00','17297.00','3135.00'),(789,20,'CS5099','JUEGO KATCH LIGHT CARS',40,45,'108103.00','17297.00','3135.00'),(790,20,'TOY5099','JUEGO KATCH LIGHT TOYSTORY',40,45,'108103.00','17297.00','3135.00'),(791,20,'KT5099','JUEGO KATCH LIGHT KITTY',40,45,'108103.00','17297.00','3135.00'),(792,20,'PR5099','JUEGO KATCH LIGHT PRINCESAS',40,45,'108103.00','17297.00','3135.00'),(793,20,'CS8002','YOYO CARS',56,45,'77000.00','12320.00','1595.00'),(794,20,'BEN8002','YOYO BEN10',56,45,'77000.00','12320.00','1595.00'),(795,20,'GR8002','YOYO GENERADOR REX',56,45,'77000.00','12320.00','1595.00'),(796,20,'PR5081BG','BOLSA 4 LENTES PRINCESAS',64,45,'83420.00','13348.00','1512.00'),(797,20,'CS5081BG','BOLSA 4 LENTES CARS',64,45,'83420.00','13348.00','1512.00'),(798,20,'BEN5081BG','BOLSA 4 LENTES BEN10',64,45,'83420.00','13348.00','1512.00'),(799,20,'TOY5081BG','BOLSA 4 LENTES TOYSTORY',64,45,'83420.00','13348.00','1512.00'),(800,20,'MK5081BG','BOLSA 4 LENTES MICKEY',64,45,'83420.00','13348.00','1512.00'),(801,20,'TB5081BG','BOLSA 4 LENTES CAMPANITA',64,45,'83420.00','13348.00','1512.00'),(802,20,'SPM5081BG','BOLSA 4 LENTES SPIDERMAN',64,45,'83420.00','13348.00','1512.00'),(803,20,'SPM5082BG','MAGIC PUZZLE SPIDERMAN',96,45,'63724.00','10196.00','770.00'),(804,20,'BEN5082BG','MAGIC PUZZLE BEN10',96,45,'63724.00','10196.00','770.00'),(805,20,'TB5082BG','MAGIC PUZZLE CAMPANITA',96,45,'63724.00','10196.00','770.00'),(806,20,'GR5082BG','MAGIC PUZZLE GENERADOR REX',96,45,'63724.00','10196.00','770.00'),(807,20,'MK5082BG','MAGIC PUZZLE MICKEY',96,45,'63724.00','10196.00','770.00'),(808,20,'PR5082BG','MAGIC PUZZLE PRINCESAS',96,45,'63724.00','10196.00','770.00'),(809,20,'CS5082BG','MAGIC PUZZLE CARS',96,45,'63724.00','10196.00','770.00'),(810,20,'TOY5082BG','MAGIC PUZZLE TOYSTORY',96,45,'63724.00','10196.00','770.00'),(811,20,'SPM7004H','BLISTER MINI-LANZADOR SPIDERMAN',16,45,'19337.00','3095.00','1402.00'),(812,20,'SPM11170B1','BLISTER LANZADOR CON FIGURA SPIDERMAN',12,45,'37262.00','5962.00','3602.00'),(813,20,'GR11169P','LANZADOR TROMPO C/LUCES SPIDERMAN',12,45,'25882.00','4142.00','2502.00'),(814,20,'3270B','MALETIN SET TAZAS PRINCESAS',35,45,'371724.00','59476.00','12320.00'),(815,21,'PR3601','MINI BLISTER SELLOS INTERCAMBIABLE PRINCESAS',64,45,'75862.00','12138.00','1375.00'),(816,21,'SW3601','MINI BLISTER SELLOS INTERCAMBIABLE BLANCANIEVES',64,45,'75862.00','12138.00','1375.00'),(817,21,'MN3601','MINI BLISTER SELLOS INTERCAMBIABLE MINNIE',64,45,'75862.00','12138.00','1375.00'),(818,21,'TB3601','MINI BLISTER SELLOS INTERCAMBIABLE CAMPANITA',64,45,'75862.00','12138.00','1375.00'),(819,21,'PR3602','BLISTER 4 SELLOS PRINCESAS',32,45,'59917.00','9587.00','2172.00'),(820,21,'SW3602','BLISTER 4 SELLOS BLANCANIEVES',32,45,'59917.00','9587.00','2172.00'),(821,21,'Mn3602','BLISTER 4 SELLOS MINNIE',32,45,'59917.00','9587.00','2172.00'),(822,21,'TB3602','BLISTER 4 SELLOS CAMPANITA',32,45,'59917.00','9587.00','2172.00'),(823,21,'PR3615','BLITER SELLOS Y MARCADORES PRINCESAS',32,45,'78124.00','12500.00','2832.00'),(824,21,'SW3615','BLITER SELLOS Y MARCADORES BLANCANIEVES',32,45,'78124.00','12500.00','2832.00'),(825,21,'MK3615','BLITER SELLOS Y MARCADORES MICKEY',32,45,'78124.00','12500.00','2832.00'),(826,21,'MN3615','BLITER SELLOS Y MARCADORES MINNIE',32,45,'78124.00','12500.00','2832.00'),(827,21,'TB3615','BLITER SELLOS Y MARCADORES CAMPANITA',32,45,'78124.00','12500.00','2832.00'),(828,21,'CS3615','BLITER SELLOS Y MARCADORES CAR',32,45,'78124.00','12500.00','2832.00'),(829,21,'DK3615','BLITER SELLOS Y MARCADORES DOKI',32,45,'78124.00','12500.00','2832.00'),(830,21,'3619R','BLISTER BOLIGRAFO CON LIBRETA PRINCESAS',32,45,'50068.00','8012.00','1815.00'),(831,21,'3619W','BLISTER BOLIGRAFO CON LIBRETA BLANCANIEVES',32,45,'50068.00','8012.00','1815.00'),(832,21,'3619N','BLISTER BOLIGRAFO CON LIBRETA MINNIE',32,45,'50068.00','8012.00','1815.00'),(833,21,'3619B','BLISTER BOLIGRAFO CON LIBRETA CAMPANITA',32,45,'50068.00','8012.00','1815.00'),(834,21,'3619S','BLISTER BOLIGRAFO CON LIBRETA CAR',32,45,'50068.00','8012.00','1815.00'),(835,21,'DK3619','BLISTER BOLIGRAFO CON LIBRETA DOKI',32,45,'50068.00','8012.00','1815.00'),(836,21,'3759R','BLISTER SET 7 PIEZAS PRINCESAS',64,45,'91034.00','14566.00','1650.00'),(837,21,'3759W','BLISTER SET 7 PIEZAS BLANCANIEVES',64,45,'91034.00','14566.00','1650.00'),(838,21,'SPM3759','BLISTER SET 7 PIEZAS',128,45,'182068.00','29132.00','1650.00'),(839,21,'3759N','BLISTER SET 7 PIEZAS MINNIE',64,45,'91034.00','14566.00','1650.00'),(840,21,'3759B','BLISTER SET 7 PIEZAS CAMPANITA',64,45,'91034.00','14566.00','1650.00'),(841,21,'3759S','BLISTER SET 7 PIEZAS CAR',64,45,'91034.00','14566.00','1650.00'),(842,21,'DK3759','BLISTER SET 7 PIEZAS DOKI',64,45,'91034.00','14566.00','1650.00'),(843,21,'GR3759','BLISTER SET 7 PIEZAS REX',64,45,'91034.00','14566.00','1650.00'),(844,21,'9470R','DIARIO GRANDE EN BOLSA PRINCESAS',24,45,'102413.00','16387.00','4950.00'),(845,21,'9470W','DIARIO GRANDE EN BOLSA BLANCANIEVES',24,45,'102413.00','16387.00','4950.00'),(846,21,'9470N','DIARIO GRANDE EN BOLSA MINNIE',24,45,'102413.00','16387.00','4950.00'),(847,21,'9470B','DIARIO GRANDE EN BOLSA CAMPANITA',24,45,'102413.00','16387.00','4950.00'),(848,21,'3644R','BLISTER DIARIO PEQUENO PRINCESAS',48,45,'159310.00','25490.00','3850.00'),(849,21,'3644W','BLISTER DIARIO PEQUENO BLANCANIEVES',48,45,'159310.00','25490.00','3850.00'),(850,21,'3644N','BLISTER DIARIO PEQUENO MINNIE',48,45,'159310.00','25490.00','3850.00'),(851,21,'3644B','BLISTER DIARIO PEQUENO CAMPANITA',48,45,'159310.00','25490.00','3850.00'),(852,21,'2016R','DIARIO EN BOLSA PRINCESAS',64,45,'110731.00','17717.00','2007.00'),(853,21,'2016W','DIARIO EN BOLSA BLANCANIEVES',64,45,'110731.00','17717.00','2007.00'),(854,21,'2016N','DIARIO EN BOLSA MINNIE',64,45,'110731.00','17717.00','2007.00'),(855,21,'2016B','DIARIO EN BOLSA CAMPANITA',64,45,'110731.00','17717.00','2007.00'),(856,21,'3008R','MINI SET 5 PIEZAS PRINCESAS',72,45,'75103.00','12017.00','1210.00'),(857,21,'3008W','MINI SET 5 PIEZAS BLANCANIEVES',72,45,'75103.00','12017.00','1210.00'),(858,21,'3008N','MINI SET 5 PIEZAS MINNIE',72,45,'75103.00','12017.00','1210.00'),(859,21,'3008B','MINI SET 5 PIEZAS CAMPANITA',72,45,'75103.00','12017.00','1210.00'),(860,21,'3008C','MINI SET 5 PIEZAS CAR',72,45,'75103.00','12017.00','1210.00'),(861,21,'DK3008','MINI SET 5 PIEZAS DOKI',72,45,'75103.00','12017.00','1210.00'),(862,21,'3007R','SET ESCOLAR 5 PZAS PRINCESAS',32,45,'44000.00','7040.00','1595.00'),(863,21,'3007W','SET ESCOLAR 5 PZAS BLANCANIEVES',32,45,'44000.00','7040.00','1595.00'),(864,21,'3007N','SET ESCOLAR 5 PZAS MINNIE',32,45,'44000.00','7040.00','1595.00'),(865,21,'3007B','SET ESCOLAR 5 PZAS CAMPANITA',32,45,'44000.00','7040.00','1595.00'),(866,21,'3007S','SET ESCOLAR 5 PZAS CAR',32,45,'44000.00','7040.00','1595.00'),(867,21,'DK3007','SET ESCOLAR 5 PZAS DOKI',32,45,'44000.00','7040.00','1595.00'),(868,21,'3007Y','SET ESCOLAR 5 PZAS TOY STORY',32,45,'44000.00','7040.00','1595.00'),(869,21,'BEN3007','SET ESCOLAR 5 PZAS BEN 10',32,45,'44000.00','7040.00','1595.00'),(870,21,'GR3007','SET ESCOLAR 5 PZAS REX',32,45,'44000.00','7040.00','1595.00'),(871,21,'3627R','BLISTER SET ESCOLAR 5 PZAS PRINCESAS',24,45,'61448.00','9832.00','2970.00'),(872,21,'3627W','BLISTER SET ESCOLAR 5 PZAS BLANCANIEVES',24,45,'61448.00','9832.00','2970.00'),(873,21,'3627K','BLISTER SET ESCOLAR 5 PZAS MICKEY',24,45,'61448.00','9832.00','2970.00'),(874,21,'3627N','BLISTER SET ESCOLAR 5 PZAS MINNIE',24,45,'61448.00','9832.00','2970.00'),(875,21,'3627B','BLISTER SET ESCOLAR 5 PZAS CAMPANITA',24,45,'61448.00','9832.00','2970.00'),(876,21,'3627S','BLISTER SET ESCOLAR 5 PZAS CAR',24,45,'61448.00','9832.00','2970.00'),(877,21,'DK3627','BLISTER SET ESCOLAR 5 PZAS DOKI',24,45,'61448.00','9832.00','2970.00'),(878,21,'3627Y','BLISTER SET ESCOLAR 5 PZAS TOY STORY',24,45,'61448.00','9832.00','2970.00'),(879,21,'BEN3627','BLISTER SET ESCOLAR 5 PZAS BEN 10',24,45,'61448.00','9832.00','2970.00'),(880,21,'GR3627','BLISTER SET ESCOLAR 5 PZAS REX',24,45,'61448.00','9832.00','2970.00'),(881,21,'SPM3627','BLISTER SET ESCOLAR 5 PZAS',24,45,'61448.00','9832.00','2970.00'),(882,21,'3512R','SET 2 BORRADORES LABIAL PRINCESAS',128,45,'106151.00','16985.00','962.00'),(883,21,'3512B','SET 2 BORRADORES LABIAL CAMPANITA',128,45,'106151.00','16985.00','962.00'),(884,21,'5207R','SET 6 BORRADORES PRINCESA',80,45,'41724.00','6676.00','605.00'),(885,21,'5207W','SET 6 BORRADORES BLANCANIEVES',80,45,'41724.00','6676.00','605.00'),(886,21,'5207N','SET 6 BORRADORES MINNIE',80,45,'41724.00','6676.00','605.00'),(887,21,'5207B','SET 6 BORRADORES CAMPANITA',80,45,'41724.00','6676.00','605.00'),(888,21,'5207S','SET 6 BORRADORES CAR',80,45,'41724.00','6676.00','605.00'),(889,21,'2981K','SET 2 BORRADORES MICKEY',108,45,'40965.00','6555.00','440.00'),(890,21,'DK2981','SET 2 BORRADORES DOKI',108,45,'40965.00','6555.00','440.00'),(891,21,'BEN2981','SET 2 BORRADORES BEN 10',108,45,'40965.00','6555.00','440.00'),(892,21,'GR2981','SET 2 BORRADORES GENERATOR REX',108,45,'40965.00','6555.00','440.00'),(893,21,'2385R','SACAPUNTAS PRINCESA PRINCESAS',144,45,'81931.00','13109.00','660.00'),(894,21,'2385W','SACAPUNTAS BLANCANIEVES',144,45,'81931.00','13109.00','660.00'),(895,21,'2385N','SACAPUNTAS MINNIE',144,45,'81931.00','13109.00','660.00'),(896,21,'2385B','SACAPUNTAS CAMPANITA',144,45,'81931.00','13109.00','660.00'),(897,21,'2388K','SACAPUNTAS MICKEY',128,45,'84965.00','13595.00','770.00'),(898,21,'2388S','SACAPUNTAS CARS 2',128,45,'84965.00','13595.00','770.00'),(899,21,'DK2388','SACAPUNTAS DOKI',128,45,'84965.00','13595.00','770.00'),(900,21,'2388Y','SACAPUNTAS TOYSTORY',128,45,'84965.00','13595.00','770.00'),(901,21,'BEN2388','SACAPUNTAS BEN 10',128,45,'84965.00','13595.00','770.00'),(902,21,'GR2388','SACAPUNTAS GENERATOR REX',128,45,'84965.00','13595.00','770.00'),(903,21,'2099R','REGLA 30 CM PRINCESA PRINCESAS',96,45,'68275.00','10925.00','825.00'),(904,21,'2099W','REGLA 30 CM BLANCANIEVES',96,45,'68275.00','10925.00','825.00'),(905,21,'2099N','REGLA 30 CM MINNIE',96,45,'68275.00','10925.00','825.00'),(906,21,'2099K','REGLA 30 CM MICKEY',96,45,'68275.00','10925.00','825.00'),(907,21,'2099B','REGLA 30 CM CAMPANITA',96,45,'68275.00','10925.00','825.00'),(908,21,'2099S','REGLA 30 CM CARS 2',96,45,'68275.00','10925.00','825.00'),(909,21,'DK2099','REGLA 30 CM DOKI',96,45,'68275.00','10925.00','825.00'),(910,21,'2099Y','REGLA 30 CM TOYSTORY',96,45,'68275.00','10925.00','825.00'),(911,21,'BEN2099','REGLA 30 CM BEN 10',96,45,'68275.00','10925.00','825.00'),(912,21,'GR2099','REGLA 30 CM GENERATOR REX',96,45,'68275.00','10925.00','825.00'),(913,21,'3009R','SET 5 LAPICES PRINCESA',160,45,'94758.00','15162.00','687.00'),(914,21,'3009W','SET 5 LAPICES BLANCANIEVES',160,45,'94758.00','15162.00','687.00'),(915,21,'3009N','SET 5 LAPICES MINNIE',160,45,'94758.00','15162.00','687.00'),(916,21,'3009K','SET 5 LAPICES MICKEY',160,45,'94758.00','15162.00','687.00'),(917,21,'3009B','SET 5 LAPICES CAMPANITA',160,45,'94758.00','15162.00','687.00'),(918,21,'3009S','SET 5 LAPICES CARS 2',160,45,'94758.00','15162.00','687.00'),(919,21,'DK3009','SET 5 LAPICES DOKI',160,45,'94758.00','15162.00','687.00'),(920,21,'3009Y','SET 5 LAPICES TOYSTORY',160,45,'94758.00','15162.00','687.00'),(921,21,'BEN3009','SET 5 LAPICES BEN10',160,45,'94758.00','15162.00','687.00'),(922,21,'GR3009','SET 5 LAPICES GENERATOR REX',160,45,'94758.00','15162.00','687.00'),(923,21,'SPM3009','SET 5 LAPICES SPIDERMAN',160,45,'94758.00','15162.00','687.00'),(924,21,'2919R','SET CARTUCHERA PVC PRINCESA',48,45,'61448.00','9832.00','1485.00'),(925,21,'2919W','SET CARTUCHERA PVC BLANCANIEVES',48,45,'61448.00','9832.00','1485.00'),(926,21,'2919N','SET CARTUCHERA PVC MINNIE',48,45,'61448.00','9832.00','1485.00'),(927,21,'2919K','SET CARTUCHERA PVC MICKEY',48,45,'61448.00','9832.00','1485.00'),(928,21,'2919B','SET CARTUCHERA PVC CAMPANITA',48,45,'61448.00','9832.00','1485.00'),(929,21,'2919S','SET CARTUCHERA PVC CARS 2',48,45,'61448.00','9832.00','1485.00'),(930,21,'DK2919','SET CARTUCHERA PVC DOKI',48,45,'61448.00','9832.00','1485.00'),(931,21,'2919Y','SET CARTUCHERA PVC TOYSTORY',48,45,'61448.00','9832.00','1485.00'),(932,21,'BEN2919','SET CARTUCHERA PVC BEN10',48,45,'61448.00','9832.00','1485.00'),(933,21,'GR2919','SET CARTUCHERA PVC GENERATOR REX',48,45,'61448.00','9832.00','1485.00'),(934,21,'3016R','SET CARTUCHERA METAL PRINCESA',24,45,'59172.00','9468.00','2860.00'),(935,21,'3016W','SET CARTUCHERA METAL BLANCANIEVES',24,45,'59172.00','9468.00','2860.00'),(936,21,'3016N','SET CARTUCHERA METAL MINNIE',24,45,'59172.00','9468.00','2860.00'),(937,21,'3016S','SET CARTUCHERA METAL CARS 2',24,45,'59172.00','9468.00','2860.00'),(938,21,'3016Y','SET CARTUCHERA METAL TOYSTORY',24,45,'59172.00','9468.00','2860.00'),(939,21,'BEN3016','SET CARTUCHERA METAL BEN 10',24,45,'59172.00','9468.00','2860.00'),(940,22,'PR3601','MINI BLISTER SELLOS INTERCAMBIABLE PRINCESAS',64,45,'75862.00','12138.00','1375.00'),(941,22,'SW3601','MINI BLISTER SELLOS INTERCAMBIABLE BLANCANIEVES',64,45,'75862.00','12138.00','1375.00'),(942,22,'MN3601','MINI BLISTER SELLOS INTERCAMBIABLE MINNIE',64,45,'75862.00','12138.00','1375.00'),(943,22,'TB3601','MINI BLISTER SELLOS INTERCAMBIABLE CAMPANITA',64,45,'75862.00','12138.00','1375.00'),(944,22,'PR3602','BLISTER 4 SELLOS PRINCESAS',32,45,'59917.00','9587.00','2172.00'),(945,22,'SW3602','BLISTER 4 SELLOS BLANCANIEVES',32,45,'59917.00','9587.00','2172.00'),(946,22,'Mn3602','BLISTER 4 SELLOS MINNIE',32,45,'59917.00','9587.00','2172.00'),(947,22,'TB3602','BLISTER 4 SELLOS CAMPANITA',32,45,'59917.00','9587.00','2172.00'),(948,22,'PR3615','BLITER SELLOS Y MARCADORES PRINCESAS',32,45,'78124.00','12500.00','2832.00'),(949,22,'SW3615','BLITER SELLOS Y MARCADORES BLANCANIEVES',32,45,'78124.00','12500.00','2832.00'),(950,22,'MK3615','BLITER SELLOS Y MARCADORES MICKEY',32,45,'78124.00','12500.00','2832.00'),(951,22,'MN3615','BLITER SELLOS Y MARCADORES MINNIE',32,45,'78124.00','12500.00','2832.00'),(952,22,'TB3615','BLITER SELLOS Y MARCADORES CAMPANITA',32,45,'78124.00','12500.00','2832.00'),(953,22,'CS3615','BLITER SELLOS Y MARCADORES CAR',32,45,'78124.00','12500.00','2832.00'),(954,22,'DK3615','BLITER SELLOS Y MARCADORES DOKI',32,45,'78124.00','12500.00','2832.00'),(955,22,'3619R','BLISTER BOLIGRAFO CON LIBRETA PRINCESAS',32,45,'50068.00','8012.00','1815.00'),(956,22,'3619W','BLISTER BOLIGRAFO CON LIBRETA BLANCANIEVES',32,45,'50068.00','8012.00','1815.00'),(957,22,'3619N','BLISTER BOLIGRAFO CON LIBRETA MINNIE',32,45,'50068.00','8012.00','1815.00'),(958,22,'3619B','BLISTER BOLIGRAFO CON LIBRETA CAMPANITA',32,45,'50068.00','8012.00','1815.00'),(959,22,'3619S','BLISTER BOLIGRAFO CON LIBRETA CAR',32,45,'50068.00','8012.00','1815.00'),(960,22,'DK3619','BLISTER BOLIGRAFO CON LIBRETA DOKI',32,45,'50068.00','8012.00','1815.00'),(961,22,'3759R','BLISTER SET 7 PIEZAS PRINCESAS',64,45,'91034.00','14566.00','1650.00'),(962,22,'3759W','BLISTER SET 7 PIEZAS BLANCANIEVES',64,45,'91034.00','14566.00','1650.00'),(963,22,'3759K','BLISTER SET 7 PIEZAS MICKEY',64,45,'91034.00','14566.00','1650.00'),(964,22,'3759N','BLISTER SET 7 PIEZAS MINNIE',64,45,'91034.00','14566.00','1650.00'),(965,22,'3759B','BLISTER SET 7 PIEZAS CAMPANITA',64,45,'91034.00','14566.00','1650.00'),(966,22,'3759S','BLISTER SET 7 PIEZAS CAR',64,45,'91034.00','14566.00','1650.00'),(967,22,'DK3759','BLISTER SET 7 PIEZAS DOKI',64,45,'91034.00','14566.00','1650.00'),(968,22,'SPM3759','BLISTER SET 7 PIEZAS',64,45,'91034.00','14566.00','1650.00'),(969,22,'GR3759','BLISTER SET 7 PIEZAS REX',64,45,'91034.00','14566.00','1650.00'),(970,22,'9470R','DIARIO GRANDE EN BOLSA PRINCESAS',24,45,'102413.00','16387.00','4950.00'),(971,22,'9470W','DIARIO GRANDE EN BOLSA BLANCANIEVES',24,45,'102413.00','16387.00','4950.00'),(972,22,'9470N','DIARIO GRANDE EN BOLSA MINNIE',24,45,'102413.00','16387.00','4950.00'),(973,22,'9470B','DIARIO GRANDE EN BOLSA CAMPANITA',24,45,'102413.00','16387.00','4950.00'),(974,22,'3644R','BLISTER DIARIO PEQUENO PRINCESAS',48,45,'159310.00','25490.00','3850.00'),(975,22,'3644W','BLISTER DIARIO PEQUENO BLANCANIEVES',48,45,'159310.00','25490.00','3850.00'),(976,22,'3644N','BLISTER DIARIO PEQUENO MINNIE',48,45,'159310.00','25490.00','3850.00'),(977,22,'3644B','BLISTER DIARIO PEQUENO CAMPANITA',48,45,'159310.00','25490.00','3850.00'),(978,22,'2016R','DIARIO EN BOLSA PRINCESAS',64,45,'110731.00','17717.00','2007.00'),(979,22,'2016W','DIARIO EN BOLSA BLANCANIEVES',64,45,'110731.00','17717.00','2007.00'),(980,22,'2016N','DIARIO EN BOLSA MINNIE',64,45,'110731.00','17717.00','2007.00'),(981,22,'2016B','DIARIO EN BOLSA CAMPANITA',64,45,'110731.00','17717.00','2007.00'),(982,22,'3008R','MINI SET 5 PIEZAS PRINCESAS',72,45,'75103.00','12017.00','1210.00'),(983,22,'3008W','MINI SET 5 PIEZAS BLANCANIEVES',72,45,'75103.00','12017.00','1210.00'),(984,22,'3008N','MINI SET 5 PIEZAS MINNIE',72,45,'75103.00','12017.00','1210.00'),(985,22,'3008B','MINI SET 5 PIEZAS CAMPANITA',72,45,'75103.00','12017.00','1210.00'),(986,22,'3008C','MINI SET 5 PIEZAS CAR',72,45,'75103.00','12017.00','1210.00'),(987,22,'DK3008','MINI SET 5 PIEZAS DOKI',72,45,'75103.00','12017.00','1210.00'),(988,22,'3007R','SET ESCOLAR 5 PZAS PRINCESAS',32,45,'44000.00','7040.00','1595.00'),(989,22,'3007W','SET ESCOLAR 5 PZAS BLANCANIEVES',32,45,'44000.00','7040.00','1595.00'),(990,22,'3007N','SET ESCOLAR 5 PZAS MINNIE',32,45,'44000.00','7040.00','1595.00'),(991,22,'3007B','SET ESCOLAR 5 PZAS CAMPANITA',32,45,'44000.00','7040.00','1595.00'),(992,22,'3007S','SET ESCOLAR 5 PZAS CAR',32,45,'44000.00','7040.00','1595.00'),(993,22,'DK3007','SET ESCOLAR 5 PZAS DOKI',32,45,'44000.00','7040.00','1595.00'),(994,22,'3007Y','SET ESCOLAR 5 PZAS TOY STORY',32,45,'44000.00','7040.00','1595.00'),(995,22,'BEN3007','SET ESCOLAR 5 PZAS BEN 10',32,45,'44000.00','7040.00','1595.00'),(996,22,'GR3007','SET ESCOLAR 5 PZAS REX',32,45,'44000.00','7040.00','1595.00'),(997,22,'3627R','BLISTER SET ESCOLAR 5 PZAS PRINCESAS',24,45,'61448.00','9832.00','2970.00'),(998,22,'3627W','BLISTER SET ESCOLAR 5 PZAS BLANCANIEVES',24,45,'61448.00','9832.00','2970.00'),(999,22,'3627K','BLISTER SET ESCOLAR 5 PZAS MICKEY',24,45,'61448.00','9832.00','2970.00'),(1000,22,'3627N','BLISTER SET ESCOLAR 5 PZAS MINNIE',24,45,'61448.00','9832.00','2970.00'),(1001,22,'3627B','BLISTER SET ESCOLAR 5 PZAS CAMPANITA',24,45,'61448.00','9832.00','2970.00'),(1002,22,'3627S','BLISTER SET ESCOLAR 5 PZAS CAR',24,45,'61448.00','9832.00','2970.00'),(1003,22,'DK3627','BLISTER SET ESCOLAR 5 PZAS DOKI',24,45,'61448.00','9832.00','2970.00'),(1004,22,'3627Y','BLISTER SET ESCOLAR 5 PZAS TOY STORY',24,45,'61448.00','9832.00','2970.00'),(1005,22,'BEN3627','BLISTER SET ESCOLAR 5 PZAS BEN 10',24,45,'61448.00','9832.00','2970.00'),(1006,22,'GR3627','BLISTER SET ESCOLAR 5 PZAS REX',24,45,'61448.00','9832.00','2970.00'),(1007,22,'SPM3627','BLISTER SET ESCOLAR 5 PZAS',24,45,'61448.00','9832.00','2970.00'),(1008,22,'3512R','SET 2 BORRADORES LABIAL PRINCESAS',128,45,'106151.00','16985.00','962.00'),(1009,22,'3512B','SET 2 BORRADORES LABIAL CAMPANITA',128,45,'106151.00','16985.00','962.00'),(1010,22,'5207R','SET 6 BORRADORES PRINCESA',80,45,'41724.00','6676.00','605.00'),(1011,22,'5207W','SET 6 BORRADORES BLANCANIEVES',80,45,'41724.00','6676.00','605.00'),(1012,22,'5207N','SET 6 BORRADORES MINNIE',80,45,'41724.00','6676.00','605.00'),(1013,22,'5207B','SET 6 BORRADORES CAMPANITA',80,45,'41724.00','6676.00','605.00'),(1014,22,'5207S','SET 6 BORRADORES CAR',80,45,'41724.00','6676.00','605.00'),(1015,22,'2981K','SET 2 BORRADORES MICKEY',108,45,'40965.00','6555.00','440.00'),(1016,22,'DK2981','SET 2 BORRADORES DOKI',108,45,'40965.00','6555.00','440.00'),(1017,22,'BEN2981','SET 2 BORRADORES BEN 10',108,45,'40965.00','6555.00','440.00'),(1018,22,'GR2981','SET 2 BORRADORES GENERATOR REX',108,45,'40965.00','6555.00','440.00'),(1019,22,'2385R','SACAPUNTAS PRINCESA PRINCESAS',144,45,'81931.00','13109.00','660.00'),(1020,22,'2385W','SACAPUNTAS BLANCANIEVES',144,45,'81931.00','13109.00','660.00'),(1021,22,'2385N','SACAPUNTAS MINNIE',144,45,'81931.00','13109.00','660.00'),(1022,22,'2385B','SACAPUNTAS CAMPANITA',144,45,'81931.00','13109.00','660.00'),(1023,22,'2388K','SACAPUNTAS MICKEY',128,45,'84965.00','13595.00','770.00'),(1024,22,'2388S','SACAPUNTAS CARS 2',128,45,'84965.00','13595.00','770.00'),(1025,22,'DK2388','SACAPUNTAS DOKI',128,45,'84965.00','13595.00','770.00'),(1026,22,'2388Y','SACAPUNTAS TOYSTORY',128,45,'84965.00','13595.00','770.00'),(1027,22,'BEN2388','SACAPUNTAS BEN 10',128,45,'84965.00','13595.00','770.00'),(1028,22,'GR2388','SACAPUNTAS GENERATOR REX',128,45,'84965.00','13595.00','770.00'),(1029,22,'2099R','REGLA 30 CM PRINCESA PRINCESAS',96,45,'68275.00','10925.00','825.00'),(1030,22,'2099W','REGLA 30 CM BLANCANIEVES',96,45,'68275.00','10925.00','825.00'),(1031,22,'2099N','REGLA 30 CM MINNIE',96,45,'68275.00','10925.00','825.00'),(1032,22,'2099K','REGLA 30 CM MICKEY',96,45,'68275.00','10925.00','825.00'),(1033,22,'2099B','REGLA 30 CM CAMPANITA',96,45,'68275.00','10925.00','825.00'),(1034,22,'2099S','REGLA 30 CM CARS 2',96,45,'68275.00','10925.00','825.00'),(1035,22,'DK2099','REGLA 30 CM DOKI',96,45,'68275.00','10925.00','825.00'),(1036,22,'2099Y','REGLA 30 CM TOYSTORY',96,45,'68275.00','10925.00','825.00'),(1037,22,'BEN2099','REGLA 30 CM BEN 10',96,45,'68275.00','10925.00','825.00'),(1038,22,'GR2099','REGLA 30 CM GENERATOR REX',96,45,'68275.00','10925.00','825.00'),(1039,22,'3009R','SET 5 LAPICES PRINCESA',160,45,'94758.00','15162.00','687.00'),(1040,22,'3009W','SET 5 LAPICES BLANCANIEVES',160,45,'94758.00','15162.00','687.00'),(1041,22,'3009N','SET 5 LAPICES MINNIE',160,45,'94758.00','15162.00','687.00'),(1042,22,'3009K','SET 5 LAPICES MICKEY',160,45,'94758.00','15162.00','687.00'),(1043,22,'3009B','SET 5 LAPICES CAMPANITA',160,45,'94758.00','15162.00','687.00'),(1044,22,'3009S','SET 5 LAPICES CARS 2',160,45,'94758.00','15162.00','687.00'),(1045,22,'DK3009','SET 5 LAPICES DOKI',160,45,'94758.00','15162.00','687.00'),(1046,22,'3009Y','SET 5 LAPICES TOYSTORY',160,45,'94758.00','15162.00','687.00'),(1047,22,'BEN3009','SET 5 LAPICES BEN10',160,45,'94758.00','15162.00','687.00'),(1048,22,'GR3009','SET 5 LAPICES GENERATOR REX',160,45,'94758.00','15162.00','687.00'),(1049,22,'SPM3009','SET 5 LAPICES SPIDERMAN',160,45,'94758.00','15162.00','687.00'),(1050,22,'2919B','SET CARTUCHERA PVC CAMPANITA',96,45,'122896.00','19664.00','1485.00'),(1051,22,'2919W','SET CARTUCHERA PVC BLANCANIEVES',48,45,'61448.00','9832.00','1485.00'),(1052,22,'2919N','SET CARTUCHERA PVC MINNIE',48,45,'61448.00','9832.00','1485.00'),(1053,22,'2919K','SET CARTUCHERA PVC MICKEY',48,45,'61448.00','9832.00','1485.00'),(1054,22,'2919S','SET CARTUCHERA PVC CARS 2',48,45,'61448.00','9832.00','1485.00'),(1055,22,'DK2919','SET CARTUCHERA PVC DOKI',48,45,'61448.00','9832.00','1485.00'),(1056,22,'2919Y','SET CARTUCHERA PVC TOYSTORY',48,45,'61448.00','9832.00','1485.00'),(1057,22,'BEN2919','SET CARTUCHERA PVC BEN10',48,45,'61448.00','9832.00','1485.00'),(1058,22,'GR2919','SET CARTUCHERA PVC GENERATOR REX',48,45,'61448.00','9832.00','1485.00'),(1059,22,'3016R','SET CARTUCHERA METAL PRINCESA',24,45,'59172.00','9468.00','2860.00'),(1060,22,'3016W','SET CARTUCHERA METAL BLANCANIEVES',24,45,'59172.00','9468.00','2860.00'),(1061,22,'3016N','SET CARTUCHERA METAL MINNIE',24,45,'59172.00','9468.00','2860.00'),(1062,22,'3016S','SET CARTUCHERA METAL CARS 2',24,45,'59172.00','9468.00','2860.00'),(1063,22,'3016Y','SET CARTUCHERA METAL TOYSTORY',24,45,'59172.00','9468.00','2860.00'),(1064,22,'BEN3016','SET CARTUCHERA METAL BEN 10',24,45,'59172.00','9468.00','2860.00'),(1065,23,'PR3601','MINI BLISTER SELLOS INTERCAMBIABLE PRINCESAS',64,45,'75862.00','12138.00','1375.00'),(1066,23,'SW3601','MINI BLISTER SELLOS INTERCAMBIABLE BLANCANIEVES',64,45,'75862.00','12138.00','1375.00'),(1067,23,'MN3601','MINI BLISTER SELLOS INTERCAMBIABLE MINNIE',64,45,'75862.00','12138.00','1375.00'),(1068,23,'TB3601','MINI BLISTER SELLOS INTERCAMBIABLE CAMPANITA',64,45,'75862.00','12138.00','1375.00'),(1069,23,'PR3602','BLISTER 4 SELLOS PRINCESAS',32,45,'59917.00','9587.00','2172.00'),(1070,23,'SW3602','BLISTER 4 SELLOS BLANCANIEVES',32,45,'59917.00','9587.00','2172.00'),(1071,23,'Mn3602','BLISTER 4 SELLOS MINNIE',32,45,'59917.00','9587.00','2172.00'),(1072,23,'TB3602','BLISTER 4 SELLOS CAMPANITA',32,45,'59917.00','9587.00','2172.00'),(1073,23,'PR3615','BLITER SELLOS Y MARCADORES PRINCESAS',32,45,'78124.00','12500.00','2832.00'),(1074,23,'SW3615','BLITER SELLOS Y MARCADORES BLANCANIEVES',32,45,'78124.00','12500.00','2832.00'),(1075,23,'MK3615','BLITER SELLOS Y MARCADORES MICKEY',32,45,'78124.00','12500.00','2832.00'),(1076,23,'MN3615','BLITER SELLOS Y MARCADORES MINNIE',32,45,'78124.00','12500.00','2832.00'),(1077,23,'TB3615','BLITER SELLOS Y MARCADORES CAMPANITA',32,45,'78124.00','12500.00','2832.00'),(1078,23,'CS3615','BLITER SELLOS Y MARCADORES CAR',32,45,'78124.00','12500.00','2832.00'),(1079,23,'DK3615','BLITER SELLOS Y MARCADORES DOKI',32,45,'78124.00','12500.00','2832.00'),(1080,23,'3619R','BLISTER BOLIGRAFO CON LIBRETA PRINCESAS',32,45,'50068.00','8012.00','1815.00'),(1081,23,'3619W','BLISTER BOLIGRAFO CON LIBRETA BLANCANIEVES',32,45,'50068.00','8012.00','1815.00'),(1082,23,'3619N','BLISTER BOLIGRAFO CON LIBRETA MINNIE',32,45,'50068.00','8012.00','1815.00'),(1083,23,'3619B','BLISTER BOLIGRAFO CON LIBRETA CAMPANITA',32,45,'50068.00','8012.00','1815.00'),(1084,23,'3619S','BLISTER BOLIGRAFO CON LIBRETA CAR',32,45,'50068.00','8012.00','1815.00'),(1085,23,'DK3619','BLISTER BOLIGRAFO CON LIBRETA DOKI',32,45,'50068.00','8012.00','1815.00'),(1086,23,'3759R','BLISTER SET 7 PIEZAS PRINCESAS',64,45,'91034.00','14566.00','1650.00'),(1087,23,'3759W','BLISTER SET 7 PIEZAS BLANCANIEVES',64,45,'91034.00','14566.00','1650.00'),(1088,23,'3759K','BLISTER SET 7 PIEZAS MICKEY',64,45,'91034.00','14566.00','1650.00'),(1089,23,'3759N','BLISTER SET 7 PIEZAS MINNIE',64,45,'91034.00','14566.00','1650.00'),(1090,23,'3759B','BLISTER SET 7 PIEZAS CAMPANITA',64,45,'91034.00','14566.00','1650.00'),(1091,23,'3759S','BLISTER SET 7 PIEZAS CAR',64,45,'91034.00','14566.00','1650.00'),(1092,23,'DK3759','BLISTER SET 7 PIEZAS DOKI',64,45,'91034.00','14566.00','1650.00'),(1093,23,'SPM3759','BLISTER SET 7 PIEZAS',64,45,'91034.00','14566.00','1650.00'),(1094,23,'GR3759','BLISTER SET 7 PIEZAS REX',64,45,'91034.00','14566.00','1650.00'),(1095,23,'9470R','DIARIO GRANDE EN BOLSA PRINCESAS',24,45,'102413.00','16387.00','4950.00'),(1096,23,'9470W','DIARIO GRANDE EN BOLSA BLANCANIEVES',24,45,'102413.00','16387.00','4950.00'),(1097,23,'9470N','DIARIO GRANDE EN BOLSA MINNIE',24,45,'102413.00','16387.00','4950.00'),(1098,23,'9470B','DIARIO GRANDE EN BOLSA CAMPANITA',24,45,'102413.00','16387.00','4950.00'),(1099,23,'3644R','BLISTER DIARIO PEQUENO PRINCESAS',48,45,'159310.00','25490.00','3850.00'),(1100,23,'3644W','BLISTER DIARIO PEQUENO BLANCANIEVES',48,45,'159310.00','25490.00','3850.00'),(1101,23,'3644N','BLISTER DIARIO PEQUENO MINNIE',48,45,'159310.00','25490.00','3850.00'),(1102,23,'3644B','BLISTER DIARIO PEQUENO CAMPANITA',48,45,'159310.00','25490.00','3850.00'),(1103,23,'2016R','DIARIO EN BOLSA PRINCESAS',64,45,'110731.00','17717.00','2007.00'),(1104,23,'2016W','DIARIO EN BOLSA BLANCANIEVES',64,45,'110731.00','17717.00','2007.00'),(1105,23,'2016N','DIARIO EN BOLSA MINNIE',64,45,'110731.00','17717.00','2007.00'),(1106,23,'2016B','DIARIO EN BOLSA CAMPANITA',64,45,'110731.00','17717.00','2007.00'),(1107,23,'3008R','MINI SET 5 PIEZAS PRINCESAS',72,45,'75103.00','12017.00','1210.00'),(1108,23,'3008W','MINI SET 5 PIEZAS BLANCANIEVES',72,45,'75103.00','12017.00','1210.00'),(1109,23,'3008N','MINI SET 5 PIEZAS MINNIE',72,45,'75103.00','12017.00','1210.00'),(1110,23,'3008B','MINI SET 5 PIEZAS CAMPANITA',72,45,'75103.00','12017.00','1210.00'),(1111,23,'3008C','MINI SET 5 PIEZAS CAR',72,45,'75103.00','12017.00','1210.00'),(1112,23,'DK3008','MINI SET 5 PIEZAS DOKI',72,45,'75103.00','12017.00','1210.00'),(1113,23,'3007R','SET ESCOLAR 5 PZAS PRINCESAS',32,45,'44000.00','7040.00','1595.00'),(1114,23,'3007W','SET ESCOLAR 5 PZAS BLANCANIEVES',32,45,'44000.00','7040.00','1595.00'),(1115,23,'3007N','SET ESCOLAR 5 PZAS MINNIE',32,45,'44000.00','7040.00','1595.00'),(1116,23,'3007B','SET ESCOLAR 5 PZAS CAMPANITA',32,45,'44000.00','7040.00','1595.00'),(1117,23,'3007S','SET ESCOLAR 5 PZAS CAR',32,45,'44000.00','7040.00','1595.00'),(1118,23,'DK3007','SET ESCOLAR 5 PZAS DOKI',32,45,'44000.00','7040.00','1595.00'),(1119,23,'3007Y','SET ESCOLAR 5 PZAS TOY STORY',32,45,'44000.00','7040.00','1595.00'),(1120,23,'BEN3007','SET ESCOLAR 5 PZAS BEN 10',32,45,'44000.00','7040.00','1595.00'),(1121,23,'GR3007','SET ESCOLAR 5 PZAS REX',32,45,'44000.00','7040.00','1595.00'),(1122,23,'3627R','BLISTER SET ESCOLAR 5 PZAS PRINCESAS',24,45,'61448.00','9832.00','2970.00'),(1123,23,'3627W','BLISTER SET ESCOLAR 5 PZAS BLANCANIEVES',24,45,'61448.00','9832.00','2970.00'),(1124,23,'3627K','BLISTER SET ESCOLAR 5 PZAS MICKEY',24,45,'61448.00','9832.00','2970.00'),(1125,23,'3627N','BLISTER SET ESCOLAR 5 PZAS MINNIE',24,45,'61448.00','9832.00','2970.00'),(1126,23,'3627B','BLISTER SET ESCOLAR 5 PZAS CAMPANITA',24,45,'61448.00','9832.00','2970.00'),(1127,23,'3627S','BLISTER SET ESCOLAR 5 PZAS CAR',24,45,'61448.00','9832.00','2970.00'),(1128,23,'DK3627','BLISTER SET ESCOLAR 5 PZAS DOKI',24,45,'61448.00','9832.00','2970.00'),(1129,23,'3627Y','BLISTER SET ESCOLAR 5 PZAS TOY STORY',24,45,'61448.00','9832.00','2970.00'),(1130,23,'BEN3627','BLISTER SET ESCOLAR 5 PZAS BEN 10',24,45,'61448.00','9832.00','2970.00'),(1131,23,'GR3627','BLISTER SET ESCOLAR 5 PZAS REX',24,45,'61448.00','9832.00','2970.00'),(1132,23,'SPM3627','BLISTER SET ESCOLAR 5 PZAS',24,45,'61448.00','9832.00','2970.00'),(1133,23,'3512R','SET 2 BORRADORES LABIAL PRINCESAS',128,45,'106151.00','16985.00','962.00'),(1134,23,'3512B','SET 2 BORRADORES LABIAL CAMPANITA',128,45,'106151.00','16985.00','962.00'),(1135,23,'5207R','SET 6 BORRADORES PRINCESA',80,45,'41724.00','6676.00','605.00'),(1136,23,'5207W','SET 6 BORRADORES BLANCANIEVES',80,45,'41724.00','6676.00','605.00'),(1137,23,'5207N','SET 6 BORRADORES MINNIE',80,45,'41724.00','6676.00','605.00'),(1138,23,'5207B','SET 6 BORRADORES CAMPANITA',80,45,'41724.00','6676.00','605.00'),(1139,23,'5207S','SET 6 BORRADORES CAR',80,45,'41724.00','6676.00','605.00'),(1140,23,'2981K','SET 2 BORRADORES MICKEY',108,45,'40965.00','6555.00','440.00'),(1141,23,'DK2981','SET 2 BORRADORES DOKI',108,45,'40965.00','6555.00','440.00'),(1142,23,'BEN2981','SET 2 BORRADORES BEN 10',108,45,'40965.00','6555.00','440.00'),(1143,23,'GR2981','SET 2 BORRADORES GENERATOR REX',108,45,'40965.00','6555.00','440.00'),(1144,23,'2385R','SACAPUNTAS PRINCESA PRINCESAS',144,45,'81931.00','13109.00','660.00'),(1145,23,'2385W','SACAPUNTAS BLANCANIEVES',144,45,'81931.00','13109.00','660.00'),(1146,23,'2385N','SACAPUNTAS MINNIE',144,45,'81931.00','13109.00','660.00'),(1147,23,'2385B','SACAPUNTAS CAMPANITA',144,45,'81931.00','13109.00','660.00'),(1148,23,'2388K','SACAPUNTAS MICKEY',128,45,'84965.00','13595.00','770.00'),(1149,23,'2388S','SACAPUNTAS CARS 2',128,45,'84965.00','13595.00','770.00'),(1150,23,'DK2388','SACAPUNTAS DOKI',128,45,'84965.00','13595.00','770.00'),(1151,23,'2388Y','SACAPUNTAS TOYSTORY',128,45,'84965.00','13595.00','770.00'),(1152,23,'BEN2388','SACAPUNTAS BEN 10',128,45,'84965.00','13595.00','770.00'),(1153,23,'GR2388','SACAPUNTAS GENERATOR REX',128,45,'84965.00','13595.00','770.00'),(1154,23,'2099R','REGLA 30 CM PRINCESA PRINCESAS',96,45,'68275.00','10925.00','825.00'),(1155,23,'2099W','REGLA 30 CM BLANCANIEVES',96,45,'68275.00','10925.00','825.00'),(1156,23,'2099N','REGLA 30 CM MINNIE',96,45,'68275.00','10925.00','825.00'),(1157,23,'2099K','REGLA 30 CM MICKEY',96,45,'68275.00','10925.00','825.00'),(1158,23,'2099B','REGLA 30 CM CAMPANITA',96,45,'68275.00','10925.00','825.00'),(1159,23,'2099S','REGLA 30 CM CARS 2',96,45,'68275.00','10925.00','825.00'),(1160,23,'DK2099','REGLA 30 CM DOKI',96,45,'68275.00','10925.00','825.00'),(1161,23,'2099Y','REGLA 30 CM TOYSTORY',96,45,'68275.00','10925.00','825.00'),(1162,23,'BEN2099','REGLA 30 CM BEN 10',96,45,'68275.00','10925.00','825.00'),(1163,23,'GR2099','REGLA 30 CM GENERATOR REX',96,45,'68275.00','10925.00','825.00'),(1164,23,'3009R','SET 5 LAPICES PRINCESA',160,45,'94758.00','15162.00','687.00'),(1165,23,'3009W','SET 5 LAPICES BLANCANIEVES',160,45,'94758.00','15162.00','687.00'),(1166,23,'3009N','SET 5 LAPICES MINNIE',160,45,'94758.00','15162.00','687.00'),(1167,23,'3009K','SET 5 LAPICES MICKEY',160,45,'94758.00','15162.00','687.00'),(1168,23,'3009B','SET 5 LAPICES CAMPANITA',160,45,'94758.00','15162.00','687.00'),(1169,23,'3009S','SET 5 LAPICES CARS 2',160,45,'94758.00','15162.00','687.00'),(1170,23,'DK3009','SET 5 LAPICES DOKI',160,45,'94758.00','15162.00','687.00'),(1171,23,'3009Y','SET 5 LAPICES TOYSTORY',160,45,'94758.00','15162.00','687.00'),(1172,23,'BEN3009','SET 5 LAPICES BEN10',160,45,'94758.00','15162.00','687.00'),(1173,23,'GR3009','SET 5 LAPICES GENERATOR REX',160,45,'94758.00','15162.00','687.00'),(1174,23,'SPM3009','SET 5 LAPICES SPIDERMAN',160,45,'94758.00','15162.00','687.00'),(1175,23,'2919B','SET CARTUCHERA PVC CAMPANITA',96,45,'122896.00','19664.00','1485.00'),(1176,23,'2919W','SET CARTUCHERA PVC BLANCANIEVES',48,45,'61448.00','9832.00','1485.00'),(1177,23,'2919N','SET CARTUCHERA PVC MINNIE',48,45,'61448.00','9832.00','1485.00'),(1178,23,'2919K','SET CARTUCHERA PVC MICKEY',48,45,'61448.00','9832.00','1485.00'),(1179,23,'2919S','SET CARTUCHERA PVC CARS 2',48,45,'61448.00','9832.00','1485.00'),(1180,23,'DK2919','SET CARTUCHERA PVC DOKI',48,45,'61448.00','9832.00','1485.00'),(1181,23,'2919Y','SET CARTUCHERA PVC TOYSTORY',48,45,'61448.00','9832.00','1485.00'),(1182,23,'BEN2919','SET CARTUCHERA PVC BEN10',48,45,'61448.00','9832.00','1485.00'),(1183,23,'GR2919','SET CARTUCHERA PVC GENERATOR REX',48,45,'61448.00','9832.00','1485.00'),(1184,23,'3016R','SET CARTUCHERA METAL PRINCESA',24,45,'59172.00','9468.00','2860.00'),(1185,23,'3016W','SET CARTUCHERA METAL BLANCANIEVES',24,45,'59172.00','9468.00','2860.00'),(1186,23,'3016N','SET CARTUCHERA METAL MINNIE',24,45,'59172.00','9468.00','2860.00'),(1187,23,'3016S','SET CARTUCHERA METAL CARS 2',24,45,'59172.00','9468.00','2860.00'),(1188,23,'3016Y','SET CARTUCHERA METAL TOYSTORY',24,45,'59172.00','9468.00','2860.00'),(1189,23,'BEN3016','SET CARTUCHERA METAL BEN 10',24,45,'59172.00','9468.00','2860.00'),(1190,24,'PR5099','JUEGO KATCH LIGHT PRINCESAS',1,50,'2456.00','394.00','2850.00'),(1191,24,'CS5099','JUEGO KATCH LIGHT CARS',2,50,'4913.00','787.00','2850.00'),(1192,24,'3644W','BLISTER DIARIO PEQUENO BLANCANIEVES',7,50,'21120.00','3380.00','3500.00'),(1193,24,'3644B','BLISTER DIARIO PEQUENO CAMPANITA',7,50,'21120.00','3380.00','3500.00'),(1194,24,'3644N','BLISTER DIARIO PEQUENO MINNIE',7,50,'21120.00','3380.00','3500.00'),(1195,24,'3644R','BLISTER DIARIO PEQUENO PRINCESAS',8,50,'24137.00','3863.00','3500.00'),(1196,24,'2016W','DIARIO EN BOLSA BLANCANIEVES',9,50,'14159.00','2266.00','1825.00'),(1197,24,'2016B','DIARIO EN BOLSA CAMPANITA',9,50,'14159.00','2266.00','1825.00'),(1198,24,'2016N','DIARIO EN BOLSA MINNIE',9,50,'14159.00','2266.00','1825.00'),(1199,24,'2016R','DIARIO EN BOLSA PRINCESAS',9,50,'14159.00','2266.00','1825.00'),(1200,24,'9470B','DIARIO GRANDE EN BOLSA CAMPANITA',6,50,'23275.00','3725.00','4500.00'),(1201,24,'BEN8002','YOYO BEN10',9,50,'11250.00','1800.00','1450.00'),(1202,24,'CS8002','YOYO CARS',8,50,'10000.00','1600.00','1450.00'),(1203,24,'GR8002','YOYO GENERADOR REX',11,50,'13750.00','2200.00','1450.00'),(1204,24,'3619S','BLISTER BOLIGRAFO CON LIBRETA CAR',12,50,'17068.00','2732.00','1650.00'),(1205,24,'DK3619','BLISTER BOLIGRAFO CON LIBRETA DOKI',11,50,'15646.00','2504.00','1650.00');
/*!40000 ALTER TABLE `facturas_detalle` ENABLE KEYS */;
UNLOCK TABLES;

--
-- Table structure for table `facturas_pagos`
--

DROP TABLE IF EXISTS `facturas_pagos`;
/*!40101 SET @saved_cs_client     = @@character_set_client */;
/*!40101 SET character_set_client = utf8 */;
CREATE TABLE `facturas_pagos` (
  `id` int(10) unsigned NOT NULL AUTO_INCREMENT,
  `facturas_id` int(10) unsigned NOT NULL,
  `forma_pago` int(10) unsigned NOT NULL,
  `descripcion` varchar(70) COLLATE utf8_unicode_ci NOT NULL,
  `valor` decimal(16,2) NOT NULL,
  PRIMARY KEY (`id`),
  KEY `facturas_id` (`facturas_id`)
) ENGINE=InnoDB AUTO_INCREMENT=25 DEFAULT CHARSET=utf8 COLLATE=utf8_unicode_ci;
/*!40101 SET character_set_client = @saved_cs_client */;

--
-- Dumping data for table `facturas_pagos`
--

LOCK TABLES `facturas_pagos` WRITE;
/*!40000 ALTER TABLE `facturas_pagos` DISABLE KEYS */;
INSERT INTO `facturas_pagos` VALUES (1,1,1,'EFECTIVO','9095.00'),(2,2,1,'EFECTIVO','3405.00'),(3,3,1,'EFECTIVO','3405.00'),(4,4,4,'CREDIPAGO','1917052.00'),(5,5,1,'EFECTIVO','379.00'),(6,6,7,'CUENTAS POR COBRAR','448.00'),(7,7,7,'CUENTAS POR COBRAR','640.00'),(8,8,7,'CUENTAS POR COBRAR','5810376.00'),(9,9,4,'CREDIPAGO','17686296.00'),(10,10,7,'CUENTAS POR COBRAR','8441736.00'),(11,11,4,'CREDIPAGO','3991192.00'),(12,12,4,'CREDIPAGO','3560880.00'),(13,13,4,'CREDIPAGO','2217528.00'),(14,14,4,'CREDIPAGO','3232530.00'),(15,15,4,'CREDIPAGO','7276368.00'),(16,16,4,'CREDIPAGO','2500020.00'),(17,17,4,'CREDIPAGO','2512122.00'),(18,18,4,'CREDIPAGO','3493576.00'),(19,19,4,'CREDIPAGO','3493576.00'),(20,20,4,'CREDIPAGO','3493576.00'),(21,21,4,'CREDIPAGO','10833248.00'),(22,22,4,'CREDIPAGO','10833248.00'),(23,23,4,'CREDIPAGO','10833248.00'),(24,24,4,'CREDIPAGO','281300.00');
/*!40000 ALTER TABLE `facturas_pagos` ENABLE KEYS */;
UNLOCK TABLES;

--
-- Table structure for table `terceros`
--

DROP TABLE IF EXISTS `terceros`;
/*!40101 SET @saved_cs_client     = @@character_set_client */;
/*!40101 SET character_set_client = utf8 */;
CREATE TABLE `terceros` (
  `id` int(10) unsigned NOT NULL AUTO_INCREMENT,
  `documento` char(20) COLLATE utf8_unicode_ci NOT NULL,
  `apellidos` varchar(70) COLLATE utf8_unicode_ci NOT NULL,
  `nombres` varchar(70) COLLATE utf8_unicode_ci NOT NULL,
  `telefono` varchar(70) COLLATE utf8_unicode_ci DEFAULT NULL,
  `direccion` varchar(70) COLLATE utf8_unicode_ci DEFAULT NULL,
  `estado` char(1) COLLATE utf8_unicode_ci NOT NULL,
  PRIMARY KEY (`id`)
) ENGINE=InnoDB DEFAULT CHARSET=utf8 COLLATE=utf8_unicode_ci;
/*!40101 SET character_set_client = @saved_cs_client */;

--
-- Dumping data for table `terceros`
--

LOCK TABLES `terceros` WRITE;
/*!40000 ALTER TABLE `terceros` DISABLE KEYS */;
/*!40000 ALTER TABLE `terceros` ENABLE KEYS */;
UNLOCK TABLES;
/*!40103 SET TIME_ZONE=@OLD_TIME_ZONE */;

/*!40101 SET SQL_MODE=@OLD_SQL_MODE */;
/*!40014 SET FOREIGN_KEY_CHECKS=@OLD_FOREIGN_KEY_CHECKS */;
/*!40014 SET UNIQUE_CHECKS=@OLD_UNIQUE_CHECKS */;
/*!40101 SET CHARACTER_SET_CLIENT=@OLD_CHARACTER_SET_CLIENT */;
/*!40101 SET CHARACTER_SET_RESULTS=@OLD_CHARACTER_SET_RESULTS */;
/*!40101 SET COLLATION_CONNECTION=@OLD_COLLATION_CONNECTION */;
/*!40111 SET SQL_NOTES=@OLD_SQL_NOTES */;

-- Dump completed on 2011-12-20 13:21:22
