-- MySQL dump 10.14  Distrib 5.5.32-MariaDB, for debian-linux-gnu (i686)
--
-- Host: localhost    Database: hfos_identity
-- ------------------------------------------------------
-- Server version	5.5.32-MariaDB-1~wheezy-log

/*!40101 SET @OLD_CHARACTER_SET_CLIENT=@@CHARACTER_SET_CLIENT */;
/*!40101 SET @OLD_CHARACTER_SET_RESULTS=@@CHARACTER_SET_RESULTS */;
/*!40101 SET @OLD_COLLATION_CONNECTION=@@COLLATION_CONNECTION */;
/*!40101 SET NAMES utf8 */;
/*!40103 SET @OLD_TIME_ZONE=@@TIME_ZONE */;
/*!40103 SET TIME_ZONE='+00:00' */;
/*!40014 SET @OLD_UNIQUE_CHECKS=@@UNIQUE_CHECKS, UNIQUE_CHECKS=0 */;
/*!40014 SET @OLD_FOREIGN_KEY_CHECKS=@@FOREIGN_KEY_CHECKS, FOREIGN_KEY_CHECKS=0 */;
/*!40101 SET @OLD_SQL_MODE=@@SQL_MODE, SQL_MODE='NO_AUTO_VALUE_ON_ZERO' */;
/*!40111 SET @OLD_SQL_NOTES=@@SQL_NOTES, SQL_NOTES=0 */;

--
-- Table structure for table `aplicaciones`
--

DROP TABLE IF EXISTS `aplicaciones`;
/*!40101 SET @saved_cs_client     = @@character_set_client */;
/*!40101 SET character_set_client = utf8 */;
CREATE TABLE `aplicaciones` (
  `id` int(10) unsigned NOT NULL AUTO_INCREMENT,
  `codigo` char(2) COLLATE utf8_unicode_ci DEFAULT NULL,
  `nombre` varchar(40) COLLATE utf8_unicode_ci NOT NULL,
  `serial` char(48) COLLATE utf8_unicode_ci NOT NULL,
  `tipo` char(1) COLLATE utf8_unicode_ci DEFAULT 'F',
  `instalada` char(1) COLLATE utf8_unicode_ci NOT NULL,
  PRIMARY KEY (`id`)
) ENGINE=InnoDB AUTO_INCREMENT=11 DEFAULT CHARSET=utf8 COLLATE=utf8_unicode_ci;
/*!40101 SET character_set_client = @saved_cs_client */;

--
-- Dumping data for table `aplicaciones`
--

LOCK TABLES `aplicaciones` WRITE;
/*!40000 ALTER TABLE `aplicaciones` DISABLE KEYS */;
INSERT INTO `aplicaciones` VALUES (1,'CO','Contabilidad','','B','S'),(2,'IN','Inventarios','','B','S'),(3,'NO','Nomina','','B','N'),(4,'FO','Front-Office','','F','N'),(5,'PV','Punto de Venta','','F','N'),(6,'IM','Administracion','','B','S'),(7,'FC','Facturador','','B','N'),(8,'TC','Tiempo Compartido','','B','S'),(9,'SO','Socios','','B','S'),(10,'CN','Consecutivos','','B','S');
/*!40000 ALTER TABLE `aplicaciones` ENABLE KEYS */;
UNLOCK TABLES;

--
-- Table structure for table `aplicativos`
--

DROP TABLE IF EXISTS `aplicativos`;
/*!40101 SET @saved_cs_client     = @@character_set_client */;
/*!40101 SET character_set_client = utf8 */;
CREATE TABLE `aplicativos` (
  `id` int(10) unsigned NOT NULL AUTO_INCREMENT,
  `nombre` varchar(40) COLLATE utf8_unicode_ci NOT NULL,
  `serial` char(48) COLLATE utf8_unicode_ci NOT NULL,
  PRIMARY KEY (`id`)
) ENGINE=InnoDB AUTO_INCREMENT=6 DEFAULT CHARSET=utf8 COLLATE=utf8_unicode_ci;
/*!40101 SET character_set_client = @saved_cs_client */;

--
-- Dumping data for table `aplicativos`
--

LOCK TABLES `aplicativos` WRITE;
/*!40000 ALTER TABLE `aplicativos` DISABLE KEYS */;
INSERT INTO `aplicativos` VALUES (1,'Contabilidad',''),(2,'Inventarios',''),(3,'Nomina',''),(4,'Front-Office',''),(5,'Punto de Venta','');
/*!40000 ALTER TABLE `aplicativos` ENABLE KEYS */;
UNLOCK TABLES;

--
-- Table structure for table `perfiles`
--

DROP TABLE IF EXISTS `perfiles`;
/*!40101 SET @saved_cs_client     = @@character_set_client */;
/*!40101 SET character_set_client = utf8 */;
CREATE TABLE `perfiles` (
  `id` int(10) unsigned NOT NULL AUTO_INCREMENT,
  `nombre` varchar(70) COLLATE utf8_unicode_ci NOT NULL,
  `aplicaciones_id` int(11) NOT NULL,
  PRIMARY KEY (`id`)
) ENGINE=InnoDB AUTO_INCREMENT=14 DEFAULT CHARSET=utf8 COLLATE=utf8_unicode_ci;
/*!40101 SET character_set_client = @saved_cs_client */;

--
-- Dumping data for table `perfiles`
--

LOCK TABLES `perfiles` WRITE;
/*!40000 ALTER TABLE `perfiles` DISABLE KEYS */;
INSERT INTO `perfiles` VALUES (1,'Administrador Contable',1),(2,'Administrador Inventarios',2),(3,'Administrador del Sistema',6),(4,'Administrador Nomina',3),(5,'Auxiliar Contable',1),(6,'Administrador Front',4),(7,'Administrador del Facturador',7),(8,'Administrador Tiempo Compartido',8),(9,'Administrador Socios',9),(10,'Administrador Consecutivos',10),(11,'Registro Socios',9),(13,'Pedidos al Almacen',2);
/*!40000 ALTER TABLE `perfiles` ENABLE KEYS */;
UNLOCK TABLES;

--
-- Table structure for table `perfiles_permisos`
--

DROP TABLE IF EXISTS `perfiles_permisos`;
/*!40101 SET @saved_cs_client     = @@character_set_client */;
/*!40101 SET character_set_client = utf8 */;
CREATE TABLE `perfiles_permisos` (
  `id` int(10) unsigned NOT NULL AUTO_INCREMENT,
  `perfiles_id` int(10) unsigned NOT NULL,
  `permisos_id` int(10) unsigned DEFAULT NULL,
  `aplicaciones_id` int(10) unsigned NOT NULL,
  `controller` varchar(100) COLLATE utf8_unicode_ci NOT NULL,
  `action` varchar(100) COLLATE utf8_unicode_ci NOT NULL,
  PRIMARY KEY (`id`),
  UNIQUE KEY `perfiles_id` (`perfiles_id`,`permisos_id`),
  KEY `aplicaciones_id` (`aplicaciones_id`),
  CONSTRAINT `perfiles_permisos_ibfk_1` FOREIGN KEY (`aplicaciones_id`) REFERENCES `aplicaciones` (`id`)
) ENGINE=InnoDB AUTO_INCREMENT=17379 DEFAULT CHARSET=utf8 COLLATE=utf8_unicode_ci;
/*!40101 SET character_set_client = @saved_cs_client */;

--
-- Dumping data for table `perfiles_permisos`
--

LOCK TABLES `perfiles_permisos` WRITE;
/*!40000 ALTER TABLE `perfiles_permisos` DISABLE KEYS */;
INSERT INTO `perfiles_permisos` VALUES (369,1,NULL,2,'ordenes','new'),(370,1,NULL,2,'ordenes','edit'),(371,1,NULL,2,'ordenes','search'),(5487,6,NULL,4,'departamentos','index'),(5488,6,NULL,4,'departamentos','save'),(5489,6,NULL,4,'departamentos','delete'),(5490,6,NULL,4,'departamentos','search'),(5491,6,NULL,4,'departamentos','rcs'),(5894,4,NULL,3,'liquidacion','index'),(5895,4,NULL,3,'empleados','index'),(5896,4,NULL,3,'empleados','save'),(5897,4,NULL,3,'empleados','delete'),(5898,4,NULL,3,'empleados','search'),(5899,4,NULL,3,'empleados','rcs'),(5900,4,NULL,3,'contratos','index'),(5901,4,NULL,3,'contratos','save'),(5902,4,NULL,3,'contratos','delete'),(5903,4,NULL,3,'contratos','search'),(5904,4,NULL,3,'contratos','rcs'),(5905,4,NULL,3,'cargos','index'),(5906,4,NULL,3,'cargos','save'),(5907,4,NULL,3,'cargos','delete'),(5908,4,NULL,3,'cargos','search'),(5909,4,NULL,3,'cargos','rcs'),(5910,4,NULL,3,'ubicacion','index'),(5911,4,NULL,3,'ubicacion','save'),(5912,4,NULL,3,'ubicacion','delete'),(5913,4,NULL,3,'ubicacion','search'),(5914,4,NULL,3,'ubicacion','rcs'),(5915,4,NULL,3,'fondos','index'),(5916,4,NULL,3,'fondos','save'),(5917,4,NULL,3,'fondos','delete'),(5918,4,NULL,3,'fondos','search'),(5919,4,NULL,3,'fondos','rcs'),(5920,4,NULL,3,'conceptos_basicos','index'),(5921,4,NULL,3,'conceptos_basicos','save'),(5922,4,NULL,3,'conceptos_basicos','delete'),(5923,4,NULL,3,'conceptos_basicos','search'),(5924,4,NULL,3,'conceptos_basicos','rcs'),(5925,4,NULL,3,'conceptos_devengos','index'),(5926,4,NULL,3,'conceptos_devengos','save'),(5927,4,NULL,3,'conceptos_devengos','delete'),(5928,4,NULL,3,'conceptos_devengos','search'),(5929,4,NULL,3,'conceptos_devengos','rcs'),(5930,4,NULL,3,'conceptos_descuentos','index'),(5931,4,NULL,3,'conceptos_descuentos','save'),(5932,4,NULL,3,'conceptos_descuentos','delete'),(5933,4,NULL,3,'conceptos_descuentos','search'),(5934,4,NULL,3,'conceptos_descuentos','rcs'),(5935,4,NULL,3,'conceptos_licencias','index'),(5936,4,NULL,3,'conceptos_licencias','save'),(5937,4,NULL,3,'conceptos_licencias','delete'),(5938,4,NULL,3,'conceptos_licencias','search'),(5939,4,NULL,3,'conceptos_licencias','rcs'),(5940,4,NULL,3,'retencion','index'),(5941,4,NULL,3,'retencion','save'),(5942,4,NULL,3,'retencion','delete'),(5943,4,NULL,3,'retencion','search'),(5944,4,NULL,3,'retencion','rcs'),(5945,4,NULL,3,'concentro','index'),(5946,4,NULL,3,'concentro','save'),(5947,4,NULL,3,'concentro','delete'),(5948,4,NULL,3,'concentro','search'),(5949,4,NULL,3,'concentro','rcs'),(5950,4,NULL,3,'settings','index'),(5951,4,NULL,3,'settings','save'),(11947,8,NULL,8,'reservas','index'),(11948,8,NULL,8,'reservas','save'),(11949,8,NULL,8,'reservas','delete'),(11950,8,NULL,8,'reservas','search'),(11951,8,NULL,8,'reservas','rcs'),(11952,8,NULL,8,'contratos','index'),(11953,8,NULL,8,'contratos','save'),(11954,8,NULL,8,'contratos','delete'),(11955,8,NULL,8,'contratos','search'),(11956,8,NULL,8,'contratos','rcs'),(11957,8,NULL,8,'proyeccion','index'),(11958,8,NULL,8,'proyeccion','generar'),(11959,8,NULL,8,'abono_reserva','index'),(11960,8,NULL,8,'abono_reserva','abono'),(11961,8,NULL,8,'abono_contrato','index'),(11962,8,NULL,8,'abono_contrato','abono'),(11963,8,NULL,8,'socios_aldia','index'),(11964,8,NULL,8,'socios_aldia','generar'),(11965,8,NULL,8,'cartera_edades','index'),(11966,8,NULL,8,'cartera_edades','generar'),(11967,8,NULL,8,'proyeccion_cartera','index'),(11968,8,NULL,8,'proyeccion_cartera','generar'),(11969,8,NULL,8,'cartera_consolidada','index'),(11970,8,NULL,8,'cartera_consolidada','generar'),(11971,8,NULL,8,'propietarios','index'),(11972,8,NULL,8,'propietarios','generar'),(11973,8,NULL,8,'empresa','index'),(11974,8,NULL,8,'empresa','save'),(11975,8,NULL,8,'empresa','delete'),(11976,8,NULL,8,'empresa','search'),(11977,8,NULL,8,'empresa','rcs'),(11978,8,NULL,8,'cuentas','index'),(11979,8,NULL,8,'cuentas','save'),(11980,8,NULL,8,'cuentas','delete'),(11981,8,NULL,8,'cuentas','search'),(11982,8,NULL,8,'cuentas','rcs'),(11983,8,NULL,8,'tipo_contrato','index'),(11984,8,NULL,8,'tipo_contrato','save'),(11985,8,NULL,8,'tipo_contrato','delete'),(11986,8,NULL,8,'tipo_contrato','search'),(11987,8,NULL,8,'tipo_contrato','rcs'),(11988,8,NULL,8,'interes_usura','index'),(11989,8,NULL,8,'interes_usura','save'),(11990,8,NULL,8,'interes_usura','delete'),(11991,8,NULL,8,'interes_usura','search'),(11992,8,NULL,8,'interes_usura','rcs'),(11993,8,NULL,8,'estado_civil','index'),(11994,8,NULL,8,'estado_civil','save'),(11995,8,NULL,8,'estado_civil','delete'),(11996,8,NULL,8,'estado_civil','search'),(11997,8,NULL,8,'estado_civil','rcs'),(11998,8,NULL,8,'tipo_documento','index'),(11999,8,NULL,8,'tipo_documento','save'),(12000,8,NULL,8,'tipo_documento','delete'),(12001,8,NULL,8,'tipo_documento','search'),(12002,8,NULL,8,'tipo_documento','rcs'),(12003,8,NULL,8,'profesion','index'),(12004,8,NULL,8,'profesion','save'),(12005,8,NULL,8,'profesion','delete'),(12006,8,NULL,8,'profesion','search'),(12007,8,NULL,8,'profesion','rcs'),(12008,8,NULL,8,'membresia','index'),(12009,8,NULL,8,'membresia','save'),(12010,8,NULL,8,'membresia','delete'),(12011,8,NULL,8,'membresia','search'),(12012,8,NULL,8,'membresia','rcs'),(12013,8,NULL,8,'tipo_socios','index'),(12014,8,NULL,8,'tipo_socios','save'),(12015,8,NULL,8,'tipo_socios','delete'),(12016,8,NULL,8,'tipo_socios','search'),(12017,8,NULL,8,'tipo_socios','rcs'),(12018,8,NULL,8,'temporada','index'),(12019,8,NULL,8,'temporada','save'),(12020,8,NULL,8,'temporada','delete'),(12021,8,NULL,8,'temporada','search'),(12022,8,NULL,8,'temporada','rcs'),(12023,8,NULL,8,'premio','index'),(12024,8,NULL,8,'premio','save'),(12025,8,NULL,8,'premio','delete'),(12026,8,NULL,8,'premio','search'),(12027,8,NULL,8,'premio','rcs'),(12028,8,NULL,8,'motivo_desistimiento','index'),(12029,8,NULL,8,'motivo_desistimiento','save'),(12030,8,NULL,8,'motivo_desistimiento','delete'),(12031,8,NULL,8,'motivo_desistimiento','search'),(12032,8,NULL,8,'motivo_desistimiento','rcs'),(12033,8,NULL,8,'formas_pago','index'),(12034,8,NULL,8,'formas_pago','save'),(12035,8,NULL,8,'formas_pago','delete'),(12036,8,NULL,8,'formas_pago','search'),(12037,8,NULL,8,'formas_pago','rcs'),(12038,8,NULL,8,'derecho_afiliacion','index'),(12039,8,NULL,8,'derecho_afiliacion','save'),(12040,8,NULL,8,'derecho_afiliacion','delete'),(12041,8,NULL,8,'derecho_afiliacion','search'),(12042,8,NULL,8,'derecho_afiliacion','rcs'),(12043,8,NULL,8,'settings','index'),(12044,8,NULL,8,'settings','save'),(12045,8,NULL,8,'migrar','index'),(12401,10,NULL,10,'consecutivo','index'),(12402,10,NULL,10,'consecutivo','save'),(12403,10,NULL,10,'consecutivo','delete'),(12404,10,NULL,10,'consecutivo','search'),(12405,10,NULL,10,'consecutivo','rcs'),(14009,12,NULL,2,'salidas','index'),(14010,12,NULL,2,'salidas','new'),(14011,12,NULL,2,'salidas','edit'),(14012,12,NULL,2,'salidas','delete'),(14013,12,NULL,2,'salidas','search'),(14014,12,NULL,2,'salidas','report'),(14015,2,NULL,2,'ordenes','index'),(14016,2,NULL,2,'ordenes','new'),(14017,2,NULL,2,'ordenes','edit'),(14018,2,NULL,2,'ordenes','delete'),(14019,2,NULL,2,'ordenes','search'),(14020,2,NULL,2,'ordenes','report'),(14021,2,NULL,2,'ordenes','puedeReAbrir'),(14022,2,NULL,2,'entradas','index'),(14023,2,NULL,2,'entradas','new'),(14024,2,NULL,2,'entradas','edit'),(14025,2,NULL,2,'entradas','delete'),(14026,2,NULL,2,'entradas','search'),(14027,2,NULL,2,'entradas','report'),(14028,2,NULL,2,'salidas','index'),(14029,2,NULL,2,'salidas','new'),(14030,2,NULL,2,'salidas','edit'),(14031,2,NULL,2,'salidas','delete'),(14032,2,NULL,2,'salidas','search'),(14033,2,NULL,2,'salidas','report'),(14034,2,NULL,2,'ajustes','index'),(14035,2,NULL,2,'ajustes','new'),(14036,2,NULL,2,'ajustes','edit'),(14037,2,NULL,2,'ajustes','delete'),(14038,2,NULL,2,'ajustes','search'),(14039,2,NULL,2,'ajustes','report'),(14040,2,NULL,2,'traslados','index'),(14041,2,NULL,2,'traslados','new'),(14042,2,NULL,2,'traslados','edit'),(14043,2,NULL,2,'traslados','delete'),(14044,2,NULL,2,'traslados','search'),(14045,2,NULL,2,'traslados','report'),(14046,2,NULL,2,'fisico','index'),(14047,2,NULL,2,'fisico','consultar'),(14048,2,NULL,2,'salidas','index'),(14049,2,NULL,2,'salidas','new'),(14050,2,NULL,2,'salidas','edit'),(14051,2,NULL,2,'salidas','delete'),(14052,2,NULL,2,'salidas','search'),(14053,2,NULL,2,'salidas','report'),(14054,2,NULL,2,'pedidos','index'),(14055,2,NULL,2,'pedidos','new'),(14056,2,NULL,2,'pedidos','edit'),(14057,2,NULL,2,'pedidos','delete'),(14058,2,NULL,2,'pedidos','search'),(14059,2,NULL,2,'pedidos','report'),(14060,2,NULL,2,'transformaciones','index'),(14061,2,NULL,2,'transformaciones','new'),(14062,2,NULL,2,'transformaciones','edit'),(14063,2,NULL,2,'transformaciones','delete'),(14064,2,NULL,2,'transformaciones','search'),(14065,2,NULL,2,'transformaciones','report'),(14066,2,NULL,2,'kardex','index'),(14067,2,NULL,2,'saldos_almacen','index'),(14068,2,NULL,2,'saldos_almacen_consolidado','index'),(14069,2,NULL,2,'stocks','index'),(14070,2,NULL,2,'comportamiento','index'),(14071,2,NULL,2,'movimientos','index'),(14072,2,NULL,2,'consecutivos','index'),(14073,2,NULL,2,'trasunto','index'),(14074,2,NULL,2,'consumos','index'),(14075,2,NULL,2,'listado_referencias','index'),(14076,2,NULL,2,'listado_proveedores','index'),(14077,2,NULL,2,'horti','index'),(14078,2,NULL,2,'impresion','index'),(14079,2,NULL,2,'cerrar','index'),(14080,2,NULL,2,'reabrir','index'),(14081,2,NULL,2,'referencias','index'),(14082,2,NULL,2,'referencias','queryByItemAction'),(14083,2,NULL,2,'referencias','queryByNameAction'),(14084,2,NULL,2,'referencias','new'),(14085,2,NULL,2,'referencias','edit'),(14086,2,NULL,2,'referencias','delete'),(14087,2,NULL,2,'referencias','search'),(14088,2,NULL,2,'referencias','report'),(14089,2,NULL,2,'lineas','index'),(14090,2,NULL,2,'lineas','new'),(14091,2,NULL,2,'lineas','edit'),(14092,2,NULL,2,'lineas','delete'),(14093,2,NULL,2,'lineas','search'),(14094,2,NULL,2,'lineas','report'),(14095,2,NULL,2,'producto','index'),(14096,2,NULL,2,'producto','new'),(14097,2,NULL,2,'producto','edit'),(14098,2,NULL,2,'producto','delete'),(14099,2,NULL,2,'producto','search'),(14100,2,NULL,2,'producto','report'),(14101,2,NULL,2,'almacenes','index'),(14102,2,NULL,2,'almacenes','new'),(14103,2,NULL,2,'almacenes','edit'),(14104,2,NULL,2,'almacenes','delete'),(14105,2,NULL,2,'almacenes','search'),(14106,2,NULL,2,'almacenes','report'),(14107,2,NULL,2,'almacenes','import'),(14108,2,NULL,2,'centros','index'),(14109,2,NULL,2,'centros','new'),(14110,2,NULL,2,'centros','edit'),(14111,2,NULL,2,'centros','delete'),(14112,2,NULL,2,'centros','search'),(14113,2,NULL,2,'centros','report'),(14114,2,NULL,2,'centros','import'),(14115,2,NULL,2,'formapago','index'),(14116,2,NULL,2,'formapago','new'),(14117,2,NULL,2,'formapago','edit'),(14118,2,NULL,2,'formapago','delete'),(14119,2,NULL,2,'formapago','search'),(14120,2,NULL,2,'formapago','report'),(14121,2,NULL,2,'formapago','import'),(14122,2,NULL,2,'terceros','index'),(14123,2,NULL,2,'terceros','new'),(14124,2,NULL,2,'terceros','edit'),(14125,2,NULL,2,'terceros','delete'),(14126,2,NULL,2,'terceros','search'),(14127,2,NULL,2,'terceros','report'),(14128,2,NULL,2,'terceros','import'),(14129,2,NULL,2,'matriz_proveedores','index'),(14130,2,NULL,2,'criterios','index'),(14131,2,NULL,2,'criterios','new'),(14132,2,NULL,2,'criterios','edit'),(14133,2,NULL,2,'criterios','delete'),(14134,2,NULL,2,'criterios','search'),(14135,2,NULL,2,'criterios','report'),(14136,2,NULL,2,'criterios','import'),(14137,2,NULL,2,'unidades','index'),(14138,2,NULL,2,'unidades','new'),(14139,2,NULL,2,'unidades','edit'),(14140,2,NULL,2,'unidades','delete'),(14141,2,NULL,2,'unidades','search'),(14142,2,NULL,2,'unidades','report'),(14143,2,NULL,2,'unidades','import'),(14144,2,NULL,2,'magnitudes','index'),(14145,2,NULL,2,'magnitudes','new'),(14146,2,NULL,2,'magnitudes','edit'),(14147,2,NULL,2,'magnitudes','delete'),(14148,2,NULL,2,'magnitudes','search'),(14149,2,NULL,2,'magnitudes','report'),(14150,2,NULL,2,'magnitudes','import'),(14151,2,NULL,2,'conversion','index'),(14152,2,NULL,2,'conversion','new'),(14153,2,NULL,2,'conversion','edit'),(14154,2,NULL,2,'conversion','delete'),(14155,2,NULL,2,'conversion','search'),(14156,2,NULL,2,'conversion','report'),(14157,2,NULL,2,'conversion','import'),(14158,2,NULL,2,'cuentas','index'),(14159,2,NULL,2,'cuentas','queryCuenta'),(14160,2,NULL,2,'settings','index'),(14161,2,NULL,2,'settings','save'),(14340,13,NULL,2,'pedidos','index'),(14341,13,NULL,2,'pedidos','new'),(14342,13,NULL,2,'pedidos','edit'),(14343,13,NULL,2,'pedidos','delete'),(14344,13,NULL,2,'pedidos','search'),(14345,13,NULL,2,'pedidos','report'),(14346,3,NULL,6,'usuarios','index'),(14347,3,NULL,6,'usuarios','save'),(14348,3,NULL,6,'usuarios','delete'),(14349,3,NULL,6,'usuarios','search'),(14350,3,NULL,6,'usuarios','rcs'),(14351,3,NULL,6,'usuarios','config'),(14352,3,NULL,6,'sucursal','index'),(14353,3,NULL,6,'sucursal','save'),(14354,3,NULL,6,'sucursal','delete'),(14355,3,NULL,6,'sucursal','search'),(14356,3,NULL,6,'sucursal','rcs'),(14357,3,NULL,6,'perfiles','index'),(14358,3,NULL,6,'perfiles','save'),(14359,3,NULL,6,'perfiles','delete'),(14360,3,NULL,6,'perfiles','search'),(14361,3,NULL,6,'perfiles','rcs'),(14362,3,NULL,6,'perfiles_usuarios','index'),(14363,3,NULL,6,'perfiles_usuarios','save'),(14364,3,NULL,6,'perfiles_usuarios','delete'),(14365,3,NULL,6,'perfiles_usuarios','search'),(14366,3,NULL,6,'perfiles_usuarios','rcs'),(14367,3,NULL,6,'permisos_perfiles','index'),(14368,3,NULL,6,'permisos_perfiles','save'),(14369,3,NULL,6,'permisos_perfiles','delete'),(14370,3,NULL,6,'permisos_perfiles','search'),(14371,3,NULL,6,'permisos_perfiles','rcs'),(14372,3,NULL,6,'permisos_comprob','index'),(14373,3,NULL,6,'permisos_centros','index'),(14374,3,NULL,6,'magenta','index'),(14375,3,NULL,6,'console','index'),(15645,5,NULL,1,'movimiento','index'),(15646,5,NULL,1,'movimiento','buscar'),(15647,5,NULL,1,'movimiento','guardar'),(15648,5,NULL,1,'movimiento','eliminar'),(15649,5,NULL,1,'movimiento','cambiarFecha'),(15650,5,NULL,1,'movimiento','copiar'),(15651,5,NULL,1,'consultas','index'),(15652,5,NULL,1,'balance','index'),(15653,5,NULL,1,'libro_auxiliar','index'),(15654,5,NULL,1,'movimiento_terceros','index'),(15655,5,NULL,1,'movimiento_centros','index'),(15656,5,NULL,1,'balance_centros','index'),(15657,5,NULL,1,'comprobante_diario','index'),(15658,5,NULL,1,'listado_movimiento','index'),(15659,5,NULL,1,'listado_retencion','index'),(15660,5,NULL,1,'listado_comprob','index'),(15661,5,NULL,1,'retencion','index'),(15662,5,NULL,1,'movimiento_documentos','index'),(15663,5,NULL,1,'cartera_edades','index'),(15664,5,NULL,1,'recibo_caja','index'),(15665,5,NULL,1,'cheque','index'),(15666,5,NULL,1,'chequeras','index'),(15667,5,NULL,1,'chequeras','save'),(15668,5,NULL,1,'chequeras','delete'),(15669,5,NULL,1,'chequeras','search'),(15670,5,NULL,1,'chequeras','rcs'),(15671,5,NULL,1,'cuentas_bancos','index'),(15672,5,NULL,1,'cuentas_bancos','save'),(15673,5,NULL,1,'cuentas_bancos','delete'),(15674,5,NULL,1,'cuentas_bancos','search'),(15675,5,NULL,1,'cuentas_bancos','rcs'),(15676,5,NULL,1,'banco','index'),(15677,5,NULL,1,'banco','save'),(15678,5,NULL,1,'banco','delete'),(15679,5,NULL,1,'banco','search'),(15680,5,NULL,1,'banco','rcs'),(15681,5,NULL,1,'formato_cheque','index'),(15682,5,NULL,1,'cierre_contable','index'),(15683,5,NULL,1,'reabrir_mes','index'),(15684,5,NULL,1,'cuentas','index'),(15685,5,NULL,1,'cuentas','queryCuenta'),(15686,5,NULL,1,'terceros','index'),(15687,5,NULL,1,'terceros','save'),(15688,5,NULL,1,'terceros','search'),(15689,5,NULL,1,'terceros','rcs'),(15690,5,NULL,1,'tipodoc','index'),(15691,5,NULL,1,'tipodoc','save'),(15692,5,NULL,1,'tipodoc','search'),(15693,5,NULL,1,'tipodoc','rcs'),(15694,5,NULL,1,'comprobantes','index'),(15695,5,NULL,1,'comprobantes','save'),(15696,5,NULL,1,'comprobantes','search'),(15697,5,NULL,1,'comprobantes','rcs'),(15698,5,NULL,1,'diarios','index'),(15699,5,NULL,1,'diarios','save'),(15700,5,NULL,1,'diarios','search'),(15701,5,NULL,1,'diarios','rcs'),(15702,5,NULL,1,'documentos','index'),(15703,5,NULL,1,'documentos','save'),(15704,5,NULL,1,'documentos','search'),(15705,5,NULL,1,'documentos','rcs'),(15706,5,NULL,1,'formapago','index'),(15707,5,NULL,1,'formapago','save'),(15708,5,NULL,1,'formapago','search'),(15709,5,NULL,1,'formapago','rcs'),(15710,5,NULL,1,'regimen_cuentas','index'),(15711,5,NULL,1,'regimen_cuentas','save'),(15712,5,NULL,1,'regimen_cuentas','search'),(15713,5,NULL,1,'regimen_cuentas','rcs'),(15714,5,NULL,1,'centros','index'),(15715,5,NULL,1,'centros','save'),(15716,5,NULL,1,'centros','search'),(15717,5,NULL,1,'centros','rcs'),(15718,5,NULL,1,'settings','index'),(15719,5,NULL,1,'settings','save'),(16478,11,NULL,9,'socios','index'),(16479,11,NULL,9,'socios','search'),(16480,11,NULL,9,'socios','rcs'),(16481,11,NULL,9,'socios','queryCuenta'),(16482,11,NULL,9,'rechazos','index'),(16483,11,NULL,9,'rechazos','save'),(16484,11,NULL,9,'rechazos','delete'),(16485,11,NULL,9,'rechazos','search'),(16486,11,NULL,9,'rechazos','rcs'),(16487,11,NULL,9,'cambio_accion','index'),(16488,11,NULL,9,'cambio_accion','queryCuenta'),(16489,11,NULL,9,'asignacion_cargos','index'),(16490,11,NULL,9,'asignacion_cargos','save'),(16491,11,NULL,9,'asignacion_cargos_grupo','index'),(16492,11,NULL,9,'asignacion_cargos_grupo','asignar'),(16493,11,NULL,9,'asignacion_cargos_grupo','borrar'),(16494,11,NULL,9,'estados_socios','index'),(16495,11,NULL,9,'estados_socios','save'),(16496,11,NULL,9,'estados_socios','delete'),(16497,11,NULL,9,'estados_socios','search'),(16498,11,NULL,9,'estados_socios','rcs'),(16499,11,NULL,9,'asignacion_estados','index'),(16500,11,NULL,9,'asignacion_estados','save'),(16501,11,NULL,9,'asignacion_estados','delete'),(16502,11,NULL,9,'asignacion_estados','search'),(16503,11,NULL,9,'asignacion_estados','rcs'),(16504,11,NULL,9,'pagos_automaticos','index'),(16505,11,NULL,9,'pagos_automaticos','save'),(16506,11,NULL,9,'pagos_automaticos','delete'),(16507,11,NULL,9,'pagos_automaticos','search'),(16508,11,NULL,9,'pagos_automaticos','rcs'),(16509,11,NULL,9,'tipo_asociacion_socio','index'),(16510,11,NULL,9,'tipo_asociacion_socio','save'),(16511,11,NULL,9,'tipo_asociacion_socio','delete'),(16512,11,NULL,9,'tipo_asociacion_socio','search'),(16513,11,NULL,9,'tipo_asociacion_socio','rcs'),(16514,11,NULL,9,'proyeccion','index'),(16515,11,NULL,9,'proyeccion','generar'),(16516,11,NULL,9,'prestamos_socios','index'),(16517,11,NULL,9,'prestamos_socios','save'),(16518,11,NULL,9,'prestamos_socios','delete'),(16519,11,NULL,9,'prestamos_socios','search'),(16520,11,NULL,9,'prestamos_socios','rcs'),(16521,11,NULL,9,'ajuste_saldos','index'),(16522,11,NULL,9,'ajuste_saldos','generar'),(16523,11,NULL,9,'ajuste_prestamos','index'),(16524,11,NULL,9,'ajuste_prestamos','generar'),(16525,11,NULL,9,'ajuste_pagos','index'),(16526,11,NULL,9,'ajuste_pagos','generar'),(16527,11,NULL,9,'ajuste_consumos','index'),(16528,11,NULL,9,'ajuste_consumos','generar'),(16529,11,NULL,9,'cargos_socios','index'),(16530,11,NULL,9,'cargos_socios','save'),(16531,11,NULL,9,'movimiento_cargos','index'),(16532,11,NULL,9,'movimiento_cargos','save'),(16533,11,NULL,9,'facturar','index'),(16534,11,NULL,9,'facturar','save'),(16535,11,NULL,9,'facturar_personal','index'),(16536,11,NULL,9,'facturar_personal','save'),(16537,11,NULL,9,'invoicing','index'),(16538,11,NULL,9,'invoicing','save'),(16539,11,NULL,9,'consulta_socios','index'),(16540,11,NULL,9,'consulta_socios','generar'),(16541,11,NULL,9,'suspendidos_mora','index'),(16542,11,NULL,9,'suspendidos_mora','generar'),(16543,11,NULL,9,'facturas_generadas','index'),(16544,11,NULL,9,'facturas_generadas','generar'),(16545,11,NULL,9,'conceptos_causados','index'),(16546,11,NULL,9,'conceptos_causados','generar'),(16547,11,NULL,9,'informe_cartera','index'),(16548,11,NULL,9,'informe_cartera','generar'),(16549,11,NULL,9,'informe_convenios','index'),(16550,11,NULL,9,'informe_convenios','generar'),(16551,11,NULL,9,'cierre_periodo','index'),(16552,11,NULL,9,'cierre_periodo','cierre'),(16553,11,NULL,9,'reabrir_periodo','index'),(16554,11,NULL,9,'reabrir_periodo','reabrir'),(16555,11,NULL,9,'cargos_fijos','index'),(16556,11,NULL,9,'cargos_fijos','save'),(16557,11,NULL,9,'cargos_fijos','delete'),(16558,11,NULL,9,'cargos_fijos','search'),(16559,11,NULL,9,'cargos_fijos','rcs'),(16560,11,NULL,9,'periodo','index'),(16561,11,NULL,9,'periodo','save'),(16562,11,NULL,9,'periodo','delete'),(16563,11,NULL,9,'periodo','search'),(16564,11,NULL,9,'periodo','rcs'),(16565,11,NULL,9,'tipo_documentos','index'),(16566,11,NULL,9,'tipo_documentos','save'),(16567,11,NULL,9,'tipo_documentos','delete'),(16568,11,NULL,9,'tipo_documentos','search'),(16569,11,NULL,9,'tipo_documentos','rcs'),(16570,11,NULL,9,'hobbies','index'),(16571,11,NULL,9,'hobbies','save'),(16572,11,NULL,9,'hobbies','delete'),(16573,11,NULL,9,'hobbies','search'),(16574,11,NULL,9,'hobbies','rcs'),(16575,11,NULL,9,'parentescos','index'),(16576,11,NULL,9,'parentescos','save'),(16577,11,NULL,9,'parentescos','delete'),(16578,11,NULL,9,'parentescos','search'),(16579,11,NULL,9,'parentescos','rcs'),(16580,11,NULL,9,'estados_civiles','index'),(16581,11,NULL,9,'estados_civiles','save'),(16582,11,NULL,9,'estados_civiles','delete'),(16583,11,NULL,9,'estados_civiles','search'),(16584,11,NULL,9,'estados_civiles','rcs'),(16585,11,NULL,9,'formas_pago','index'),(16586,11,NULL,9,'formas_pago','save'),(16587,11,NULL,9,'formas_pago','delete'),(16588,11,NULL,9,'formas_pago','search'),(16589,11,NULL,9,'formas_pago','rcs'),(16590,11,NULL,9,'tipo_socios','index'),(16591,11,NULL,9,'tipo_socios','save'),(16592,11,NULL,9,'tipo_socios','delete'),(16593,11,NULL,9,'tipo_socios','search'),(16594,11,NULL,9,'tipo_socios','rcs'),(16595,11,NULL,9,'tipo_titularidad','index'),(16596,11,NULL,9,'tipo_titularidad','save'),(16597,11,NULL,9,'tipo_titularidad','delete'),(16598,11,NULL,9,'tipo_titularidad','search'),(16599,11,NULL,9,'tipo_titularidad','rcs'),(16600,11,NULL,9,'clubes','index'),(16601,11,NULL,9,'clubes','save'),(16602,11,NULL,9,'clubes','delete'),(16603,11,NULL,9,'clubes','search'),(16604,11,NULL,9,'clubes','rcs'),(16605,11,NULL,9,'interes_mora','index'),(16606,11,NULL,9,'interes_mora','save'),(16607,11,NULL,9,'interes_mora','delete'),(16608,11,NULL,9,'interes_mora','search'),(16609,11,NULL,9,'interes_mora','rcs'),(16610,11,NULL,9,'tipos_pago','index'),(16611,11,NULL,9,'tipos_pago','save'),(16612,11,NULL,9,'tipos_pago','delete'),(16613,11,NULL,9,'tipos_pago','search'),(16614,11,NULL,9,'tipos_pago','rcs'),(16615,11,NULL,9,'tipo_asociacion_socio','index'),(16616,11,NULL,9,'tipo_asociacion_socio','save'),(16617,11,NULL,9,'tipo_asociacion_socio','delete'),(16618,11,NULL,9,'tipo_asociacion_socio','search'),(16619,11,NULL,9,'tipo_asociacion_socio','rcs'),(16620,11,NULL,9,'bancos','index'),(16621,11,NULL,9,'bancos','save'),(16622,11,NULL,9,'bancos','delete'),(16623,11,NULL,9,'bancos','search'),(16624,11,NULL,9,'bancos','rcs'),(16625,11,NULL,9,'parametros_basicos_cartera','index'),(16626,11,NULL,9,'parametros_basicos_cartera','save'),(16627,11,NULL,9,'parametros_basicos_cartera','delete'),(16628,11,NULL,9,'parametros_basicos_cartera','search'),(16629,11,NULL,9,'parametros_basicos_cartera','rcs'),(16630,11,NULL,9,'datos_club','index'),(16631,11,NULL,9,'datos_club','save'),(16632,11,NULL,9,'datos_club','delete'),(16633,11,NULL,9,'datos_club','search'),(16634,11,NULL,9,'datos_club','rcs'),(16635,11,NULL,9,'settings','index'),(16636,11,NULL,9,'settings','save'),(16637,11,NULL,9,'cuentas','index'),(16638,11,NULL,9,'cuentas','queryByName'),(16639,11,NULL,9,'tipo_correspondencia','index'),(16640,11,NULL,9,'tipo_correspondencia','save'),(16641,11,NULL,9,'tipo_correspondencia','delete'),(16642,11,NULL,9,'tipo_correspondencia','search'),(16643,11,NULL,9,'tipo_correspondencia','rcs'),(17000,1,NULL,1,'movimiento','index'),(17001,1,NULL,1,'movimiento','buscar'),(17002,1,NULL,1,'movimiento','guardar'),(17003,1,NULL,1,'movimiento','eliminar'),(17004,1,NULL,1,'movimiento','cambiarFecha'),(17005,1,NULL,1,'movimiento','copiar'),(17006,1,NULL,1,'consultas','index'),(17007,1,NULL,1,'cambio_nit','index'),(17008,1,NULL,1,'incluir','index'),(17009,1,NULL,1,'excluir','index'),(17010,1,NULL,1,'aura','index'),(17011,1,NULL,1,'aura','save'),(17012,1,NULL,1,'aura','getComprobByDate'),(17013,1,NULL,1,'balance','index'),(17014,1,NULL,1,'libro_auxiliar','index'),(17015,1,NULL,1,'consecutivos','index'),(17016,1,NULL,1,'movimiento_terceros','index'),(17017,1,NULL,1,'movimiento_centros','index'),(17018,1,NULL,1,'balance_centros','index'),(17019,1,NULL,1,'comprobante_diario','index'),(17020,1,NULL,1,'listado_movimiento','index'),(17021,1,NULL,1,'listado_retencion','index'),(17022,1,NULL,1,'listado_comprob','index'),(17023,1,NULL,1,'retencion','index'),(17024,1,NULL,1,'balance_general','index'),(17025,1,NULL,1,'libro_diario','index'),(17026,1,NULL,1,'libro_mayor','index'),(17027,1,NULL,1,'libro_terceros','index'),(17028,1,NULL,1,'numeracion','index'),(17029,1,NULL,1,'certificado_retencion','index'),(17030,1,NULL,1,'certificado_ica','index'),(17031,1,NULL,1,'pyg','index'),(17032,1,NULL,1,'caratulas','index'),(17033,1,NULL,1,'movimiento_documentos','index'),(17034,1,NULL,1,'cartera_edades','index'),(17035,1,NULL,1,'activos','index'),(17036,1,NULL,1,'activos','save'),(17037,1,NULL,1,'activos','delete'),(17038,1,NULL,1,'activos','search'),(17039,1,NULL,1,'activos','rcs'),(17040,1,NULL,1,'grupos','index'),(17041,1,NULL,1,'grupos','save'),(17042,1,NULL,1,'grupos','delete'),(17043,1,NULL,1,'grupos','search'),(17044,1,NULL,1,'grupos','rcs'),(17045,1,NULL,1,'tipos_activos','index'),(17046,1,NULL,1,'tipos_activos','save'),(17047,1,NULL,1,'tipos_activos','delete'),(17048,1,NULL,1,'tipos_activos','search'),(17049,1,NULL,1,'tipos_activos','rcs'),(17050,1,NULL,1,'ubicacion','index'),(17051,1,NULL,1,'ubicacion','save'),(17052,1,NULL,1,'ubicacion','delete'),(17053,1,NULL,1,'ubicacion','search'),(17054,1,NULL,1,'ubicacion','rcs'),(17055,1,NULL,1,'depreciacion','index'),(17056,1,NULL,1,'anular_depreciacion','index'),(17057,1,NULL,1,'traslado_activos','index'),(17058,1,NULL,1,'novedad_activos','index'),(17059,1,NULL,1,'consulta_depreciacion','index'),(17060,1,NULL,1,'ordenes','index'),(17061,1,NULL,1,'refe','index'),(17062,1,NULL,1,'refe','save'),(17063,1,NULL,1,'refe','delete'),(17064,1,NULL,1,'refe','search'),(17065,1,NULL,1,'refe','rcs'),(17066,1,NULL,1,'lineaser','index'),(17067,1,NULL,1,'lineaser','save'),(17068,1,NULL,1,'lineaser','delete'),(17069,1,NULL,1,'lineaser','search'),(17070,1,NULL,1,'lineaser','rcs'),(17071,1,NULL,1,'presupuesto','index'),(17072,1,NULL,1,'ejecucion_pres','index'),(17073,1,NULL,1,'recibo_caja','index'),(17074,1,NULL,1,'cheque','index'),(17075,1,NULL,1,'chequeras','index'),(17076,1,NULL,1,'chequeras','save'),(17077,1,NULL,1,'chequeras','delete'),(17078,1,NULL,1,'chequeras','search'),(17079,1,NULL,1,'chequeras','rcs'),(17080,1,NULL,1,'cuentas_bancos','index'),(17081,1,NULL,1,'cuentas_bancos','save'),(17082,1,NULL,1,'cuentas_bancos','delete'),(17083,1,NULL,1,'cuentas_bancos','search'),(17084,1,NULL,1,'cuentas_bancos','rcs'),(17085,1,NULL,1,'banco','index'),(17086,1,NULL,1,'banco','save'),(17087,1,NULL,1,'banco','delete'),(17088,1,NULL,1,'banco','search'),(17089,1,NULL,1,'banco','rcs'),(17090,1,NULL,1,'formato_cheque','index'),(17091,1,NULL,1,'medios','index'),(17092,1,NULL,1,'campos_medios','index'),(17093,1,NULL,1,'codigos_medios','index'),(17094,1,NULL,1,'codigos_medios','save'),(17095,1,NULL,1,'codigos_medios','delete'),(17096,1,NULL,1,'codigos_medios','search'),(17097,1,NULL,1,'codigos_medios','rcs'),(17098,1,NULL,1,'formatos_medios','index'),(17099,1,NULL,1,'formatos_medios','save'),(17100,1,NULL,1,'formatos_medios','delete'),(17101,1,NULL,1,'formatos_medios','search'),(17102,1,NULL,1,'formatos_medios','rcs'),(17103,1,NULL,1,'diferidos','index'),(17104,1,NULL,1,'diferidos','save'),(17105,1,NULL,1,'diferidos','delete'),(17106,1,NULL,1,'diferidos','search'),(17107,1,NULL,1,'diferidos','rcs'),(17108,1,NULL,1,'grupos_diferidos','index'),(17109,1,NULL,1,'grupos_diferidos','save'),(17110,1,NULL,1,'grupos_diferidos','delete'),(17111,1,NULL,1,'grupos_diferidos','search'),(17112,1,NULL,1,'grupos_diferidos','rcs'),(17113,1,NULL,1,'amortizacion','index'),(17114,1,NULL,1,'consulta_causacion','index'),(17115,1,NULL,1,'cierre_contable','index'),(17116,1,NULL,1,'reabrir_mes','index'),(17117,1,NULL,1,'cierre_cuentas','index'),(17118,1,NULL,1,'reabrir_cuentas','index'),(17119,1,NULL,1,'comprobante_cierre','index'),(17120,1,NULL,1,'cierre_anual','index'),(17121,1,NULL,1,'reabrir_ano','index'),(17122,1,NULL,1,'cuentas','index'),(17123,1,NULL,1,'cuentas','queryCuenta'),(17124,1,NULL,1,'terceros','index'),(17125,1,NULL,1,'terceros','save'),(17126,1,NULL,1,'terceros','delete'),(17127,1,NULL,1,'terceros','search'),(17128,1,NULL,1,'terceros','rcs'),(17129,1,NULL,1,'tipodoc','index'),(17130,1,NULL,1,'tipodoc','save'),(17131,1,NULL,1,'tipodoc','delete'),(17132,1,NULL,1,'tipodoc','search'),(17133,1,NULL,1,'tipodoc','rcs'),(17134,1,NULL,1,'comprobantes','index'),(17135,1,NULL,1,'comprobantes','save'),(17136,1,NULL,1,'comprobantes','delete'),(17137,1,NULL,1,'comprobantes','search'),(17138,1,NULL,1,'comprobantes','rcs'),(17139,1,NULL,1,'diarios','index'),(17140,1,NULL,1,'diarios','save'),(17141,1,NULL,1,'diarios','delete'),(17142,1,NULL,1,'diarios','search'),(17143,1,NULL,1,'diarios','rcs'),(17144,1,NULL,1,'documentos','index'),(17145,1,NULL,1,'documentos','save'),(17146,1,NULL,1,'documentos','delete'),(17147,1,NULL,1,'documentos','search'),(17148,1,NULL,1,'documentos','rcs'),(17149,1,NULL,1,'formapago','index'),(17150,1,NULL,1,'formapago','save'),(17151,1,NULL,1,'formapago','delete'),(17152,1,NULL,1,'formapago','search'),(17153,1,NULL,1,'formapago','rcs'),(17154,1,NULL,1,'regimen_cuentas','index'),(17155,1,NULL,1,'regimen_cuentas','save'),(17156,1,NULL,1,'regimen_cuentas','delete'),(17157,1,NULL,1,'regimen_cuentas','search'),(17158,1,NULL,1,'regimen_cuentas','rcs'),(17159,1,NULL,1,'ica','index'),(17160,1,NULL,1,'ica','save'),(17161,1,NULL,1,'ica','delete'),(17162,1,NULL,1,'ica','search'),(17163,1,NULL,1,'ica','rcs'),(17164,1,NULL,1,'comcier','index'),(17165,1,NULL,1,'comcier','save'),(17166,1,NULL,1,'comcier','delete'),(17167,1,NULL,1,'comcier','search'),(17168,1,NULL,1,'comcier','rcs'),(17169,1,NULL,1,'cuentas_cree','index'),(17170,1,NULL,1,'cuentas_cree','save'),(17171,1,NULL,1,'cuentas_cree','delete'),(17172,1,NULL,1,'cuentas_cree','search'),(17173,1,NULL,1,'cuentas_cree','rcs'),(17174,1,NULL,1,'centros','index'),(17175,1,NULL,1,'centros','save'),(17176,1,NULL,1,'centros','delete'),(17177,1,NULL,1,'centros','search'),(17178,1,NULL,1,'centros','rcs'),(17179,1,NULL,1,'consolidados','index'),(17180,1,NULL,1,'consolidados','save'),(17181,1,NULL,1,'consolidados','delete'),(17182,1,NULL,1,'consolidados','search'),(17183,1,NULL,1,'consolidados','rcs'),(17184,1,NULL,1,'settings','index'),(17185,1,NULL,1,'settings','save'),(17186,7,NULL,7,'facturas','index'),(17187,7,NULL,7,'reimprimir','index'),(17188,7,NULL,7,'terceros','index'),(17189,7,NULL,7,'terceros','crear'),(17190,7,NULL,7,'referencias','index'),(17191,7,NULL,7,'referencias','queryByName'),(17192,7,NULL,7,'invoicing','index'),(17193,7,NULL,7,'invoicing','save'),(17194,7,NULL,7,'consecutivos','index'),(17195,7,NULL,7,'consecutivos','save'),(17196,7,NULL,7,'consecutivos','delete'),(17197,7,NULL,7,'consecutivos','search'),(17198,7,NULL,7,'consecutivos','rcs'),(17199,7,NULL,7,'lista_precios','index'),(17200,7,NULL,7,'lista_precios','save'),(17201,7,NULL,7,'lista_precios','delete'),(17202,7,NULL,7,'lista_precios','search'),(17203,7,NULL,7,'lista_precios','rcs'),(17204,7,NULL,7,'settings','index'),(17205,7,NULL,7,'settings','save'),(17206,9,NULL,9,'socios','index'),(17207,9,NULL,9,'socios','save'),(17208,9,NULL,9,'socios','delete'),(17209,9,NULL,9,'socios','search'),(17210,9,NULL,9,'socios','rcs'),(17211,9,NULL,9,'socios','queryCuenta'),(17212,9,NULL,9,'rechazos','index'),(17213,9,NULL,9,'rechazos','save'),(17214,9,NULL,9,'rechazos','delete'),(17215,9,NULL,9,'rechazos','search'),(17216,9,NULL,9,'rechazos','rcs'),(17217,9,NULL,9,'cambio_accion','index'),(17218,9,NULL,9,'cambio_accion','queryCuenta'),(17219,9,NULL,9,'asignacion_cargos','index'),(17220,9,NULL,9,'asignacion_cargos','save'),(17221,9,NULL,9,'asignacion_cargos_grupo','index'),(17222,9,NULL,9,'asignacion_cargos_grupo','asignar'),(17223,9,NULL,9,'asignacion_cargos_grupo','borrar'),(17224,9,NULL,9,'estados_socios','index'),(17225,9,NULL,9,'estados_socios','save'),(17226,9,NULL,9,'estados_socios','delete'),(17227,9,NULL,9,'estados_socios','search'),(17228,9,NULL,9,'estados_socios','rcs'),(17229,9,NULL,9,'asignacion_estados','index'),(17230,9,NULL,9,'asignacion_estados','save'),(17231,9,NULL,9,'asignacion_estados','delete'),(17232,9,NULL,9,'asignacion_estados','search'),(17233,9,NULL,9,'asignacion_estados','rcs'),(17234,9,NULL,9,'pagos_automaticos','index'),(17235,9,NULL,9,'pagos_automaticos','save'),(17236,9,NULL,9,'pagos_automaticos','delete'),(17237,9,NULL,9,'pagos_automaticos','search'),(17238,9,NULL,9,'pagos_automaticos','rcs'),(17239,9,NULL,9,'tipo_asociacion_socio','index'),(17240,9,NULL,9,'tipo_asociacion_socio','save'),(17241,9,NULL,9,'tipo_asociacion_socio','delete'),(17242,9,NULL,9,'tipo_asociacion_socio','search'),(17243,9,NULL,9,'tipo_asociacion_socio','rcs'),(17244,9,NULL,9,'proyeccion','index'),(17245,9,NULL,9,'proyeccion','generar'),(17246,9,NULL,9,'prestamos_socios','index'),(17247,9,NULL,9,'prestamos_socios','save'),(17248,9,NULL,9,'prestamos_socios','delete'),(17249,9,NULL,9,'prestamos_socios','search'),(17250,9,NULL,9,'prestamos_socios','rcs'),(17251,9,NULL,9,'ajuste_saldos','index'),(17252,9,NULL,9,'ajuste_saldos','generar'),(17253,9,NULL,9,'ajuste_prestamos','index'),(17254,9,NULL,9,'ajuste_prestamos','generar'),(17255,9,NULL,9,'ajuste_pagos','index'),(17256,9,NULL,9,'ajuste_pagos','generar'),(17257,9,NULL,9,'ajuste_consumos','index'),(17258,9,NULL,9,'ajuste_consumos','generar'),(17259,9,NULL,9,'cargos_socios','index'),(17260,9,NULL,9,'cargos_socios','save'),(17261,9,NULL,9,'movimiento_cargos','index'),(17262,9,NULL,9,'movimiento_cargos','save'),(17263,9,NULL,9,'facturar','index'),(17264,9,NULL,9,'facturar','save'),(17265,9,NULL,9,'facturar_personal','index'),(17266,9,NULL,9,'facturar_personal','save'),(17267,9,NULL,9,'invoicing','index'),(17268,9,NULL,9,'invoicing','save'),(17269,9,NULL,9,'consulta_socios','index'),(17270,9,NULL,9,'consulta_socios','generar'),(17271,9,NULL,9,'suspendidos_mora','index'),(17272,9,NULL,9,'suspendidos_mora','generar'),(17273,9,NULL,9,'facturas_generadas','index'),(17274,9,NULL,9,'facturas_generadas','generar'),(17275,9,NULL,9,'conceptos_causados','index'),(17276,9,NULL,9,'conceptos_causados','generar'),(17277,9,NULL,9,'informe_cartera','index'),(17278,9,NULL,9,'informe_cartera','generar'),(17279,9,NULL,9,'informe_convenios','index'),(17280,9,NULL,9,'informe_convenios','generar'),(17281,9,NULL,9,'cierre_periodo','index'),(17282,9,NULL,9,'cierre_periodo','cierre'),(17283,9,NULL,9,'reabrir_periodo','index'),(17284,9,NULL,9,'reabrir_periodo','reabrir'),(17285,9,NULL,9,'cargos_fijos','index'),(17286,9,NULL,9,'cargos_fijos','save'),(17287,9,NULL,9,'cargos_fijos','delete'),(17288,9,NULL,9,'cargos_fijos','search'),(17289,9,NULL,9,'cargos_fijos','rcs'),(17290,9,NULL,9,'periodo','index'),(17291,9,NULL,9,'periodo','save'),(17292,9,NULL,9,'periodo','delete'),(17293,9,NULL,9,'periodo','search'),(17294,9,NULL,9,'periodo','rcs'),(17295,9,NULL,9,'tipo_documentos','index'),(17296,9,NULL,9,'tipo_documentos','save'),(17297,9,NULL,9,'tipo_documentos','delete'),(17298,9,NULL,9,'tipo_documentos','search'),(17299,9,NULL,9,'tipo_documentos','rcs'),(17300,9,NULL,9,'hobbies','index'),(17301,9,NULL,9,'hobbies','save'),(17302,9,NULL,9,'hobbies','delete'),(17303,9,NULL,9,'hobbies','search'),(17304,9,NULL,9,'hobbies','rcs'),(17305,9,NULL,9,'parentescos','index'),(17306,9,NULL,9,'parentescos','save'),(17307,9,NULL,9,'parentescos','delete'),(17308,9,NULL,9,'parentescos','search'),(17309,9,NULL,9,'parentescos','rcs'),(17310,9,NULL,9,'estados_civiles','index'),(17311,9,NULL,9,'estados_civiles','save'),(17312,9,NULL,9,'estados_civiles','delete'),(17313,9,NULL,9,'estados_civiles','search'),(17314,9,NULL,9,'estados_civiles','rcs'),(17315,9,NULL,9,'formas_pago','index'),(17316,9,NULL,9,'formas_pago','save'),(17317,9,NULL,9,'formas_pago','delete'),(17318,9,NULL,9,'formas_pago','search'),(17319,9,NULL,9,'formas_pago','rcs'),(17320,9,NULL,9,'tipo_socios','index'),(17321,9,NULL,9,'tipo_socios','save'),(17322,9,NULL,9,'tipo_socios','delete'),(17323,9,NULL,9,'tipo_socios','search'),(17324,9,NULL,9,'tipo_socios','rcs'),(17325,9,NULL,9,'tipo_titularidad','index'),(17326,9,NULL,9,'tipo_titularidad','save'),(17327,9,NULL,9,'tipo_titularidad','delete'),(17328,9,NULL,9,'tipo_titularidad','search'),(17329,9,NULL,9,'tipo_titularidad','rcs'),(17330,9,NULL,9,'clubes','index'),(17331,9,NULL,9,'clubes','save'),(17332,9,NULL,9,'clubes','delete'),(17333,9,NULL,9,'clubes','search'),(17334,9,NULL,9,'clubes','rcs'),(17335,9,NULL,9,'interes_mora','index'),(17336,9,NULL,9,'interes_mora','save'),(17337,9,NULL,9,'interes_mora','delete'),(17338,9,NULL,9,'interes_mora','search'),(17339,9,NULL,9,'interes_mora','rcs'),(17340,9,NULL,9,'tipos_pago','index'),(17341,9,NULL,9,'tipos_pago','save'),(17342,9,NULL,9,'tipos_pago','delete'),(17343,9,NULL,9,'tipos_pago','search'),(17344,9,NULL,9,'tipos_pago','rcs'),(17345,9,NULL,9,'tipo_asociacion_socio','index'),(17346,9,NULL,9,'tipo_asociacion_socio','save'),(17347,9,NULL,9,'tipo_asociacion_socio','delete'),(17348,9,NULL,9,'tipo_asociacion_socio','search'),(17349,9,NULL,9,'tipo_asociacion_socio','rcs'),(17350,9,NULL,9,'bancos','index'),(17351,9,NULL,9,'bancos','save'),(17352,9,NULL,9,'bancos','delete'),(17353,9,NULL,9,'bancos','search'),(17354,9,NULL,9,'bancos','rcs'),(17355,9,NULL,9,'parametros_basicos_cartera','index'),(17356,9,NULL,9,'parametros_basicos_cartera','save'),(17357,9,NULL,9,'parametros_basicos_cartera','delete'),(17358,9,NULL,9,'parametros_basicos_cartera','search'),(17359,9,NULL,9,'parametros_basicos_cartera','rcs'),(17360,9,NULL,9,'datos_club','index'),(17361,9,NULL,9,'datos_club','save'),(17362,9,NULL,9,'datos_club','delete'),(17363,9,NULL,9,'datos_club','search'),(17364,9,NULL,9,'datos_club','rcs'),(17365,9,NULL,9,'settings','index'),(17366,9,NULL,9,'settings','save'),(17367,9,NULL,9,'cuentas','index'),(17368,9,NULL,9,'cuentas','queryByName'),(17369,9,NULL,9,'tipo_correspondencia','index'),(17370,9,NULL,9,'tipo_correspondencia','save'),(17371,9,NULL,9,'tipo_correspondencia','delete'),(17372,9,NULL,9,'tipo_correspondencia','search'),(17373,9,NULL,9,'tipo_correspondencia','rcs'),(17374,9,NULL,9,'accion_estados','index'),(17375,9,NULL,9,'accion_estados','save'),(17376,9,NULL,9,'accion_estados','delete'),(17377,9,NULL,9,'accion_estados','search'),(17378,9,NULL,9,'accion_estados','rcs');
/*!40000 ALTER TABLE `perfiles_permisos` ENABLE KEYS */;
UNLOCK TABLES;

--
-- Table structure for table `perfiles_usuarios`
--

DROP TABLE IF EXISTS `perfiles_usuarios`;
/*!40101 SET @saved_cs_client     = @@character_set_client */;
/*!40101 SET character_set_client = utf8 */;
CREATE TABLE `perfiles_usuarios` (
  `id` int(10) unsigned NOT NULL AUTO_INCREMENT,
  `usuarios_id` int(10) unsigned NOT NULL,
  `perfiles_id` int(10) unsigned NOT NULL,
  PRIMARY KEY (`id`),
  UNIQUE KEY `perfiles_id` (`perfiles_id`,`usuarios_id`),
  KEY `usuarios_id` (`usuarios_id`),
  CONSTRAINT `perfiles_usuarios_ibfk_1` FOREIGN KEY (`usuarios_id`) REFERENCES `usuarios` (`id`)
) ENGINE=InnoDB AUTO_INCREMENT=195 DEFAULT CHARSET=utf8 COLLATE=utf8_unicode_ci;
/*!40101 SET character_set_client = @saved_cs_client */;

--
-- Dumping data for table `perfiles_usuarios`
--

LOCK TABLES `perfiles_usuarios` WRITE;
/*!40000 ALTER TABLE `perfiles_usuarios` DISABLE KEYS */;
INSERT INTO `perfiles_usuarios` VALUES (186,1,1),(125,2,1),(117,5,1),(129,21,1),(161,31,1),(187,1,2),(118,5,2),(162,31,2),(190,1,3),(126,2,3),(119,5,3),(165,31,3),(188,1,4),(163,31,4),(184,4,5),(189,1,6),(164,31,6),(191,1,7),(127,2,7),(192,1,8),(166,31,8),(193,1,9),(128,2,9),(130,21,9),(167,31,9),(194,1,10),(168,31,10),(111,3,11),(185,4,11),(133,6,13),(134,7,13),(135,8,13),(136,9,13),(137,10,13),(138,11,13),(139,12,13),(140,13,13),(141,14,13),(142,15,13),(143,16,13),(144,17,13),(145,18,13),(146,19,13),(147,20,13),(149,22,13),(150,23,13),(151,24,13),(159,25,13),(158,26,13),(157,27,13),(156,28,13),(155,29,13),(160,30,13);
/*!40000 ALTER TABLE `perfiles_usuarios` ENABLE KEYS */;
UNLOCK TABLES;

--
-- Table structure for table `permisos`
--

DROP TABLE IF EXISTS `permisos`;
/*!40101 SET @saved_cs_client     = @@character_set_client */;
/*!40101 SET character_set_client = utf8 */;
CREATE TABLE `permisos` (
  `id` int(10) unsigned NOT NULL AUTO_INCREMENT,
  `codigo` char(5) COLLATE utf8_unicode_ci NOT NULL,
  `aplicativos_id` int(10) unsigned NOT NULL,
  `nombre` varchar(120) COLLATE utf8_unicode_ci NOT NULL,
  `tipo` char(1) COLLATE utf8_unicode_ci NOT NULL,
  `permisos_id` int(10) unsigned NOT NULL,
  PRIMARY KEY (`id`)
) ENGINE=InnoDB DEFAULT CHARSET=utf8 COLLATE=utf8_unicode_ci;
/*!40101 SET character_set_client = @saved_cs_client */;

--
-- Dumping data for table `permisos`
--

LOCK TABLES `permisos` WRITE;
/*!40000 ALTER TABLE `permisos` DISABLE KEYS */;
/*!40000 ALTER TABLE `permisos` ENABLE KEYS */;
UNLOCK TABLES;

--
-- Table structure for table `sesiones`
--

DROP TABLE IF EXISTS `sesiones`;
/*!40101 SET @saved_cs_client     = @@character_set_client */;
/*!40101 SET character_set_client = utf8 */;
CREATE TABLE `sesiones` (
  `id` int(10) unsigned NOT NULL AUTO_INCREMENT,
  `sid` char(35) COLLATE utf8_unicode_ci NOT NULL,
  `usuarios_id` int(10) unsigned NOT NULL,
  `ipaddress` char(15) COLLATE utf8_unicode_ci NOT NULL,
  `creado` int(10) unsigned NOT NULL,
  `modificado` int(10) unsigned NOT NULL,
  PRIMARY KEY (`id`),
  KEY `sid` (`sid`),
  KEY `usuarios_id` (`usuarios_id`),
  CONSTRAINT `sesiones_ibfk_1` FOREIGN KEY (`usuarios_id`) REFERENCES `usuarios` (`id`)
) ENGINE=InnoDB AUTO_INCREMENT=536 DEFAULT CHARSET=utf8 COLLATE=utf8_unicode_ci;
/*!40101 SET character_set_client = @saved_cs_client */;

--
-- Dumping data for table `sesiones`
--

LOCK TABLES `sesiones` WRITE;
/*!40000 ALTER TABLE `sesiones` DISABLE KEYS */;
INSERT INTO `sesiones` VALUES (13,'88b7e5808160d3628b5b37a86e86f33e',1,'::1',1303447656,1303447656),(19,'591b2e6ca64cd5211c809139b296a43f',1,'::1',1303501529,1304048274),(23,'b6b6fb7d0ccce8e05c7416ee50a69866',1,'::1',1304063262,1304063262),(27,'ee47c73670f38035e69484b97a50a453',1,'::1',1304558751,1305634764),(28,'236d40b31a18c45e383a62085a1bdc6c',1,'::1',1304731350,1304912404),(29,'184b2ed04c87504a9a5afbe29ce4c395',1,'::1',1305183995,1305183995),(30,'dd0d6b454bef8676becb9802fa58fd6f',1,'::1',1305818575,1305818575),(31,'5344abdf7e509c8f5923ff320f2da28b',1,'::1',1305824110,1305824110),(34,'7e838d61971e84dcd7239a8164b82fd7',1,'::1',1308599170,1309978527),(40,'ae65ae7cb51ba8cec71ad9142fb3c289',1,'::1',1310675699,1311012248),(41,'9fd01a2bcf29b743c30f43a8ad227511',1,'::1',1312463253,1312463253),(45,'915e244b06cf64d24725d7585448583b',1,'127.0.0.1',1313948709,1314309684),(46,'09f7eed858f1da7c63f524b4979e8348',1,'127.0.0.1',1314406889,1315661216),(47,'5ffc8d40083732f52220a06ce4166dfa',1,'127.0.0.1',1315879251,1317223544),(48,'86f49260c87da856bc0d02108b5d6081',1,'127.0.0.1',1317243664,1317352708),(50,'69436a572dc21a91cc71e3dde8e7582b',1,'127.0.0.1',1317584245,1317584245),(51,'880e001635374b76c3e98d7f932ce089',1,'127.0.0.1',1317681472,1320979497),(52,'1f65171f8ed0f5c84926dc27be7431f4',1,'127.0.0.1',1321044843,1322588934),(54,'c41436d309f9a47e9e7771de93043939',1,'127.0.0.1',1323418288,1324525218),(55,'d8f96015b1257dc79a186b22c95adfea',1,'127.0.0.1',1324538435,1324754341),(58,'ef1d3ecac9531d2e0d0c30ffcc906696',1,'127.0.0.1',1325134789,1355778187),(61,'6629b6277e5fc1b83f4cc32dd5c44ab9',1,'127.0.0.1',1325831657,1325831657),(65,'e80ebdc6a92a17020017805f067e3f5f',1,'127.0.0.1',1328050115,1328331703),(67,'e159cb69d7583dd06b05d5564b6c63c0',1,'127.0.0.1',1333034979,1333034979),(70,'1466c419fa9f8dbac7253dc114420323',2,'127.0.0.1',1333127290,1335806534),(71,'dff94027b16b4ad10386bada6122488a',2,'127.0.0.1',1333192804,1354735870),(72,'058c99bfcad9e127d43c7ce6e271dee6',1,'127.0.0.1',1333223720,1334334839),(73,'ef091c39f0a49db36a50804ff67b698b',1,'127.0.0.1',1334270278,1335284494),(75,'adb4ea2f790bd669399d0b735919fdff',2,'127.0.0.1',1338844938,1340085799),(76,'0cce625e24b5015b6a03fd236c50e5c2',1,'127.0.0.1',1339519311,1340297186),(78,'2d79ff42b824893e058ee4385b7f175a',1,'127.0.0.1',1340201872,1340208193),(82,'49b49424d0bec17f29a79523af849913',2,'127.0.0.1',1340217137,1355779485),(85,'9c97eafbebb867e4dc54edba1f60194d',1,'127.0.0.1',1340325342,1340325342),(87,'d0403aca1874840c3bf35e183716c520',1,'127.0.0.1',1340675853,1342209370),(89,'81c5adace22dae4b232fd44342d3b071',1,'127.0.0.1',1340682660,1340682660),(100,'83e0ecb584cc9eb65ae22047d2109f88',5,'127.0.0.1',1340717007,1341070534),(103,'99ef19f5ee720e4f2a316a2fb891ec53',5,'127.0.0.1',1340720582,1340721495),(104,'845d017a79d19d4e47fdf493f3ddd829',5,'127.0.0.1',1340720700,1340721031),(105,'a9e9b2463b0b624b8d9404de150caa1d',5,'127.0.0.1',1340721050,1340738328),(106,'14c7f797c19ddc6b87409d971eefd99c',5,'127.0.0.1',1340721414,1355243991),(121,'5161190700bec803256f8533d6d84fce',1,'127.0.0.1',1340745022,1340745022),(123,'0f0ea33b269c7ea639ac7667c7409f77',1,'127.0.0.1',1340746987,1340746987),(124,'781658546de664127619987186b95f0c',1,'127.0.0.1',1340747598,1340747598),(125,'abb52ae037cbdc9b6088b9b21fa64ce7',11,'127.0.0.1',1340748006,1340748140),(126,'d7c407ab8c29194d0d9c21994e9a30ee',11,'127.0.0.1',1340749458,1340903949),(128,'1efc0801fa7080d58844d70a217b1ddb',5,'127.0.0.1',1340802616,1340802616),(129,'087835fc23f7cf3ba90ef7001ea97268',5,'127.0.0.1',1340803095,1342530928),(131,'be6298decb3f396374bb969266729b77',5,'127.0.0.1',1340908305,1341940664),(132,'a462614b541d0f9096a4af2de4e901fb',5,'127.0.0.1',1340985523,1342282831),(133,'a69de2515255f2f22c9a01146faf507f',5,'127.0.0.1',1341335657,1342537350),(135,'9814d03cd975af5913d71e4607f0c7bd',5,'127.0.0.1',1341343994,1342015522),(137,'e42d9da79a9629cb1b397e00b47ff2d0',2,'127.0.0.1',1341433250,1342653626),(142,'dd24ec1cd4d625f85f2983bfccf38e69',21,'127.0.0.1',1341597270,1341597270),(143,'418dbc7ab82b03f930d8b10b91f52fea',1,'127.0.0.1',1341950718,1341950718),(144,'2aca65e91b6549468debd9b345ac5cbe',5,'127.0.0.1',1342115338,1345120068),(147,'63805b0014c4a48e84000f707ce7dbf3',5,'127.0.0.1',1342707975,1345916131),(158,'b38f59f5e2f5ad78858033f94f2259ce',5,'127.0.0.1',1344690236,1345207645),(162,'4678b2aa043381a1e4bbab5b8cc79992',1,'127.0.0.1',1344888216,1345826889),(163,'2adec17a495a9db154e4b057eddc74b5',5,'127.0.0.1',1345291345,1345291345),(164,'ffd02708568a6378fc232fe456861f0b',5,'127.0.0.1',1345554819,1346333433),(165,'c3380da32d92ac51570961e9b1ddb5b3',5,'127.0.0.1',1345560849,1347371160),(166,'ebd29ed92f2fc423cca33b9ad7c6704c',5,'127.0.0.1',1345742796,1345897097),(167,'75d7855fce0a1103d6010f839fcb2bc7',2,'127.0.0.1',1345813320,1346260838),(171,'404768543c51882cc01dff243ca18f40',5,'127.0.0.1',1346265103,1346265103),(174,'407a2a4307e52e0979a64d09bc7338d6',2,'127.0.0.1',1346435653,1347974606),(175,'86afcd471eeb21ad7c2bd0fb5fa80b42',5,'127.0.0.1',1346438472,1347021331),(178,'4267f139f9efe78c4ccbe416d9accf8d',5,'127.0.0.1',1346504978,1347131748),(179,'e3da543f8eeba2c7d55f0844f70c66cb',5,'127.0.0.1',1346524950,1346872400),(182,'b393162a03e6ed967a3e2e528a375ef9',5,'127.0.0.1',1346870896,1346878084),(217,'7a2a32c1583b4a496331e54d7aa23ffc',29,'127.0.0.1',1346886866,1346886866),(218,'ae0641fae3f347707c50ca61e022e938',28,'127.0.0.1',1346887091,1346887091),(232,'339fbdf81522f891f1af0048b245d5ca',30,'127.0.0.1',1346889456,1346889456),(243,'e1d44a917e66cfff95b95944c89ba8a6',31,'127.0.0.1',1346967642,1347046509),(248,'4112c3587a7f26c180fd98d07710c175',1,'127.0.0.1',1347301622,1347301622),(251,'9250beb23ed37584c0449e00018ab14f',5,'127.0.0.1',1347390595,1349812199),(254,'2b5d49e0ff8190152d488230be3ff6d9',5,'127.0.0.1',1347395302,1347737199),(256,'bc54efecf904daf3571ce15422b47f78',5,'127.0.0.1',1347468098,1347468098),(261,'65e90a5fb1a3bb2a19e3aab228c91608',31,'127.0.0.1',1348068068,1350056146),(262,'d0d2c5d770104fcfb6332cdc07fabbb4',1,'127.0.0.1',1348095274,1348241416),(266,'8f48bbadc23ea542051fd545fdc82737',1,'127.0.0.1',1348170350,1349902929),(268,'1a0943ccc7a26a0ddc4d1d65502fb876',5,'127.0.0.1',1348258159,1348258159),(273,'72872ed900774833e133ef8878952bd9',30,'127.0.0.1',1348601566,1348601566),(288,'eda13b37275436c2e04f953853e8f0d5',28,'127.0.0.1',1348851443,1348851443),(289,'abd76e191c01e5cabe3830a4f3f68800',5,'127.0.0.1',1348853481,1350046593),(294,'2aefeebb0f416febe3ee35bee5f34808',28,'127.0.0.1',1349124978,1349718526),(301,'dfe3bacca55137a5bd60c680a6368887',1,'127.0.0.1',1349279089,1349304263),(303,'4d1cf136aef25d18d140f0dec38e590a',5,'127.0.0.1',1349281191,1350147455),(316,'8e7cef7721a8594d75c9ca2fca05f15e',1,'127.0.0.1',1349977909,1349982600),(320,'36181cefc0d351512cf45768a83549cd',2,'127.0.0.1',1350052587,1350052587),(326,'1dbdcd901b21242ae6459fcea1344a27',5,'127.0.0.1',1350143317,1350143317),(328,'2aa43a3bbf2097226c3946568bd1b384',5,'127.0.0.1',1350153423,1350236677),(331,'466b1dd46589ed462b264d664dd41ff0',28,'127.0.0.1',1350164129,1350316956),(334,'d0c1b1c0ce0f9b4076e39ad49d6d627a',5,'127.0.0.1',1350404739,1350404739),(336,'a25654306954e1ed62c96e7aeb0e6da1',5,'127.0.0.1',1350479131,1351944414),(340,'17636a6a7ea4194cb5a4a53c91ca67fa',31,'127.0.0.1',1350589716,1354737110),(343,'9467867924b371bcb2bbede911b654bb',5,'127.0.0.1',1350741658,1350744284),(346,'da54860ed9a302b6c0a201262b6f606d',28,'127.0.0.1',1350922630,1350922630),(349,'b3f611602e1acf8f8bbac30a4c23161a',5,'127.0.0.1',1351175527,1352926812),(350,'79395d23aaa34f57c91f9f826f4c34cd',5,'127.0.0.1',1351175691,1354220706),(353,'32910a5492ecbad8e2136f9823123436',1,'127.0.0.1',1351281834,1351659282),(363,'ed027aed6d0a64ad2f124e7922e11854',2,'127.0.0.1',1351800718,1352333509),(366,'4ef268227173750af99769112e93d998',5,'127.0.0.1',1351959204,1353505640),(368,'27e39c2f23b8259a7c8e341e8110b3e8',5,'127.0.0.1',1352036071,1352733007),(372,'ca8cc8960a545d2d0fba0d7ff855630a',5,'127.0.0.1',1352205916,1352554729),(382,'f01d15d98dad6264580430d54201c051',1,'127.0.0.1',1353096574,1354914092),(389,'43c4206a2adcec0b5fdaad4de68590fa',5,'127.0.0.1',1353527903,1354718088),(392,'bc8ccf87352f9763f892b76b0b3c5583',5,'127.0.0.1',1353673676,1354711394),(394,'6f2862accefdf7f703b4277947fa833a',5,'127.0.0.1',1353847998,1354141894),(396,'44e64ae3b0e45c42f3e10afc4f676882',5,'127.0.0.1',1354282319,1354282319),(397,'e0b6e068be583a10af1d845fea821a1b',5,'127.0.0.1',1354379474,1354379474),(399,'8e6bf75ee117d7929fc19e577530bac7',5,'127.0.0.1',1354461618,1355069862),(400,'e0f87bff8a681903818148f30f9d4b59',10,'127.0.0.1',1354561688,1354634205),(401,'ce1918a8398204bab7b4f6623375ec3b',5,'127.0.0.1',1354797714,1355324817),(404,'94939ceb6152e658bd1926850cfcd814',2,'127.0.0.1',1354823391,1354827658),(406,'74ea884ca9a0cf54f3502286ce5fb698',2,'127.0.0.1',1354908566,1355235024),(407,'c2feeaa116293c1df129af56d709c6d1',5,'127.0.0.1',1355238170,1355238170),(408,'965bd1b5f044376c3e6416095fdcbb5c',5,'127.0.0.1',1355250786,1355250786),(411,'2d9bd8000341dc1c62ce63f6179892e5',31,'127.0.0.1',1355329122,1355329122),(412,'d9a3deed382c49e21a56880986547ced',1,'127.0.0.1',1355292874,1355321190),(416,'2d8f0023a6d2d22880cb6178fa63ac1e',1,'127.0.0.1',1355383527,1355383527),(417,'110b3481418fabbdb8765cbc289d1ca3',1,'127.0.0.1',1355493862,1355493862),(418,'1c5263136d30cb27f7c4151fa5a04478',1,'127.0.0.1',1355592414,1355592414),(419,'a92c17240668f49c6fca9760723640ec',1,'127.0.0.1',1355662179,1355662179),(421,'18d735518717cd8f1c129ae549e93e6d',1,'127.0.0.1',1355693467,1355693467),(422,'29a5d7b2eea1c60838d0ced9c22fbb4a',1,'127.0.0.1',1355764107,1355764107),(423,'243d69f1de0b38dcf192bd68e23f159c',1,'127.0.0.1',1355775420,1355775420),(424,'2859f6f0013738846efd6f458ff51d90',2,'127.0.0.1',1355776853,1355923857),(425,'415dbcc2b5e7b5d57b395c8bb7d80b8f',1,'127.0.0.1',1355879023,1355879023),(426,'0590eb784fb8a0813c0f572681ce504c',1,'127.0.0.1',1356097939,1356097939),(427,'74ea456b59a8e22b3c3f6905c4faa43b',1,'127.0.0.1',1356114020,1356114020),(428,'0b5587be22f76bdd56da99441565cdeb',1,'127.0.0.1',1356188000,1356188000),(430,'e94f69a6a3d97448a01330c66b205ae9',1,'127.0.0.1',1357029572,1357029572),(431,'d2c12edb0ab0df9e7d2f970fd7087969',1,'127.0.0.1',1357032878,1375933115),(432,'e6ea17b33ba9f9bbfc90943136d1fd4f',1,'127.0.0.1',1357145926,1357145926),(433,'d5d5fb50ded939b3b0986a9cf3a01673',1,'127.0.0.1',1357241297,1357329637),(434,'0dd56554e39d005542bd8e9d3fb79946',2,'127.0.0.1',1357327184,1370008022),(437,'83f0aebee683f210bd16030e2650b50b',2,'127.0.0.1',1359737573,1360273389),(438,'26b2056f8989bb2a27796248c6de8459',2,'127.0.0.1',1360253420,1360787114),(439,'96e532385f84411ec1846284a233036b',1,'127.0.0.1',1360267989,1360267989),(442,'3e3af75bd85775b029a24db2d7a70afa',2,'127.0.0.1',1361281496,1361281496),(444,'670ecddb4f364bd8e48297d59f718f89',1,'127.0.0.1',1361513052,1361513052),(446,'0149129303eff655ad1b7b004f564bdf',1,'127.0.0.1',1361564189,1361564189),(448,'4125143177237a08c3cf685953e29204',1,'127.0.0.1',1362449286,1362449286),(449,'eb941a7c03d38bd635a34aa0fb58d38b',1,'127.0.0.1',1362485258,1362485258),(455,'dedd08e44a36c45b022d20788dcaca0d',1,'127.0.0.1',1362792734,1362792734),(458,'a9583c36e8566d4fc22a20b5598461b0',1,'127.0.0.1',1363016074,1363027000),(459,'a82e59b3e3d4fe78576560569e5dd806',1,'127.0.0.1',1363057625,1363057625),(460,'b26b91a5636d7b2b80d515db8c8b35ab',1,'127.0.0.1',1363142679,1363142679),(462,'3d4797957fced346077f5ef01a18128e',2,'127.0.0.1',1363263974,1363851107),(463,'f6b7ddfe1d76d3ee75e16ac2a7350d6e',1,'127.0.0.1',1363304738,1363304738),(464,'ce93312694478109768fd2388643b1a6',1,'127.0.0.1',1363436864,1363602103),(466,'f4791def071c060e0b0a4c13624a6f38',1,'127.0.0.1',1363733157,1363733157),(467,'7fdb2a9ad9df180059e8d3c08f3919cd',2,'127.0.0.1',1351644569,1364915067),(469,'e380ee9697d07f27191f31e71d8de453',2,'127.0.0.1',1365427236,1365688334),(470,'f46ff329f8775726ab1235ce1cea9723',1,'127.0.0.1',1365685055,1365685055),(476,'577b1971ccc552592abdb7c63b66d02c',1,'127.0.0.1',1366403151,1366403151),(477,'97616d58a935e2ac58cd80988cb128b2',1,'127.0.0.1',1366657509,1366658611),(478,'60c7bcd5e32d19bcbac3d6ca448fcac3',1,'127.0.0.1',1366830071,1366830071),(479,'d9c0c5abf5f3fad149ec20c73d6e2e8a',2,'127.0.0.1',1366987994,1367510508),(480,'f049239313516720b1150dbb9cf778af',1,'127.0.0.1',1367275544,1367337429),(482,'8c60a6856befc65f94bced8fc59acccc',1,'127.0.0.1',1367861320,1367861320),(483,'ec1fa16324eaebbf0d25e8b6b26422d9',1,'127.0.0.1',1367943800,1367980472),(486,'1d7038bcde842f7a31f111b81800a908',1,'127.0.0.1',1367967747,1367967747),(487,'0c617f381f67c761b74bef145b7e5b26',1,'127.0.0.1',1368036392,1368051244),(488,'80750977d72a4b2c7a357f15f2d8048f',1,'127.0.0.1',1368056446,1368056446),(496,'1cc2138a3f1687ca446b7abd017f265c',1,'127.0.0.1',1368211721,1368702277),(498,'26598d40745e310c379250a0cbcf1c4b',1,'127.0.0.1',1368221660,1368540015),(500,'145babcb16496f9ba3188c0ba24ce685',2,'127.0.0.1',1368614530,1368698389),(501,'dabb6c5f66f070dad30207c907867318',2,'127.0.0.1',1368702275,1368771450),(502,'f469fdea0b338716c4cc0c79889c8592',1,'127.0.0.1',1368702791,1368816763),(503,'1f5b552492459fbc077e8a94f684fab5',1,'127.0.0.1',1368708192,1368708192),(504,'da8e890dc6987ddf89e6a18d201e0503',1,'127.0.0.1',1368713554,1369123557),(505,'eeee6c9f95b3f2b0af65937e03402a00',1,'127.0.0.1',1368781004,1368781004),(508,'b56122a0daaa5dcc391d6aa5db9c1f1f',2,'127.0.0.1',1368796369,1368802645),(510,'bbef6f94c0c4d99a501858a7260fd6f7',4,'127.0.0.1',1368810490,1368810490),(511,'98df5c952ba2573a744c522a5e730be1',1,'127.0.0.1',1368811304,1368811304),(512,'e91bd08dae74061ed769baf50520afc4',1,'127.0.0.1',1368813485,1368813485),(515,'6dd77e5f7b55a4af1d0b6f4a3377eefb',1,'127.0.0.1',1369133940,1369133940),(518,'97fa61fc7a19da65ca7a155c9386caad',2,'127.0.0.1',1369588469,1369588469),(519,'c6c419a66d3ea8e996e5fa0c3a0c16e3',2,'127.0.0.1',1369588606,1369588606),(520,'89b01e5fe2dcbac5ddd07685bf2664f5',2,'127.0.0.1',1369725818,1370533137),(522,'c75d28ed1523ad60815632747a6be262',1,'127.0.0.1',1369926247,1369926247),(523,'9cb88fa165cba6e16a51ed61e88d1e79',1,'127.0.0.1',1370009875,1370009875),(524,'67feb77bd26d456abc0e3c3404eb4663',4,'127.0.0.1',1370550871,1370556017),(527,'15fa6290844e94dc8896cb8a1b4da677',1,'127.0.0.1',1370935258,1370935258),(535,'7d6b444510c48f1035eacbbedcc8adb6',1,'127.0.0.1',1375112522,1376321637);
/*!40000 ALTER TABLE `sesiones` ENABLE KEYS */;
UNLOCK TABLES;

--
-- Table structure for table `sucursal`
--

DROP TABLE IF EXISTS `sucursal`;
/*!40101 SET @saved_cs_client     = @@character_set_client */;
/*!40101 SET character_set_client = utf8 */;
CREATE TABLE `sucursal` (
  `id` int(10) unsigned NOT NULL AUTO_INCREMENT,
  `nombre` varchar(70) COLLATE utf8_unicode_ci NOT NULL,
  `predeterminado` char(1) COLLATE utf8_unicode_ci DEFAULT 'N',
  PRIMARY KEY (`id`),
  KEY `predeterminado` (`predeterminado`)
) ENGINE=InnoDB AUTO_INCREMENT=4 DEFAULT CHARSET=utf8 COLLATE=utf8_unicode_ci;
/*!40101 SET character_set_client = @saved_cs_client */;

--
-- Dumping data for table `sucursal`
--

LOCK TABLES `sucursal` WRITE;
/*!40000 ALTER TABLE `sucursal` DISABLE KEYS */;
INSERT INTO `sucursal` VALUES (1,'EL CLUB','S'),(2,'RESERVAS','S'),(3,'PAYANDE BOGOTA','S');
/*!40000 ALTER TABLE `sucursal` ENABLE KEYS */;
UNLOCK TABLES;

--
-- Table structure for table `usuarios`
--

DROP TABLE IF EXISTS `usuarios`;
/*!40101 SET @saved_cs_client     = @@character_set_client */;
/*!40101 SET character_set_client = utf8 */;
CREATE TABLE `usuarios` (
  `id` int(10) unsigned NOT NULL AUTO_INCREMENT,
  `sucursal_id` int(10) unsigned NOT NULL,
  `login` varchar(32) COLLATE utf8_unicode_ci NOT NULL,
  `clave` char(40) COLLATE utf8_unicode_ci NOT NULL,
  `clave_corta` char(40) COLLATE utf8_unicode_ci DEFAULT NULL,
  `fingerprint` char(48) COLLATE utf8_unicode_ci DEFAULT NULL,
  `apellidos` varchar(50) COLLATE utf8_unicode_ci DEFAULT NULL,
  `nombres` varchar(50) COLLATE utf8_unicode_ci NOT NULL,
  `nombre_completo` varchar(100) COLLATE utf8_unicode_ci NOT NULL,
  `email` varchar(70) COLLATE utf8_unicode_ci DEFAULT NULL,
  `genero` char(1) COLLATE utf8_unicode_ci NOT NULL,
  `usuarios_front_id` int(10) unsigned DEFAULT NULL,
  `usuarios_pos_id` int(10) unsigned DEFAULT NULL,
  `clave_fecha` date DEFAULT NULL,
  `creado_at` datetime DEFAULT NULL,
  `estado` char(1) COLLATE utf8_unicode_ci NOT NULL,
  PRIMARY KEY (`id`),
  UNIQUE KEY `login` (`login`),
  KEY `fingerprint` (`fingerprint`)
) ENGINE=InnoDB AUTO_INCREMENT=32 DEFAULT CHARSET=utf8 COLLATE=utf8_unicode_ci;
/*!40101 SET character_set_client = @saved_cs_client */;

--
-- Dumping data for table `usuarios`
--

LOCK TABLES `usuarios` WRITE;
/*!40000 ALTER TABLE `usuarios` DISABLE KEYS */;
INSERT INTO `usuarios` VALUES (1,1,'admin','b0ff352b0d5b5f03099ac58bf39d91c0fab141d4',NULL,'43FE81B0994019ED811355170AB7CF3FFA1F1D9F35999685','Solution','Administrador','ADMINISTRADOR SOLUTION','admin@bhteck.com','M',1,0,'2010-07-05','2010-07-05 00:21:51','A');
/*!40000 ALTER TABLE `usuarios` ENABLE KEYS */;
UNLOCK TABLES;
/*!40103 SET TIME_ZONE=@OLD_TIME_ZONE */;

/*!40101 SET SQL_MODE=@OLD_SQL_MODE */;
/*!40014 SET FOREIGN_KEY_CHECKS=@OLD_FOREIGN_KEY_CHECKS */;
/*!40014 SET UNIQUE_CHECKS=@OLD_UNIQUE_CHECKS */;
/*!40101 SET CHARACTER_SET_CLIENT=@OLD_CHARACTER_SET_CLIENT */;
/*!40101 SET CHARACTER_SET_RESULTS=@OLD_CHARACTER_SET_RESULTS */;
/*!40101 SET COLLATION_CONNECTION=@OLD_COLLATION_CONNECTION */;
/*!40111 SET SQL_NOTES=@OLD_SQL_NOTES */;

-- Dump completed on 2013-08-21 12:50:26
